title_dense_similarity,abstract_dense_similarity,problem_dense_similarity,objectives_dense_similarity,methodology_dense_similarity,dataset_dense_similarity,algorithm_dense_similarity,technology_dense_similarity,expert_similarity_label
0.12671584,0.32373255,0.27680197,0.5314161,0.45439246,0.17608269,0.2117667,0.82368505,0.0
0.18658322,0.39151484,0.39087898,0.55480963,0.5296198,0.44838932,0.23263696,0.34481212,0.0
0.058229297,0.44713962,0.24748418,0.5353142,0.5754386,0.0783663,0.1577716,0.25249904,0.0
0.226056,0.3154482,0.5219674,0.67012554,0.4556765,0.3869536,0.33964914,0.35534614,0.0
0.83719265,0.86028755,1.0,1.0,0.31490907,1.0000001,1.0000001,0.36829793,3.0
0.9165931,0.91727793,1.0,1.0,0.5754386,1.0000001,1.0000001,0.26416042,3.0
0.12907474,0.27328336,0.46759033,0.55956155,0.26874602,0.03870055,0.33964914,0.36922672,0.0
-0.048124723,0.18714714,0.17070116,0.4089886,0.4360875,0.08457676,0.11788155,0.26758543,0.0
0.81098664,0.94463515,1.0,1.0,0.55272484,1.0,1.0000001,0.9999999,3.0
0.510465,0.55178195,0.46268582,0.6113454,0.45567653,0.3169802,1.0000001,0.26287922,0.0
0.18764958,0.31152374,0.42729717,0.6087969,0.39837074,0.1793789,0.22620225,0.074028715,0.0
0.48229223,0.5196107,0.6977068,0.8055086,0.55333304,1.0,0.36969715,0.074028715,4.0
0.9681976,0.7665794,1.0,1.0,0.43357915,1.0000001,1.0000001,0.33277,2.0
0.06733438,0.25913167,0.19690672,0.51305866,0.26874602,0.045618236,0.29510218,0.3481918,0.0
0.9310224,0.8577113,1.0000001,1.0,0.4556765,1.0,1.0000001,0.37943572,2.0
0.93466735,0.8624321,0.9999999,1.0000001,0.34442002,1.0,1.0,0.26758543,2.0
0.9284131,0.88006705,1.0000002,1.0,0.43357915,1.0000001,1.0,0.7596801,2.0
0.8509874,0.7162869,1.0000001,1.0000001,0.55333304,1.0,1.0000001,0.32016635,4.0
0.90416616,0.8441704,1.0,0.99999994,0.55272484,1.0000002,1.0000001,0.046457622,3.0
0.93145144,0.8055105,0.9999999,1.0000001,0.41828626,1.0,1.0,0.26792854,3.0
0.95695883,0.99999994,1.0000001,1.0,0.5754386,1.0,1.0,0.7522148,2.0
0.5057435,0.5401379,0.6977068,0.8055086,0.43357915,1.0,0.36969715,0.32548708,2.0
0.9376503,0.945137,1.0,1.0,0.34441996,1.0,1.0,0.4901057,3.0
0.86109537,0.8693289,1.0,1.0,0.45439246,1.0000001,1.0,0.41795135,4.0
0.23075245,0.43593997,0.40876478,0.5946676,0.4706549,0.32454997,0.36969715,0.4100486,0.0
0.07801556,0.4151562,0.31354764,0.48383033,0.32253432,0.38540697,0.23263696,0.23893513,0.0
0.11808443,0.5349208,0.25509882,0.47765607,0.39892256,0.11601758,0.11534762,0.066766,0.0
0.5023301,0.4443425,0.5236163,0.670569,0.3559913,0.046236508,1.0,0.8155047,0.0
0.89342,0.73893046,0.99999994,1.0,0.55272484,1.0,1.0,0.071400754,3.0
0.9614928,0.9340157,1.0,1.0,0.4706549,1.0,1.0,0.4456833,2.0
-0.045095958,0.20314997,0.108081795,0.3954484,0.39837074,0.21127287,0.360922,0.28248125,0.0
0.94231606,0.81620514,1.0,1.0,0.26874602,1.0000001,1.0000001,-0.03935621,1.0
0.054727904,0.29292804,0.28215337,0.43900108,0.4360875,0.04394047,0.1217764,0.26865232,0.0
0.9526712,0.9289745,1.0000001,1.0,1.0000002,1.0,1.0000001,0.29381585,2.0
0.10448562,0.25859824,0.31579724,0.4456641,0.37660405,0.28389025,0.23595501,0.34509924,0.0
0.21308684,0.65895796,0.3599269,0.6350756,0.45439246,0.16744213,0.2956029,0.28477052,0.0
0.15427892,0.436735,0.4012529,0.5974442,0.39892256,0.05787397,0.34463084,0.3439222,0.0
0.49528474,0.5863172,0.6977068,0.8055086,0.46512017,1.0,0.36969715,0.26416042,1.0
0.9175321,0.85206866,1.0,1.0000001,0.30736482,1.0,1.0,0.2159991,4.0
0.9235248,0.905112,1.0000002,1.0,1.0000001,1.0,1.0,0.30420148,3.0
0.06053687,0.27979177,0.2400713,0.49461806,0.34441996,0.0066492893,0.34463084,0.41004872,0.0
0.83216876,0.84064186,1.0000002,1.0,0.55272484,1.0,1.0,0.3481918,3.0
1.0,0.8582629,1.0000001,0.9999999,0.3852564,1.0,1.0,0.37354594,3.0
0.103110164,0.34540337,0.4012529,0.5974442,0.30736488,0.057873987,0.34463084,0.43019584,0.0
0.064788446,0.25406092,0.31802058,0.4610514,0.4360875,0.30679506,0.24090596,0.26758543,0.0
0.93031025,0.878684,1.0,1.0000001,0.41828626,1.0000001,1.0000001,0.30487594,3.0
0.9308005,0.9109402,1.0000001,1.0,0.5256206,1.0,1.0000001,0.48152423,2.0
0.8789059,0.95944196,1.0,1.0,0.5112469,1.0000002,1.0,1.0000001,3.0
0.13074306,0.45742443,0.34950137,0.49655902,0.4483546,0.0691079,0.34463084,1.0000001,0.0
0.16570678,0.30480146,0.30041456,0.393591,0.34441996,0.28501645,0.32592627,0.299334,0.0
0.064080656,0.21564716,0.24912453,0.51521766,1.0,0.0786598,0.051014528,0.10526821,0.0
0.18245304,0.4794008,0.37967676,0.61796474,0.37660405,0.18490632,0.22620225,0.3872311,0.0
0.29201153,0.48504084,0.42756844,0.6366217,0.46512017,0.32455003,0.36969715,0.5331073,0.0
0.89314115,0.8783016,0.99999994,0.9999999,0.4398378,1.0,1.0000001,0.10542542,3.0
1.0,0.9024799,1.0,1.0000001,0.3852564,1.0,1.0,0.32906568,3.0
0.8946321,0.8626285,1.0,1.0000001,0.55333304,1.0,1.0,0.049851146,4.0
0.8057805,0.8585229,1.0,1.0000001,0.4071756,0.99999994,1.0,0.28545144,2.0
0.8111948,0.7545451,1.0,1.0,0.268746,1.0,1.0000001,0.32906568,3.0
0.0883462,0.38967818,0.24635278,0.4002596,0.26874602,0.10952671,0.42110777,0.3448121,0.0
0.9082957,0.959757,1.0,1.0,0.39837074,1.0,1.0,0.3636563,4.0
-0.022622174,0.33666238,0.2286784,0.47166,0.4556765,0.09952273,0.117881544,0.41795135,0.0
1.0,0.6538297,1.0000001,0.9999999,0.45439246,1.0,1.0,0.0648841,4.0
0.17589305,0.25571677,0.5219674,0.67012554,0.43357915,0.38695368,0.33964914,-0.033832975,0.0
0.38463426,0.48269632,0.30925512,0.5026873,0.30736488,0.15416963,1.0,0.14297426,1.0
0.2965169,0.45137328,0.2734532,0.48753032,0.3559913,-0.0020789308,1.0,0.42510968,0.0
0.20785671,0.5519279,0.27242517,0.5494088,0.45439246,0.10973179,0.20826524,0.24866715,0.0
0.30363172,0.44040257,0.48514402,0.65817034,1.0,0.21274829,0.33982134,0.14076346,0.0
0.89501107,0.87474185,1.0000002,1.0,0.45439246,1.0000001,1.0,0.45598447,3.0
0.95745414,0.8300631,0.9999999,1.0000001,0.40717554,1.0,1.0,0.18435238,4.0
0.17102057,0.19028533,0.30582947,0.47083378,0.55333304,0.4260952,0.32592627,0.14139035,0.0
0.9091773,0.876876,1.0,1.0,0.40717554,1.0000002,1.0,0.41592926,3.0
0.60667735,0.5279243,0.5236163,0.670569,1.0000001,0.046236508,1.0,0.010120068,0.0
0.8830711,0.7737498,1.0,1.0000001,0.34441996,1.0000001,1.0000001,0.25810048,2.0
0.7248275,0.7666416,1.0000001,1.0000001,0.2953564,1.0,1.0000001,0.4387716,3.0
0.9070138,0.8934066,1.0,1.0,0.26874602,1.0,1.0,0.45609635,3.0
0.48610088,0.5839401,0.6977068,0.8055086,0.5112469,1.0000001,0.36969715,0.480075,2.0
0.4546348,0.64963174,0.6977068,0.8055086,0.45439246,1.0000001,0.36969715,0.27691275,2.0
0.9256375,0.89994645,1.0,1.0,0.4483546,1.0000002,1.0,0.3661881,2.0
-0.062691845,0.19320777,0.25942948,0.45433825,0.39837074,0.16484451,0.16697864,0.368298,0.0
0.90857875,0.8745111,1.0000001,0.9999999,0.71574616,1.0,1.0,0.69707763,3.0
0.44256407,0.5238805,0.6977068,0.8055086,0.432464,1.0,0.36969715,0.10040698,3.0
0.23139164,0.35772943,0.42756844,0.6366217,0.55272484,0.32455003,0.3696972,0.35534614,0.0
0.09540953,0.2958998,0.2286784,0.47166,0.5659551,0.09952273,0.117881544,0.48152423,0.0
0.05527076,0.15310875,0.24912453,0.51521766,0.37660405,0.0786598,0.051014528,0.40910012,0.0
0.5407481,0.49977928,0.5090931,0.70937616,0.40647385,0.16744219,1.0,-0.022529328,0.0
0.9487436,0.83857477,0.99999994,0.9999999,1.0,1.0,1.0000001,0.23244068,1.0
0.82571054,0.8381794,1.0,1.0,0.55272484,1.0000001,1.0,0.4560963,4.0
0.9163727,0.7933068,1.0000002,1.0,0.37660405,1.0000001,1.0,0.34575438,3.0
-0.0029875394,0.21650249,0.2286784,0.47166,0.432464,0.09952273,0.117881544,0.2554379,0.0
0.8108709,0.8345108,1.0,1.0,0.6080557,1.0000001,1.0,0.4387716,2.0
0.896247,0.92215466,0.99999994,1.0,0.40647385,1.0,1.0,0.45699638,4.0
0.077745415,0.3483135,0.29945824,0.5845369,0.4071756,0.16072917,0.16786185,0.480075,0.0
0.77028346,0.9044908,1.0000001,1.0000001,1.0,1.0,1.0000001,0.19469394,2.0
0.24125478,0.36842686,0.4498425,0.6094868,0.45567653,0.06293919,0.22620225,0.26287916,0.0
0.1139823,0.2590158,0.27207685,0.41485333,0.30736482,0.29184896,0.114486486,0.3280713,0.0
0.18668066,0.4499007,0.44168526,0.61230206,1.0,0.29240194,0.36969715,0.34545612,0.0
0.8658986,0.75935227,1.0000001,1.0000001,0.4556765,1.0,1.0000001,0.34575453,3.0
0.95683604,0.8749045,1.0,1.0,0.4556765,1.0,1.0,0.28712094,4.0
0.9163728,0.8767185,1.0000002,1.0,0.55272484,1.0000001,0.9999999,0.51565516,1.0
0.9169847,0.921184,0.99999994,1.0,0.39837074,1.0000001,1.0,0.26758543,1.0
0.14192016,0.3410273,0.26709318,0.50259167,0.5659551,0.290445,0.17025715,0.3280713,0.0
0.27449423,0.31214452,0.39418846,0.5958737,0.5112469,0.04549759,0.36969715,0.82925284,0.0
0.86620593,0.86869943,1.0000002,1.0,0.32253432,1.0000001,1.0,0.4387716,3.0
0.0325157,0.41971016,0.28592667,0.5191309,0.5112469,0.0456183,0.1217764,0.23341814,0.0
0.8749681,0.95762086,1.0,1.0,0.558216,1.0000001,1.0,0.51565516,4.0
0.13517104,0.25634187,0.3452778,0.5431422,0.4398378,0.3782808,0.33982134,0.0689341,0.0
0.18593991,0.33081108,0.31688654,0.52392316,0.4706549,0.3474036,0.34463084,0.3477045,0.0
0.2248024,0.32127878,0.28930217,0.5253725,0.31490907,0.21398818,0.36969715,0.36193597,0.0
0.9387755,0.751775,1.0,1.0,0.31490907,1.0000002,1.0000001,0.24563527,3.0
0.9281306,0.94612384,0.9999999,1.0000001,0.40647385,1.0,1.0,0.26758543,2.0
0.83905876,0.9350406,1.0,1.0,0.34441996,1.0,1.0,0.3508431,2.0
0.82767785,0.80092055,0.99999994,0.9999999,0.40647385,1.0,1.0000001,0.04591631,3.0
0.15477435,0.29786056,0.32747728,0.5042012,0.39837074,0.11532871,0.360922,0.3922518,1.0
0.16851485,0.3065673,0.3258315,0.53031194,0.4818779,0.43760794,0.29510218,0.27512532,0.0
0.8659334,0.8427439,1.0,1.0000001,0.32253432,1.0,1.0,0.10418082,2.0
0.12214128,0.31565505,0.26709318,0.5025917,1.0000001,0.290445,0.17025715,0.23893513,0.0
0.38675556,0.45434588,0.2870298,0.54764926,0.39892256,0.25207418,1.0,0.29430854,0.0
0.880361,0.9532869,1.0,1.0000001,0.3559913,1.0000001,1.0000001,0.34637472,3.0
0.05871846,0.24325918,0.32732022,0.56444705,1.0,0.34313983,0.17025715,0.24893004,0.0
0.911109,0.936373,1.0,1.0,0.45439246,1.0,1.0,0.4216482,3.0
0.14864574,0.41594332,0.37967676,0.61796474,0.4818779,0.18490632,0.22620225,0.46156108,0.0
0.31269452,0.28894776,0.26954365,0.498812,0.31490907,-0.0020789308,1.0,0.119472966,0.0
0.85772413,0.6957471,1.0000001,1.0000001,0.51124686,1.0,1.0000001,0.3339054,1.0
0.83111274,0.9182711,1.0000001,1.0000001,1.0,1.0,1.0000001,-0.059279382,2.0
0.13191342,0.3424976,0.2869972,0.54927766,0.71574616,0.3012904,0.36969715,0.27512532,0.0
0.8768046,0.9999998,0.9999999,1.0000001,0.558216,1.0,1.0,0.7522148,3.0
0.045407575,0.35788035,0.28387547,0.4167172,0.45567653,0.01668911,0.22447549,0.29381585,0.0
1.0000002,1.0,1.0,1.0000002,0.4483546,1.0,1.0,0.4193282,2.0
0.117594354,0.29175544,0.19690672,0.51305866,0.32253432,0.0456183,0.29510218,-0.017849598,0.0
0.03780941,0.20573956,0.26707646,0.48373944,0.29535645,0.11862859,0.16697864,0.4362871,0.0
0.86620593,0.87356347,1.0000002,1.0,0.32253432,1.0,1.0,0.35799563,3.0
0.009583871,0.22052984,0.2286784,0.47166,0.40717554,0.099522755,0.117881544,0.48497993,0.0
0.865294,0.84793425,1.0000001,0.9999999,0.4483546,1.0,1.0,0.17481785,1.0
0.13282612,0.34827465,0.40079737,0.6010023,0.432464,0.092878655,0.1577716,0.24893007,0.0
0.8777114,0.87718457,1.0,1.0,0.29535645,1.0000001,1.0,0.43174052,1.0
0.78830475,0.85419905,1.0000002,1.0,0.41828632,1.0,0.9999999,0.54221153,3.0
0.83216876,0.81308925,1.0000002,1.0,0.55272484,1.0000001,1.0,-0.017849598,3.0
0.91858995,0.8375054,1.0,1.0,0.3559913,1.0000001,1.0000001,0.10310209,3.0
0.07622367,0.26096648,0.34678954,0.59981084,0.39837086,0.34313992,0.360922,0.29390374,0.0
0.16845989,0.5185585,0.42998868,0.532283,0.46512017,0.3229963,0.2060901,1.0,0.0
0.9234936,0.8027775,1.0000001,1.0,0.3559913,1.0,1.0000001,0.36829793,3.0
0.91041267,0.80256206,1.0,1.0000002,0.29535645,1.0000001,1.0,0.3253179,1.0
0.7977787,0.7100544,1.0,1.0,0.40717554,1.0,1.0,0.046755273,2.0
0.9234775,0.9745089,1.0,1.0,0.4071756,1.0,1.0000001,0.3669176,3.0
0.2585352,0.40057617,0.44168526,0.61230206,0.47065482,0.29240194,0.36969715,0.13759975,0.0
0.80075294,0.97952497,1.0,1.0,0.71574616,0.99999994,1.0,0.34192753,4.0
0.9260168,0.8434106,0.99999994,0.9999999,0.4360875,1.0,1.0000001,0.4741698,3.0
0.94649035,0.90193444,1.0,1.0,0.43608752,1.0,1.0,0.28712094,3.0
0.8951389,0.8980005,1.0,1.0,0.29535645,1.0000002,1.0,0.2745079,4.0
0.052914765,0.23276347,0.28215337,0.43900108,0.4360875,0.04394047,0.12177644,0.46391454,0.0
0.9368037,0.8385825,0.99999994,0.9999999,0.4398378,1.0,1.0000001,0.2827658,3.0
0.951823,0.89778185,1.0,1.0,0.40647385,1.0,1.0,0.44822967,3.0
0.2721701,0.47888857,0.29674298,0.5235077,0.30736482,0.589694,0.36969715,0.3481918,0.0
0.9146606,0.8807153,1.0,1.0,0.32253432,1.0000001,1.0,0.44628108,2.0
0.4972609,0.5781217,0.4799455,0.62848735,0.37660405,0.08390109,1.0,0.4456833,0.0
0.12505159,0.3283623,0.25891122,0.44339937,0.37660405,0.27184755,0.34463084,0.1983075,0.0
0.79927385,0.9082003,1.0,1.0,0.29535645,1.0000001,1.0,0.4560963,1.0
1.0,0.67774326,1.0,1.0,0.558216,1.0000002,1.0000001,0.12556192,3.0
0.10527784,0.50709856,0.30075136,0.54115534,0.34441996,0.35492122,0.29510218,0.3049814,1.0
0.96360815,0.842339,0.9999999,1.0000001,0.39837086,1.0,1.0,0.36077708,3.0
0.0009918977,0.20602745,0.25942948,0.45433825,0.558216,0.16484451,0.16697864,0.48497993,0.0
0.119614735,0.18850404,0.18137243,0.41683495,0.4651202,0.13819778,0.23595501,0.35683668,0.0
0.91495115,0.8412788,1.0,1.0,0.55272484,1.0,1.0000001,0.10031881,3.0
0.87585795,0.8683001,1.0000001,1.0,0.45439246,1.0000001,1.0000001,0.368298,1.0
0.82730246,0.84413767,1.0,1.0000001,0.3852564,0.99999994,1.0,0.2044552,2.0
0.87816423,0.8027965,1.0,0.99999994,0.55272484,1.0000002,1.0000001,0.6356957,3.0
1.0000002,0.77809477,1.0,1.0000001,0.6080557,1.0,1.0,0.28997612,2.0
0.8687638,0.8294534,1.0,1.0000001,0.29535645,1.0,1.0,0.41055667,3.0
0.31449795,0.33314455,0.14683986,0.41635793,0.58956575,0.28639913,1.0,0.35991138,0.0
0.86627036,0.897246,1.0,1.0000002,1.0,1.0,1.0,0.13759983,3.0
0.07545084,0.28079057,0.30416846,0.45900017,0.4556765,0.5049076,0.050903037,0.27549565,0.0
0.15961647,0.41845584,0.2828265,0.42528993,0.5112469,0.109626,0.36969715,0.15374845,0.0
-0.041594326,0.23675333,0.1764128,0.39397675,0.34441996,0.3151256,0.29419425,0.4338043,0.0
0.9252541,0.89651364,1.0000001,1.0,0.4706548,1.0,1.0000001,0.3011943,3.0
0.020024262,0.28177336,0.23302242,0.44944972,0.4483546,0.13389738,0.23263696,0.26792857,0.0
0.17189799,0.24967034,0.25584775,0.5347157,0.32253432,0.18584827,0.22620225,0.26792857,0.0
0.81098676,0.8688549,1.0,1.0,0.4064738,1.0,1.0000001,0.5622984,3.0
0.099857435,0.25438103,0.25832576,0.45968503,0.58956575,0.306795,0.29510218,0.480075,0.0
0.9088834,0.80159914,1.0,1.0,0.58956575,1.0,1.0,0.2887656,1.0
0.21069579,0.5188162,0.4949477,0.6387526,0.43357915,0.6400837,0.12177644,0.27549562,0.0
0.9367134,0.6664653,1.0,1.0,0.5296198,1.0000002,1.0000001,0.11947301,1.0
0.92820746,0.78828704,0.9999999,1.0000001,1.0000001,1.0,1.0,0.0450882,1.0
0.81594217,0.8458168,1.0,1.0,0.39892256,1.0,1.0,0.2159991,2.0
0.11280257,0.26604345,0.37325487,0.571557,1.0,0.06502896,0.2562733,0.23244068,0.0
0.22193855,0.46862787,0.49876294,0.6530659,0.58900136,0.5358374,0.23263696,0.33937234,0.0
0.22603017,0.43464267,0.45176926,0.60380423,0.41828632,0.016146723,0.20826524,0.063827336,0.0
0.8205144,0.7364076,1.0000001,0.9999999,0.45439246,1.0,1.0,0.2933988,1.0
0.1445702,0.36852396,0.38659558,0.6332185,0.58900136,0.2788268,0.36969715,0.12421048,0.0
0.4334466,0.41525155,0.5223072,0.70536685,0.432464,0.43277085,0.36969715,0.35881388,0.0
0.4202741,0.6229261,0.6977068,0.8055086,0.58900136,1.0,0.36969715,0.2614463,3.0
0.17278472,0.29203576,0.28981066,0.44579548,0.46512017,0.1733189,0.36969715,0.4216482,0.0
0.9443599,0.87138677,1.0000001,1.0,0.43983787,1.0,1.0000001,0.4216482,2.0
0.9215547,0.77820474,1.0000001,1.0,0.46512017,1.0000002,1.0,0.0689341,4.0
0.88253975,0.8097828,1.0,1.0000002,0.40647385,1.0,1.0,0.004283093,2.0
0.36370093,0.5985413,0.30925512,0.5026873,0.6080557,0.15416963,1.0,0.3020517,0.0
0.24076271,0.34290576,0.37730783,0.55930626,0.58900136,0.098204,0.27592617,0.28712094,0.0
0.116252966,0.38139215,0.36535037,0.5339131,0.3852564,0.30331403,0.30226368,0.5622984,0.0
0.91575783,0.8472725,1.0000002,1.0,0.39837074,1.0000001,1.0,0.19469394,1.0
0.17688411,0.40385354,0.4007666,0.5354778,0.43983787,0.32299632,0.22447549,0.066766,0.0
0.092518896,0.345671,0.30041456,0.393591,0.43357915,0.28501645,0.32592618,0.3607095,1.0
0.11911767,0.2868467,0.31325668,0.43446672,0.39837086,0.022270147,0.117881544,0.5622984,0.0
0.88945043,0.90299094,0.99999994,0.9999999,0.558216,1.0,1.0000001,-0.07876809,2.0
0.18129094,0.3556839,0.32973143,0.46312076,0.4360875,0.22215329,0.33964914,0.2538785,0.0
0.4855944,0.6207615,0.6977068,0.8055086,0.31490907,1.0,0.36969715,0.34862697,1.0
0.1672289,0.28884035,0.27235767,0.5300844,0.5296198,0.115213156,0.20826524,0.4338043,0.0
0.9334307,0.9060232,1.0,1.0000001,0.4360875,1.0,1.0000001,0.4362871,1.0
0.89262915,0.6841904,1.0000001,0.9999999,0.43357915,1.0,1.0,0.5345298,4.0
0.9118315,0.9685753,1.0,1.0,0.71574616,1.0,1.0000001,0.4235767,4.0
0.05763858,0.44261253,0.19690672,0.51305866,0.5754386,0.045618236,0.29510218,1.0,0.0
-0.012752339,0.21884787,0.32585806,0.5469179,0.4556765,0.10966986,0.1577716,0.27450788,0.0
0.8772627,0.870293,1.0,1.0000001,0.4706549,1.0,1.0,0.2614463,4.0
0.15684235,0.3123052,0.40305942,0.61431754,0.5112469,0.0815316,0.1217764,0.3342719,0.0
0.88008094,0.84830654,0.99999994,1.0,0.30736482,1.0000001,1.0,0.34204847,3.0
0.20201132,0.41658646,0.42729717,0.6087969,0.39837074,0.1793789,0.22620225,0.09710349,0.0
0.268024,0.39394492,0.29674298,0.5235077,0.4818779,0.589694,0.36969715,0.50430405,0.0
0.83905876,0.81864613,1.0,1.0,0.41828632,1.0,1.0,0.23308325,1.0
-0.017221777,0.20492435,0.28695205,0.47001037,0.47065482,0.15149507,0.16697864,0.50430405,0.0
0.35527068,0.4044547,0.41243306,0.62340474,0.55333304,0.30855718,1.0,0.08400017,0.0
0.5869493,0.7043477,0.7289587,0.80321276,0.5256206,0.38695368,1.0000001,0.99999994,0.0
0.8456485,0.7442953,1.0,1.0,0.41828626,1.0000001,1.0000001,0.31443113,1.0
0.17752248,0.29425216,0.5219674,0.67012554,0.43983787,0.38695368,0.33964914,0.8155047,0.0
0.83472717,0.9612457,1.0,1.0,1.0000001,1.0000001,1.0,0.41564944,3.0
0.91544235,0.8342184,1.0,1.0,0.45567653,1.0000001,1.0000001,0.41055667,2.0
0.34631974,0.48087788,0.46269962,0.5899266,0.58900136,0.03594069,0.5211027,0.3752967,0.0
0.116176486,0.23830423,0.31802058,0.46105132,0.4818779,0.30679506,0.24090596,0.35534614,0.0
0.48323625,0.58130413,0.6977068,0.8055086,0.41828626,1.0,0.36969715,0.4520494,4.0
0.8906601,0.8294402,0.99999994,1.0,0.40647385,1.0,1.0,-0.03935621,3.0
0.272954,0.48220563,0.47139454,0.6609851,0.558216,0.13030137,0.2956029,0.040052302,0.0
0.9056718,0.76009774,1.0,0.99999994,0.432464,1.0000002,1.0000001,0.56882894,3.0
0.8732584,0.74485886,0.99999994,1.0,0.39837086,1.0000001,1.0,0.09368217,2.0
0.46389115,0.7158992,0.6977068,0.8055086,0.4483546,1.0,0.36969715,0.3374681,2.0
0.12250782,0.32183033,0.44116342,0.6237925,0.5296198,0.15460788,0.07367286,0.37851205,1.0
0.08263699,0.16592224,0.21563017,0.47523767,0.4651202,0.104241654,0.07367286,0.5993047,0.0
0.14400211,0.3175913,0.37751365,0.47655052,0.5112469,0.024819652,0.4017225,0.2782482,0.0
0.93682206,0.9084967,1.0000001,1.0,0.32253432,1.0,1.0000001,0.4338043,2.0
0.021483764,0.25868338,0.26436827,0.4920919,0.5112469,0.33811516,0.16786185,0.47158292,0.0
0.091926105,0.3286556,0.33438382,0.5393954,0.34442002,0.34290934,0.1217764,0.32538858,0.0
0.09840208,0.3929167,0.28592667,0.5191309,0.71574616,0.045618318,0.12177644,0.40910012,0.0
0.6974839,0.8105133,1.0000001,1.0000001,0.58900136,1.0,1.0000001,0.27549562,3.0
0.88820714,0.9616391,1.0,1.0,0.3559913,1.0000001,1.0000001,0.26758543,2.0
0.09983137,0.37930208,0.24613065,0.5120658,0.39892256,0.10973179,0.20826524,0.44822967,0.0
0.7309664,0.78330815,1.0,1.0000001,0.37660405,1.0,1.0,0.3012424,3.0
0.8618999,0.8599341,1.0,1.0,0.4360875,0.99999994,1.0,0.23308325,3.0
0.6948409,0.7616998,1.0000001,1.0000001,0.268746,1.0,1.0000001,0.10765773,3.0
0.88839066,0.947917,1.0,1.0000001,0.5659551,1.0,1.0,0.40014625,4.0
0.75890625,0.7797226,1.0,1.0,1.0,1.0,1.0,0.08400017,1.0
0.47417408,0.45245522,0.42461073,0.60600245,0.5296198,0.0024289908,1.0000001,0.3481918,0.0
0.8749681,0.95762086,1.0,1.0,1.0,1.0000001,1.0,0.5622984,4.0
1.0000001,0.8196497,1.0,1.0,0.558216,1.0000002,1.0000001,0.2047317,2.0
0.83582556,0.77743304,1.0,1.0,0.4818779,1.0,1.0,0.26792857,2.0
0.9337161,0.8112247,0.99999994,0.9999999,0.4818779,1.0,1.0000001,0.35238895,2.0
0.25510043,0.37929776,0.15936688,0.44361964,0.4360875,0.28639913,1.0,0.27102408,0.0
0.89625454,0.719465,1.0000001,0.9999999,0.45439246,1.0,1.0,0.27512532,1.0
0.13199447,0.2793749,0.43520632,0.5935098,0.41828632,0.29240194,0.33964914,0.38455516,1.0
0.46035275,0.6303152,0.45077848,0.58214325,0.30736488,0.67598355,1.0000001,0.26416042,0.0
1.0,0.9088559,1.0000002,1.0,0.58900136,1.0000001,1.0,0.1311334,3.0
0.90590173,0.8434404,1.0,1.0000002,0.4818779,1.0,1.0,0.38970366,2.0
0.904035,0.9048504,1.0,1.0,0.43357915,1.0000001,1.0,0.5622984,2.0
0.4760711,0.5404814,0.48987567,0.67234033,0.4706549,0.21813539,1.0,0.3254966,1.0
0.09130669,0.27235788,0.35536855,0.5281247,0.5533329,0.18376005,0.22620225,0.44689378,1.0
0.44048178,0.62889576,0.6977068,0.8055086,0.43357915,1.0,0.36969715,0.14342114,3.0
0.20038226,0.35314453,0.35624212,0.5420294,0.5112469,0.08509736,0.1541862,0.29381585,0.0
0.88756037,0.8847587,1.0,1.0000001,0.5256206,1.0000001,1.0000001,0.6356957,3.0
0.008884091,0.37502578,0.26707643,0.48373935,0.4483546,0.11862858,0.16697864,0.4362871,0.0
0.10289963,0.3786498,0.27187628,0.50970054,0.5256206,0.18539642,0.117881544,0.3629199,0.0
0.4840967,0.65634656,0.6977068,0.8055086,0.45439246,1.0,0.36969715,0.3011943,3.0
0.08423423,0.34573227,0.32022232,0.6007087,0.4706549,0.077673,0.1217764,0.17891881,0.0
0.19399466,0.36738414,0.37423337,0.5545198,0.71574616,0.13813253,0.36969715,0.65146184,0.0
0.8609283,0.83920115,1.0,1.0,0.5256206,1.0000001,1.0,0.38351342,4.0
0.89916295,0.9383605,1.0000001,1.0,0.34441996,1.0,1.0000001,0.12388573,4.0
0.89897376,0.93842405,1.0000001,1.0,1.0,1.0,1.0000001,0.3810777,3.0
0.03215103,0.33507818,0.24912453,0.51521766,0.34442002,0.0786598,0.051014528,0.42819273,0.0
0.87898004,0.779241,0.99999994,1.0,0.4818779,1.0,1.0,0.051158436,2.0
0.05643958,0.26539582,0.29205173,0.47937375,0.39837074,0.031506687,0.360922,0.36922672,0.0
0.9052359,0.72156185,1.0,1.0,0.30736482,1.0000002,1.0000001,0.5993047,1.0
0.8630847,0.7934004,1.0,1.0000001,0.45567653,0.99999994,1.0,0.17481786,2.0
0.90227914,0.80488837,1.0,1.0,0.45567653,0.99999994,1.0,0.46649075,3.0
0.92587394,0.86836904,1.0,1.0,0.71574616,1.0000001,1.0,0.4216482,2.0
0.27096707,0.39029548,0.5211829,0.5829382,0.39892256,0.22988069,0.30226368,0.2719449,1.0
0.096402824,0.38697338,0.30725834,0.43492562,0.4398378,0.110230476,0.22095497,0.9999999,0.0
0.28389138,0.3923272,0.4498425,0.6094868,0.5296198,0.06293919,0.22620225,0.33746803,0.0
0.19493043,0.29690742,0.48240787,0.6544773,0.55272484,0.29240197,0.3396492,0.35703227,0.0
0.93143636,0.8509869,0.99999994,0.9999999,0.58956575,1.0,1.0000001,0.5345298,3.0
0.92351866,0.8555913,0.9999999,1.0000001,0.55333304,1.0,1.0,0.2645597,2.0
0.3597458,0.44529545,0.44116342,0.6237924,0.6080557,0.15460788,0.07367286,0.11692725,0.0
0.25740558,0.5358794,0.35203755,0.5426289,0.29535645,0.06882768,0.20826524,0.4235767,0.0
0.91009295,0.8906194,1.0000002,1.0,0.32253432,1.0000001,1.0,0.35358685,2.0
0.021674145,0.1857943,0.23302242,0.44944972,0.37660405,0.13389735,0.23263696,0.4238788,0.0
0.70845634,0.6050144,0.63815105,0.7172086,0.5754386,0.37859404,1.0000001,0.53960526,0.0
0.30186036,0.4381729,0.38863516,0.6133734,0.4556765,0.11028289,0.29510218,0.34212545,0.0
0.9195646,0.9205122,1.0000001,1.0,0.58900136,1.0,1.0000001,0.41795135,3.0
0.31694943,0.39821428,0.26954365,0.498812,0.34441996,-0.0020789308,1.0,0.045088217,0.0
0.8069694,0.8895077,1.0000001,1.0000001,1.0,1.0,1.0000001,0.10526821,2.0
0.6948409,0.7162869,1.0000001,1.0000001,0.4064738,1.0,1.0000001,0.419684,2.0
0.10167906,0.23355255,0.31579724,0.4456641,0.71574616,0.28389025,0.2359551,0.048788823,0.0
0.48610088,0.61968154,0.6977068,0.8055086,0.432464,1.0000001,0.36969715,0.480075,2.0
-0.11945308,0.19951162,0.15739492,0.38800323,0.5754386,0.031030426,0.050903037,0.2524095,0.0
0.035606652,0.26057923,0.23302248,0.44944978,0.4818779,0.13389742,0.23263696,0.44628102,0.0
0.7259717,1.0,1.0,1.0000001,0.58900136,1.0,1.0,0.62410575,2.0
0.9155631,0.9524849,1.0000001,1.0,0.432464,1.0,1.0000001,0.3439222,2.0
0.23117203,0.4157337,0.15936688,0.44361964,0.432464,0.28639913,1.0,0.027338527,0.0
0.7708217,0.7483648,1.0,1.0000001,0.58900136,0.99999994,1.0,0.29339886,3.0
-0.0065823747,0.29280296,0.22897945,0.3525917,0.37660405,0.26787668,0.050903007,0.4536053,0.0
0.92137283,0.839698,1.0,1.0000001,0.45439246,1.0,1.0000001,0.3607095,2.0
0.547008,0.49013513,0.4419096,0.6371074,0.71574616,0.050781287,1.0,0.34836188,0.0
0.9028518,0.85947746,1.0,1.0,0.3559913,1.0,1.0000001,0.066043094,3.0
0.7661984,0.9226731,1.0000002,1.0,0.6080557,1.0,0.9999999,0.54221153,2.0
0.9334307,0.77526426,1.0,1.0000001,0.30736482,1.0000001,1.0000001,0.34408277,3.0
0.9187689,0.796296,1.0,1.0,0.34442002,1.0000001,1.0000001,0.7463634,3.0
0.90961015,0.81493664,1.0,1.0,0.4360875,1.0000001,1.0,0.27549565,2.0
1.0,0.8468952,1.0,1.0000001,0.45439246,1.0,1.0,0.2159991,4.0
0.07717726,0.22238757,0.16394494,0.42119503,0.4706548,0.109433785,0.29345012,0.28385276,0.0
0.22526844,0.2949833,0.29039603,0.5955289,0.39837074,0.31761754,0.22620225,0.3012424,0.0
0.7034039,0.7662773,1.0,1.0,0.26874602,1.0,1.0000001,-0.07876809,2.0
0.18091276,0.2893813,0.4007666,0.5354778,0.6080557,0.3229963,0.22447549,0.3886997,0.0
0.1314829,0.3660094,0.3441469,0.52777237,1.0000001,0.06502897,0.22095497,0.3177865,0.0
0.87898004,0.97215116,0.99999994,1.0,0.71574616,1.0,1.0,1.0,2.0
0.85773444,0.8322943,0.99999994,1.0,0.5296198,1.0,1.0,0.27194485,3.0
0.9102181,0.8894532,1.0000001,1.0,0.45567653,0.9999999,1.0000001,0.38750705,3.0
0.84941006,0.8117928,1.0,1.0,0.32253432,1.0000001,1.0000001,0.24893007,3.0
0.9018588,0.844474,1.0,1.0,0.4706548,1.0000001,1.0,0.10310209,3.0
0.11413437,0.29179662,0.43520632,0.5935098,0.43983787,0.29240194,0.33964914,0.3922518,0.0
0.87134147,0.72422105,1.0,1.0,0.2953564,1.0000001,1.0000001,0.051158436,3.0
0.4975543,0.51534355,0.6977068,0.8055086,0.55333304,1.0,0.36969715,-0.013264746,4.0
0.9197569,0.96532524,1.0,1.0,0.4483546,1.0000002,1.0,0.47388792,4.0
0.8920211,0.64898944,1.0000001,0.9999999,0.46512017,1.0000001,1.0,0.093682215,1.0
0.9106449,0.86433583,1.0000001,1.0,0.43357915,1.0,1.0000001,0.22803235,4.0
0.024483632,0.24612606,0.32585806,0.5469179,0.4706549,0.10966985,0.1577716,0.3649295,0.0
0.41797906,0.42877692,0.46595666,0.56576693,0.58900136,0.33829707,1.0000001,0.5345298,0.0
0.9043934,0.7665794,1.0,1.0,0.43357915,1.0000002,1.0000001,0.33277,2.0
0.9334307,0.8116383,1.0,1.0000001,0.71574616,1.0000001,1.0000001,0.39339727,4.0
0.9496093,0.9255655,1.0,1.0,0.38525635,1.0000001,1.0,0.049851146,3.0
0.9256375,0.9552089,1.0,1.0,0.4483546,1.0000002,1.0,0.393153,3.0
0.92587394,0.86836904,1.0,1.0,0.4818779,1.0000001,1.0,0.37851205,2.0
0.86601245,0.82410127,1.0,1.0,0.58956575,1.0,1.0000001,0.3629199,3.0
0.14041413,0.2419875,0.19306606,0.42961863,0.34442002,0.031030402,0.051014528,0.31077552,1.0
0.36070937,0.52376974,0.3936598,0.6542418,0.58900136,0.13030137,1.0,0.3297413,0.0
0.8931335,0.93137527,1.0,1.0000002,0.4651202,1.0,1.0,0.36691758,3.0
0.9353049,0.97488904,1.0,1.0,0.4360875,1.0000001,1.0000001,0.4901057,4.0
0.87872887,0.79902905,1.0,1.0,0.29535645,1.0000001,1.0,0.419684,2.0
0.8732711,0.9198093,0.99999994,0.9999999,0.5659551,1.0,1.0000001,0.46734154,1.0
1.0,0.6328745,1.0000001,0.9999999,0.4483546,1.0,1.0,0.046377435,1.0
0.8785171,0.7923027,1.0000001,1.0,0.39892256,1.0000001,1.0000001,0.32906568,3.0
0.12345248,0.2687198,0.29676715,0.513177,0.558216,0.4260952,0.32592627,0.5622984,0.0
0.911355,0.9060232,1.0,1.0000001,0.32253432,1.0,1.0000001,0.3886997,2.0
0.9166182,0.89374256,0.99999994,1.0,0.6080557,1.0000001,1.0,0.5345298,2.0
0.8571427,0.8323019,1.0,1.0000001,0.4556765,0.99999994,1.0,0.7107407,3.0
0.7630985,0.8130393,1.0000001,1.0,0.41828632,1.0000002,1.0,0.25249887,4.0
0.9417795,0.7289691,1.0,0.99999994,1.0,1.0000002,1.0000001,0.33277,2.0
0.12194991,0.18073997,0.2086919,0.44551325,0.3559913,0.09252523,0.21399234,0.24893004,0.0
0.9018227,0.8777678,1.0000002,1.0,0.71574616,1.0000001,1.0,0.45487824,2.0
0.9312967,0.86866647,1.0000001,1.0,0.26874602,1.0,1.0000001,0.40402454,3.0
0.48898318,0.53674406,0.6977068,0.8055086,0.5112469,1.0,0.36969715,0.32548708,2.0
0.21168807,0.20806761,0.3820181,0.5948716,0.37660405,0.057873987,0.20826524,0.2047317,0.0
-0.007573193,0.3294099,0.2286784,0.47166,1.0000001,0.09952273,0.117881544,0.24044314,0.0
0.9445692,0.92343175,1.0,1.0,0.29535645,1.0000002,1.0,0.47388792,2.0
0.87859553,0.83679855,0.99999994,1.0,0.43357915,1.0000001,1.0,0.2578912,3.0
0.035022225,0.29336149,0.24624795,0.53385967,0.26874602,0.10674645,0.29510218,0.36296013,0.0
0.09824319,0.26410502,0.46759033,0.55956155,0.4483546,0.03870055,0.33964914,0.27194494,0.0
0.8429961,0.8267653,1.0,1.0000001,0.5112469,1.0000001,1.0000001,0.3280713,4.0
0.930327,0.91549003,1.0,1.0,0.6080557,1.0,1.0000001,0.066043094,3.0
0.15479632,0.6157317,0.5219674,0.67012554,0.3559913,0.38695368,0.33964914,0.7522148,0.0
0.05624556,0.2360546,0.25215787,0.489141,0.40647385,0.30129045,0.36969715,0.25810048,0.0
0.03780941,0.3653106,0.26707646,0.48373944,0.31490907,0.11862858,0.16697864,0.21675837,0.0
0.19794041,0.3211484,0.31637475,0.4762337,0.558216,0.029313,0.1541862,0.048788823,0.0
0.20803536,0.45541453,0.30372417,0.59543294,0.5256206,0.03752027,0.29510218,0.8155047,0.0
-0.054566797,0.18366447,0.23471212,0.50885737,0.37660405,0.13411756,0.117881544,0.49355918,0.0
0.93972504,0.86175144,1.0,0.99999994,1.0000001,1.0000002,1.0000001,0.34862694,3.0
0.95754266,0.7188082,1.0000001,1.0000001,0.39837074,1.0,1.0,0.09368217,2.0
0.91671383,0.8678401,1.0,0.99999994,0.4071756,1.0000002,1.0000001,0.046457622,2.0
0.9454696,0.6092495,1.0,0.99999994,0.39837074,1.0000002,1.0000001,0.12556192,3.0
0.880083,0.7333199,1.0,1.0,0.34441996,1.0,1.0,0.068934135,1.0
0.9066044,0.8065243,0.99999994,1.0,0.71574616,1.0,1.0,0.23893514,3.0
0.034461834,0.38783532,0.28869334,0.50026697,0.5754386,0.0786598,0.050903007,0.9999999,0.0
0.121179685,0.55378,0.21347684,0.3751297,0.4483546,0.15522394,0.18429458,0.16671354,0.0
0.3360175,0.30546957,0.42998868,0.532283,1.0000001,0.32299632,0.2060901,0.23609406,0.0
0.30514595,0.47288352,0.49422398,0.69229805,0.4483546,0.14396694,0.1577716,0.28385276,0.0
0.91231173,0.76351166,1.0000001,0.9999999,0.31490907,1.0,1.0,0.5345298,2.0
0.9101198,1.0,1.0,1.0,0.558216,1.0,1.0000001,0.9999999,2.0
0.04230557,0.3238629,0.30854818,0.47521773,0.4818779,0.012339292,0.22095497,0.3012424,0.0
0.15616822,0.37354988,0.28040838,0.50724536,0.4398378,0.06882769,0.34463084,0.67553765,0.0
0.3511619,0.47384718,0.4683593,0.6927743,0.38525632,0.30855718,0.36969715,0.5622984,0.0
0.8258309,0.76574945,1.0,1.0000001,1.0,0.99999994,1.0,0.26792854,3.0
0.8954308,0.9353676,1.0,1.0,0.71574616,1.0,1.0,0.37721395,3.0
0.91379726,0.6904274,1.0,1.0000001,0.26874602,1.0,1.0,0.29390374,2.0
1.0000002,0.88309044,1.0000002,1.0,1.0,1.0000001,1.0,-0.05198829,2.0
0.49404517,0.4561631,0.42461073,0.60600245,0.39892256,0.002428988,1.0000001,0.27549565,0.0
0.08038845,0.4693713,0.37302834,0.4879028,0.5659551,0.029400695,0.1290364,1.0,0.0
0.9470582,0.950765,1.0,1.0000001,0.4398378,1.0000001,1.0000001,0.9999999,2.0
0.9060214,0.95221496,1.0,1.0,0.4706549,1.0000001,1.0,0.29381585,1.0
0.89793634,1.0,0.99999994,0.9999999,1.0,1.0,1.0000001,0.7522148,3.0
0.048868954,0.28571048,0.24563612,0.48230985,0.31490907,0.13819778,0.114486545,0.33192325,0.0
0.43485957,0.48574114,0.2870298,0.54764926,1.0000002,0.25207424,1.0,0.39443386,0.0
0.95637244,0.74444735,0.9999999,1.0000001,0.34442002,1.0,1.0,0.0450882,3.0
0.9010731,0.86153406,1.0,1.0000001,1.0000001,1.0,1.0,0.10418082,2.0
0.8931335,0.80805165,1.0,1.0000002,0.29535645,1.0000001,1.0,0.3481918,4.0
0.8706996,0.86602855,1.0,1.0000001,0.3559913,1.0,1.0000001,0.3420484,2.0
0.23054108,0.46734244,0.4256704,0.5828172,0.55272484,0.6583792,0.2956029,0.15823872,0.0
0.064332485,0.18279666,0.31802058,0.4610514,0.37660405,0.306795,0.24090596,0.3280713,0.0
0.32719904,0.42018354,0.26954365,0.498812,0.4818779,-0.0020788996,1.0,0.2645597,0.0
0.12324814,0.37131706,0.3452778,0.5431422,0.5112469,0.3782808,0.33982134,0.26758543,0.0
0.93729067,0.75944436,1.0,0.99999994,0.39892256,1.0000002,1.0000001,0.25810045,4.0
0.9283539,0.8258923,1.0,1.0,0.4360875,1.0000001,1.0000001,0.8155047,3.0
0.8712008,0.88758117,1.0000001,0.9999999,1.0000002,1.0,1.0,0.37176937,3.0
0.110352516,0.2813043,0.26709318,0.50259167,0.71574616,0.290445,0.17025715,0.3553462,0.0
0.49382818,0.66587627,0.6977068,0.8055086,0.40717554,1.0000001,0.36969715,0.37529677,2.0
0.9509381,0.9399717,1.0,1.0,0.5754386,1.0000002,1.0000001,0.2159991,1.0
-0.04128126,0.44593465,0.22730964,0.42322305,0.34441996,0.2363933,0.051014528,0.0676812,0.0
0.0809654,0.31124192,0.30725834,0.43492565,0.5256206,0.11023046,0.22095497,0.4560963,0.0
0.12675875,0.23483336,0.28517678,0.42207158,0.29535645,0.109626,0.33964914,0.28499398,0.0
0.13564222,0.29880282,0.36535037,0.533913,0.29535645,0.30331403,0.30226368,0.42695552,1.0
0.87539357,0.87427187,1.0,1.0000001,0.6080557,1.0000001,1.0000001,0.12421048,2.0
0.2775936,0.53372055,0.27142158,0.48051015,1.0000001,-0.09065268,0.36969715,0.08400019,0.0
0.90234226,0.96584976,1.0,1.0000002,0.32253432,1.0,1.0,0.33433646,3.0
0.06794353,0.45962355,0.37493834,0.54893583,0.4398378,0.16951978,0.117881544,0.027338594,0.0
0.5111032,0.51526487,0.48987567,0.67234033,0.55272484,0.21813539,1.0,0.3439222,1.0
0.85347635,0.87352824,1.0,1.0,0.26874602,1.0000001,1.0000001,0.65253776,2.0
0.24099201,0.38227397,0.44116342,0.6237925,0.558216,0.15460788,0.07367286,0.65253776,0.0
0.17619312,0.29630268,0.36630788,0.52682245,0.34442002,0.08282097,0.2562733,0.7596801,0.0
0.16359065,0.5056373,0.31688654,0.52392316,0.4706548,0.3474036,0.34463084,0.26792857,0.0
0.22545579,0.12230615,0.26799834,0.42293277,0.34442002,0.026751049,0.32592627,0.4292168,0.0
0.15705433,0.27208593,0.27142158,0.48051015,0.26874602,-0.090652704,0.36969715,0.4901057,0.0
-0.0009897035,0.2682811,0.19306606,0.42961863,0.3559913,0.031030402,0.051014528,0.20312983,1.0
0.17105448,0.3078624,0.46809793,0.6648564,0.40647385,0.40012532,0.360922,0.34322938,0.0
0.93758774,0.86426884,1.0,1.0,0.5256206,1.0000001,1.0000001,0.2645597,2.0
0.27374026,0.3927598,0.28930217,0.52537245,0.558216,0.21398818,0.36969715,0.14076346,1.0
0.9257175,0.870294,1.0,1.0000002,1.0000001,1.0,1.0,0.28876552,3.0
0.17290774,0.24919328,0.23873453,0.4672349,0.40717554,0.09021835,0.1577716,0.27102408,0.0
0.15070657,0.30167872,0.28882664,0.440391,0.37660405,0.09619248,0.30226368,0.4235767,0.0
0.09164236,0.27950644,0.30041456,0.393591,0.6080557,0.28501645,0.32592627,0.45487824,0.0
0.11723149,0.34887755,0.34950137,0.49655902,0.6080557,0.0691079,0.34463084,0.36861652,0.0
0.31020224,0.43117613,0.4635989,0.646822,0.45439246,0.29240194,0.36969718,0.2903461,0.0
0.19396038,0.2680898,0.3172884,0.5805948,0.26874602,0.106746465,0.20826524,0.7878543,0.0
0.77029383,0.7551117,1.0000001,1.0,0.34441996,1.0000001,1.0,0.23893514,2.0
0.887112,0.75947726,0.99999994,1.0,0.4556765,1.0000001,1.0,0.08240561,4.0
0.0013601165,0.4454909,0.34678954,0.59981084,0.34442002,0.34313992,0.360922,0.3465455,0.0
0.21928947,0.3964202,0.29039603,0.5955289,0.4818779,0.31761754,0.22620225,0.42107305,0.0
0.13435832,0.5566052,0.32686695,0.45543858,0.41828626,0.45449784,0.2060901,0.09682163,0.0
0.026959658,0.39815181,0.28869334,0.50026697,1.0000002,0.0786598,0.050903007,0.42819273,0.0
0.4910341,0.6094308,0.4799455,0.62848735,0.39837086,0.08390103,1.0,0.7596801,1.0
0.91040635,0.87361133,1.0,1.0,0.55272484,1.0,1.0,0.10418082,1.0
0.48323625,0.6137283,0.6977068,0.8055086,0.34441996,1.0,0.36969715,0.48321638,4.0
0.3153746,0.3116836,0.23730679,0.5193403,0.40647385,0.0066492893,0.20826524,0.2554379,0.0
1.0,1.0,1.0,1.0,0.58900136,1.0000002,1.0000001,0.99999994,2.0
0.054849297,0.25219533,0.24635278,0.4002596,0.45567653,0.10952671,0.42110777,0.26792857,0.0
0.029075738,0.30132163,0.19306606,0.42961863,0.4818779,0.03103045,0.051014528,0.3507485,0.0
0.2755612,0.35786662,0.5643232,0.70272624,0.43983787,0.4203307,0.32592627,0.3607771,0.0
0.11790539,0.18248463,0.27834284,0.45539507,0.432464,0.13439971,0.11534762,-0.07876809,0.0
0.075753264,0.27596855,0.28792188,0.49512076,0.432464,0.073434845,0.2562733,-0.0044482797,0.0
0.94159734,0.8122419,1.0,1.0,0.71574616,1.0000002,1.0000001,0.5396054,3.0
0.259491,0.37663195,0.15936688,0.44361964,0.5112469,0.28639913,1.0,0.06227097,1.0
0.90562797,0.8210312,1.0000001,1.0,0.71574616,1.0,1.0000001,0.44177794,4.0
0.8736128,0.75877327,1.0,1.0,0.43357915,1.0000001,1.0000001,0.46649075,3.0
0.16850322,0.32818872,0.31066304,0.48955077,0.39837074,0.00771897,0.20826524,0.50430405,0.0
0.8084509,0.85546935,1.0000001,1.0000001,0.4651202,1.0,1.0000001,0.41190463,3.0
0.07238293,0.32025975,0.24846172,0.49589822,1.0,0.024745919,0.1498338,0.4741698,1.0
0.9402914,0.9036716,1.0000001,1.0,0.58900136,1.0,1.0000001,0.4216482,2.0
0.96961105,0.9427099,1.0,1.0,0.31490907,1.0000001,1.0,0.2190891,2.0
0.21369301,0.3919642,0.29039603,0.5955289,0.38525632,0.31761754,0.22620225,0.22989136,1.0
0.17497347,0.3253467,0.31579724,0.44566402,0.4818779,0.28389025,0.2359551,0.26792857,0.0
0.9488752,0.9037833,1.0000001,1.0,0.5296198,1.0,1.0000001,0.3253179,4.0
0.3125181,0.3863812,0.4588173,0.55492467,0.4071756,0.17351913,0.30226368,0.54221153,0.0
0.084176674,0.32122135,0.25509882,0.47765607,0.4556765,0.11601758,0.11534762,0.59534883,0.0
0.9234773,0.7959048,1.0,1.0,0.26874602,1.0000002,1.0000001,0.2578912,2.0
0.8421405,0.76528406,1.0000001,1.0000001,0.58900136,1.0,1.0000001,0.3794356,2.0
0.9156997,0.86450744,1.0,1.0,0.55333304,1.0,1.0000001,0.2554379,3.0
0.06729096,0.23696244,0.21563017,0.47523767,0.432464,0.104241654,0.07367286,0.29339886,0.0
0.100988746,0.3061027,0.28592667,0.5191309,0.58900136,0.045618236,0.12177644,0.12660319,0.0
0.10638408,0.2545444,0.3441469,0.52777237,0.41828626,0.06502897,0.22095497,0.25387847,0.0
0.9043982,0.8279605,1.0,1.0,0.4071756,1.0,1.0000001,0.26792854,2.0
0.92591727,0.89308006,1.0000001,1.0,0.45439246,1.0000001,1.0,0.69707763,3.0
0.14423123,0.34376684,0.32747728,0.5042012,0.30736488,0.115328714,0.360922,0.3507484,0.0
0.3567512,0.38402945,0.15936688,0.44361964,0.71574616,0.28639913,1.0,0.27935255,0.0
0.40541986,0.66282445,0.6977068,0.8055086,0.26874602,1.0000001,0.36969715,0.2951004,3.0
0.9018588,0.8882742,1.0,1.0,0.40717554,1.0,1.0,0.15589398,3.0
0.16620322,0.48952138,0.36728448,0.53770995,1.0000002,0.020808224,0.24090596,0.425102,0.0
0.9306954,0.96478814,0.99999994,0.9999999,0.4071756,1.0,1.0000001,0.3508431,3.0
0.13049749,0.44984978,0.39639592,0.49093908,0.31490907,0.18955627,0.1541862,0.0676812,1.0
0.072966,0.27103874,0.27525663,0.45090228,0.4071756,0.077323556,0.24090596,0.37405723,0.0
0.9104655,0.88998246,1.0,1.0,0.4360875,1.0,1.0000001,0.066043094,2.0
0.93962485,0.88930464,1.0,1.0,0.43608752,1.0000001,1.0,0.48497993,4.0
0.90961015,0.9126688,1.0,1.0,0.30736482,1.0000001,1.0,0.43174052,2.0
0.0130823925,0.2604909,0.2781701,0.45471436,0.55333304,0.07817814,0.051014528,0.67553765,0.0
0.9125751,0.8512757,1.0,1.0,0.29535645,1.0,1.0000001,0.3011943,4.0
0.21127358,0.41584074,0.33208495,0.5497376,0.58900136,0.0024289908,0.36969715,0.06227097,0.0
0.9283905,0.86566305,1.0000001,1.0,0.71574616,1.0,1.0000001,0.32971883,2.0
0.8732711,0.87164646,0.99999994,0.9999999,1.0,1.0,1.0000001,0.27512532,1.0
0.88214064,0.97295684,1.0,1.0000001,0.4706548,1.0,1.0,1.0,3.0
0.14368749,0.3448528,0.27359125,0.53119624,1.0,0.15521373,0.29345015,0.10765773,0.0
0.21942359,0.47538114,0.47023547,0.60758406,0.58956575,0.1636146,0.33964914,0.3669176,0.0
0.17743558,0.24101374,0.31354764,0.48383033,0.5112469,0.38540688,0.23263696,0.18435238,0.0
0.05590062,0.37713134,0.24846172,0.49589822,0.40647385,0.024745889,0.1498338,0.33892828,0.0
0.78963757,0.7317372,1.0,1.0,0.31490907,1.0,1.0,0.0767778,1.0
0.08344129,0.20336694,0.23873453,0.4672349,0.31490907,0.09021835,0.1577716,0.3729536,0.0
0.59575546,0.6838766,0.6977068,0.8055086,0.6080557,1.0,0.36969715,0.33205926,2.0
0.10279666,0.18974401,0.2086919,0.44551325,0.4360875,0.092525214,0.21399234,0.0648841,0.0
0.91740876,0.8498666,1.0,1.0,0.5112469,1.0000002,1.0,0.7878543,2.0
0.7736994,0.7098756,1.0,1.0000001,0.58956575,0.99999994,1.0,0.29339886,3.0
0.1774441,0.39361662,0.40305942,0.61431754,0.4706549,0.0815316,0.1217764,0.31823343,1.0
0.18607682,0.27716163,0.428977,0.6028491,0.58956575,0.6317419,0.33964914,-0.04213456,1.0
0.16899665,0.26024815,0.30582947,0.47083378,0.55272484,0.4260952,0.32592627,0.378512,0.0
0.73053706,0.87134427,1.0,1.0000001,0.40647385,1.0,0.9999999,0.41708517,3.0
0.49421197,0.64129865,0.6977068,0.8055086,0.26874602,1.0,0.36969715,0.29381585,3.0
0.4445706,0.56038904,0.6977068,0.8055086,0.37660405,1.0,0.36969715,0.4946146,1.0
0.0461466,0.2460351,0.23857573,0.5536287,0.55333304,0.07767302,0.34463084,-0.0076900106,0.0
0.026557613,0.2902061,0.25687024,0.54152554,0.30736482,0.16072914,0.29419425,0.053727128,0.0
0.43383798,0.49459267,0.2870298,0.54764926,0.58900136,0.25207424,1.0,0.41889173,0.0
0.4840967,0.69711804,0.6977068,0.8055086,0.558216,1.0,0.36969715,0.9999999,3.0
-0.004521368,0.1265841,0.17070109,0.40898854,0.4398378,0.08457677,0.117881544,0.31443113,0.0
0.08689979,0.15886584,0.28680837,0.548476,0.26874602,0.3549211,0.20826524,0.046755284,1.0
0.07431059,0.33164918,0.29727843,0.521551,0.4360875,0.04776568,0.16786185,0.26792857,0.0
0.27164143,0.5038948,0.2734532,0.48753032,0.5296198,-0.0020789308,1.0,0.40202475,1.0
0.5147541,0.5651393,0.6977068,0.8055086,0.55333304,1.0,0.36969715,0.27223444,2.0
0.47396109,0.7208465,0.6977068,0.8055086,0.71574616,1.0,0.36969715,0.1443139,2.0
0.93503654,0.87759995,1.0,1.0000001,0.4706548,1.0,1.0000001,0.74636346,3.0
0.14173616,0.3553766,0.3483297,0.485009,0.5112469,0.30499893,0.2060901,0.004283093,0.0
0.8432759,0.73961294,1.0000001,1.0,0.45567653,1.0,1.0000001,0.44628108,1.0
0.87170684,0.6944101,0.99999994,1.0,0.4556765,1.0,1.0,0.046755284,2.0
0.33136845,0.45450926,0.34331834,0.4943757,0.5754386,0.15416962,1.0,0.3253179,0.0
0.09496957,0.17751351,0.29816592,0.5216072,0.55272484,0.08282094,0.2562733,0.39339727,0.0
0.7504022,0.8501121,1.0,1.0000001,0.26874602,1.0,1.0,0.3629199,3.0
0.1651007,0.23279953,0.3789597,0.55987823,0.31490907,0.3790593,0.33982134,0.0648841,0.0
0.9156232,0.87428653,1.0,1.0000001,0.4360875,1.0,0.9999999,0.3661881,4.0
0.08991578,0.25456086,0.28882664,0.440391,0.5533329,0.09619248,0.30226368,0.40014625,0.0
0.9166182,0.7621745,0.99999994,1.0,0.58900136,1.0,1.0,0.13151704,2.0
0.8344338,0.98477435,1.0,1.0000001,0.71574616,0.99999994,1.0,1.0,3.0
0.2306428,0.44821322,0.39418846,0.5958737,0.43357915,0.04549759,0.36969715,0.30942222,0.0
0.91880053,0.84394217,1.0,1.0,0.5754386,1.0000001,1.0,0.27549565,2.0
0.4868201,0.49986875,0.45077848,0.58214325,0.31490907,0.67598355,1.0000001,0.09710349,0.0
0.9311589,0.90817344,1.0,1.0,0.3852564,1.0000001,1.0000001,0.42107305,3.0
0.046444632,0.24101482,0.2712788,0.44189042,0.26874602,0.011198251,0.114486545,0.14929584,0.0
0.16248286,0.27435797,0.22443303,0.4867307,0.5659551,0.030543577,0.27592617,0.8155047,0.0
0.82853454,0.9683083,1.0000001,1.0000001,0.4706548,1.0,1.0000001,0.9999999,1.0
0.91920185,0.95997,1.0,1.0,0.5754386,1.0,1.0,0.24044314,2.0
0.71637094,0.7970207,1.0000001,1.0000001,0.4064738,1.0,1.0000001,0.50430405,4.0
0.9525142,0.89322543,1.0000001,1.0,0.37660405,1.0,1.0000001,0.42598838,2.0
0.47900987,0.6803288,0.6977068,0.8055086,0.4706548,1.0,0.36969715,0.26758543,3.0
0.83216876,0.82789016,1.0000002,1.0,0.5112469,1.0,1.0,0.2911985,3.0
0.109626636,0.21152587,0.18137243,0.416835,0.4398378,0.13819778,0.2359551,0.40202475,0.0
0.52517164,0.4648419,0.46268582,0.6113454,0.71574616,0.3169802,1.0000001,0.27758718,1.0
0.88910246,0.8402603,1.0,1.0,0.30736488,1.0000001,1.0000001,0.44628108,2.0
1.0000001,0.8356723,1.0,1.0,0.45439246,1.0000002,1.0000001,0.06076283,4.0
0.2412348,0.22942457,0.35538477,0.45026535,1.0,-0.035136376,0.30226368,0.16011576,0.0
0.87494034,0.9341843,1.0000001,0.9999999,0.5112469,1.0000001,1.0,1.0,3.0
0.35167944,0.44274935,0.43603313,0.57927614,0.41828632,0.16564932,1.0000001,0.3049814,0.0
0.1096454,0.34969437,0.35028702,0.56384516,0.40717554,0.36385387,0.33964914,0.43628702,0.0
0.92485356,0.8479034,1.0,1.0,0.30736482,1.0000002,1.0000001,0.2645597,4.0
0.88298607,0.9390628,1.0,1.0,0.34442002,1.0,1.0,0.99999994,2.0
0.86283594,0.85524905,1.0000001,0.9999999,0.71574616,1.0,1.0,0.5331073,1.0
0.17387253,0.35896283,0.36535037,0.533913,0.29535645,0.303314,0.30226368,0.3049814,0.0
0.9163727,0.79125464,1.0000002,1.0,0.58956575,1.0000001,1.0,0.44822967,2.0
0.40541986,0.64129865,0.6977068,0.8055086,0.3559913,1.0000001,0.36969715,0.2951004,1.0
0.8591664,0.85094905,1.0,1.0000002,0.40647385,1.0000001,1.0,0.38750705,3.0
0.9040092,0.82204616,1.0,1.0000001,1.0,1.0,1.0,0.12421048,4.0
0.89704096,0.8657973,0.9999999,1.0000001,0.4064738,1.0,1.0,0.5622984,2.0
0.26671305,0.41108716,0.45544893,0.57878816,0.58900136,0.16330108,0.30226368,0.480075,0.0
0.8931602,0.9164065,0.99999994,0.9999999,0.4398378,1.0,1.0000001,0.28007436,4.0
0.88839066,0.9409448,1.0,1.0000001,1.0000001,1.0,1.0,0.31939155,2.0
0.86696553,0.88399553,1.0000002,1.0,0.4818779,1.0000001,0.9999999,0.4468939,3.0
0.9387124,0.9098059,1.0,1.0,0.29535645,1.0,1.0,0.28712094,3.0
0.86759484,0.87352824,1.0,1.0,0.26874602,1.0,1.0000001,0.5622984,2.0
0.07631131,0.2821402,0.27207685,0.4148534,0.558216,0.29184896,0.114486545,0.46734154,0.0
0.010423185,0.28172016,0.2400779,0.4238007,0.3559913,0.589694,0.33964914,0.27691275,0.0
0.9463403,0.8742509,1.0000001,1.0,0.37660405,1.0,1.0000001,0.47480065,3.0
0.9281306,0.80391324,0.9999999,1.0000001,0.40647385,1.0,1.0,0.26792854,3.0
0.20539561,0.5054091,0.4320444,0.6893221,0.58956575,0.30178207,0.20826524,0.2614463,0.0
0.889224,0.8603873,1.0,1.0000002,0.4818779,1.0,1.0,-0.059279382,3.0
0.080937885,0.34152913,0.28792188,0.49512076,0.432464,0.073434845,0.2562733,0.118756145,0.0
0.41111767,0.4405355,0.4151414,0.6499449,0.432464,0.2788267,1.0000001,0.30498147,0.0
0.6926516,0.8669908,1.0000001,1.0000001,0.58900136,1.0,1.0000001,0.26865232,3.0
0.4975543,0.5515193,0.6977068,0.8055086,0.26874602,1.0,0.36969715,0.6019701,1.0
0.29171142,0.4927604,0.5235024,0.6313906,0.31490907,0.21336101,0.33964914,0.09707988,0.0
0.31011683,0.43531257,0.5107913,0.66293395,0.47065482,0.17287272,0.22620225,0.050911173,0.0
0.8476031,0.7923595,1.0,1.0,1.0000001,1.0000001,1.0000001,0.2865857,1.0
0.19650471,0.3854223,0.36020198,0.5075512,0.71574616,0.35723472,0.22447549,0.3098126,0.0
0.8687638,0.9439566,1.0,1.0000001,0.41828632,1.0,1.0,1.0000001,2.0
0.25160503,0.34957218,0.60632956,0.6757691,0.26874602,0.3869536,0.30226368,0.06840099,0.0
0.8039767,0.7243207,0.99999994,0.9999999,0.58956575,1.0,1.0000001,0.0135297105,3.0
0.9093782,0.8280176,1.0000001,1.0,0.37660405,1.0000001,1.0000001,0.4946146,3.0
1.0,0.85200363,1.0,1.0,0.5659551,1.0,1.0,0.45598447,1.0
1.0,0.85200363,1.0,1.0,0.5659551,1.0000001,1.0,0.30769804,3.0
0.16716671,0.43891755,0.40437704,0.48287475,0.55333304,0.15040499,0.1541862,0.34862694,0.0
0.0688039,0.44617906,0.25913718,0.43539762,0.5754386,0.30600256,0.12177644,0.30650443,0.0
0.096526116,0.35172513,0.25472856,0.48304635,0.4818779,0.14927575,0.33964914,0.2911833,0.0
0.9397368,0.873091,0.99999994,0.9999999,0.71574616,1.0,1.0000001,0.25810048,3.0
0.18621102,0.27409494,0.33208495,0.5497376,0.37660405,0.0024289908,0.36969715,0.37405723,0.0
0.9008632,0.9651916,1.0,1.0000001,0.4706549,1.0,1.0,0.4901057,1.0
0.9378814,0.86037993,1.0,1.0,1.0,1.0000001,1.0,0.33065537,2.0
0.08313561,0.21938443,0.3546989,0.45475268,0.39837086,0.08089022,0.33964914,0.33746505,0.0
0.26145345,0.37362307,0.5684273,0.71258426,0.55272484,0.43055624,0.20826524,0.36313426,0.0
0.1878093,0.44622326,0.53668475,0.6380856,0.5256206,0.37859404,0.30226368,0.27294677,1.0
0.92125964,0.8774711,0.99999994,0.9999999,1.0000001,1.0,1.0000001,0.6356957,2.0
0.8217764,0.875057,0.99999994,0.9999999,0.5256206,1.0,1.0000001,0.04591631,2.0
0.37410995,0.47605821,0.30925512,0.5026873,0.41828632,0.15416963,1.0,0.12642655,0.0
0.18988033,0.31534773,0.38659558,0.6332185,1.0,0.2788268,0.36969715,0.0135297105,0.0
0.27211997,0.36829317,0.31961536,0.5885645,0.4556765,0.25207424,0.36969715,0.40910012,0.0
0.9070674,0.96254563,0.99999994,0.9999999,0.4360875,1.0,1.0000001,0.48321638,2.0
0.15691507,0.23080824,0.28882664,0.440391,0.4556765,0.096192494,0.30226368,0.26792854,0.0
0.9488752,0.9302564,1.0000001,1.0,0.4360875,1.0,1.0000001,0.47480065,2.0
0.22156693,0.39115342,0.5235024,0.6313906,0.4556765,0.21336101,0.33964914,0.040052332,0.0
0.009808839,0.13247433,0.21097529,0.4803109,0.39837086,0.0456183,0.24090596,0.19758959,0.0
0.32348758,0.475389,0.5223072,0.70536685,0.37660405,0.43277085,0.36969715,0.37442076,0.0
0.039750308,0.34869188,0.33438382,0.5393954,0.4483546,0.34290934,0.1217764,0.54221153,0.0
0.14564508,0.18522707,0.35538477,0.45026535,0.26874602,-0.035136376,0.30226368,0.19758959,0.0
0.78746784,0.779641,1.0000001,1.0,0.6080557,1.0000001,1.0,0.08240561,2.0
0.5071041,0.6398506,0.6977068,0.8055086,0.30736482,1.0000001,0.36969715,0.3253179,3.0
0.9256375,0.97395253,1.0,1.0,1.0000001,1.0000001,1.0,0.41004872,3.0
0.7248275,0.9277303,1.0000001,1.0000001,0.43357915,1.0,1.0000001,0.42819273,2.0
0.8843297,0.9339614,1.0000002,1.0,0.58900136,1.0,0.9999999,0.3661881,2.0
0.119921505,0.3189391,0.37730783,0.55930626,0.4706549,0.098204,0.27592617,0.32016635,0.0
0.8643261,0.9390628,1.0,1.0,0.45567653,1.0,1.0,0.3335601,4.0
0.9050973,1.0,1.0000002,1.0,0.4483546,1.0000001,0.9999999,0.3636563,4.0
0.8278822,0.7848196,1.0,1.0,1.0000002,1.0000001,1.0000001,0.34408277,3.0
0.2744431,0.48823124,0.47139454,0.6609852,0.5256206,0.13030137,0.2956029,0.44822967,0.0
0.9397368,0.873091,0.99999994,0.9999999,0.4818779,1.0,1.0000001,0.066853404,2.0
0.8368107,0.8393308,1.0000001,1.0,0.55272484,1.0,1.0000001,0.5622984,3.0
0.13127717,0.30228043,0.27525663,0.45090228,0.558216,0.077323556,0.24090596,0.33205926,0.0
0.21429284,0.42521778,0.28661126,0.5378894,1.0,0.14484674,0.22620225,0.048788823,0.0
0.9312967,0.8690121,1.0000001,1.0,0.26874602,1.0,1.0000001,-0.059279382,2.0
0.08287047,0.31278247,0.29727843,0.521551,0.5256206,0.04776568,0.16786185,0.040052302,0.0
0.22279379,0.29444513,0.29039603,0.5955289,0.3559913,0.31761754,0.22620225,0.4741698,0.0
0.8285345,0.78885573,1.0000001,1.0000001,0.40717554,1.0,1.0000001,-0.017849598,3.0
0.06722723,0.22956033,0.2483331,0.43715522,0.71574616,0.08457676,0.117881544,0.41055667,0.0
0.9438188,0.9585818,1.0000001,1.0,0.558216,1.0,1.0000001,0.2554379,3.0
0.10445917,0.36224896,0.2777338,0.56814975,0.55333304,0.15521377,0.2117667,0.67553765,0.0
0.9212692,0.85652757,0.99999994,1.0,0.55272484,1.0000001,1.0,0.69707763,4.0
0.47069955,0.46050835,0.46595666,0.56576693,0.4818779,0.33829707,1.0000001,0.3607095,1.0
0.1424959,0.28053594,0.25509882,0.47765607,0.4398378,0.11601758,0.11534762,0.37943572,0.0
0.91175264,0.89158505,1.0,1.0,0.432464,1.0,1.0,0.4338043,2.0
0.18766965,0.43782324,0.37175998,0.51930463,0.71574616,0.3555821,0.1217764,0.2538785,0.0
0.14077166,0.17347234,0.30664062,0.50226796,0.40647385,0.06392142,0.27592617,0.28545144,0.0
0.22499129,0.30497316,0.28661126,0.5378894,0.32253432,0.14484674,0.22620225,0.3297413,1.0
0.92968875,0.9270036,1.0000001,1.0,0.71574616,1.0,1.0000001,0.43380433,3.0
0.8498378,0.80805165,1.0,1.0000002,0.39837086,1.0,1.0,0.2887656,4.0
0.8214287,0.96477085,1.0,1.0,0.4818779,1.0,1.0,0.14342114,3.0
0.321388,0.42063737,0.45986766,0.6098816,0.4360875,0.42033064,0.22447549,0.12642655,0.0
0.28004384,0.57641983,0.457319,0.5551763,0.43357915,0.47095495,0.33964914,0.29381585,0.0
0.06730443,0.30488798,0.36785176,0.5473414,0.2953564,0.010113312,0.21399234,0.21065405,0.0
0.8843203,0.9349411,1.0000001,0.9999999,0.4556765,1.0000001,1.0,0.26758543,2.0
0.8375516,0.87612766,1.0,1.0000002,0.5256206,1.0000001,1.0,0.41708517,2.0
0.87132883,0.87228626,1.0,1.0000001,0.39837074,1.0,1.0,0.30420148,3.0
0.21913922,0.45171174,0.32096067,0.5252631,0.29535645,0.09042545,0.2956028,0.3661881,0.0
0.90234226,0.8557091,1.0,1.0000002,0.32253432,1.0000001,1.0,0.44689378,2.0
0.2506378,0.4588099,0.44116342,0.6237924,1.0000001,0.15460788,0.07367286,0.4292168,0.0
0.016570156,0.24092872,0.20492701,0.45381773,0.558216,0.066606924,0.051014528,0.44822967,0.0
0.46929467,0.67854017,0.6977068,0.8055086,0.5296198,1.0,0.36969715,0.24866715,3.0
0.116991475,0.27548343,0.19690672,0.51305866,0.45567653,0.0456183,0.29510218,0.2614463,1.0
0.951823,0.9375905,1.0,1.0,0.55272484,1.0,1.0,0.3065044,3.0
0.9410318,0.7578261,1.0,0.99999994,0.40647385,1.0000002,1.0000001,0.25810048,3.0
0.42091846,0.45290408,0.37365258,0.5872777,0.5256206,0.04549759,1.0,0.4945503,0.0
0.82051486,0.91656137,1.0000001,1.0000001,0.43357915,1.0,1.0000001,0.44462287,1.0
0.9999999,0.75648344,1.0,1.0000001,0.558216,1.0,1.0,-0.07876809,4.0
0.026298404,0.27825242,0.2448517,0.4832354,0.58956575,0.0108355805,0.42110777,0.3629199,0.0
0.918203,0.9781481,1.0,1.0,0.5296198,1.0000002,1.0,1.0,2.0
0.4996289,0.54174185,0.6977068,0.8055086,0.58956575,1.0,0.36969715,0.2614463,2.0
0.30345383,0.38200417,0.5107913,0.66293395,0.31490907,0.17287268,0.22620225,0.2677811,0.0
0.07590516,0.1841332,0.25503397,0.46857306,0.43357915,0.045618236,0.42110777,0.32548708,0.0
0.9166545,0.8007213,1.0000001,1.0,0.4706548,1.0000001,1.0,0.0689341,3.0
0.47531366,0.48365974,0.4151414,0.6499449,0.55333304,0.2788268,1.0000001,0.38882792,0.0
0.039876025,0.3605363,0.19861372,0.35099313,1.0,0.16225351,0.18429458,0.3508431,1.0
0.8823048,0.86927325,1.0,1.0,1.0000001,1.0000001,1.0,0.34545612,2.0
0.82008076,0.83248097,1.0000001,1.0000001,0.4360875,1.0,1.0000001,0.46775028,3.0
0.12828285,0.2525776,0.22443303,0.4867307,0.4071756,0.030543577,0.27592617,0.37405723,0.0
0.1428884,0.4974461,0.3452778,0.5431422,0.4651202,0.3782808,0.33982134,0.9999999,0.0
0.94649035,0.9753547,1.0,1.0,0.71574616,1.0,1.0,0.4901057,3.0
0.4855944,0.5238408,0.6977068,0.8055086,0.31490907,1.0000001,0.36969715,0.060762867,2.0
0.33965594,0.43684453,0.42998868,0.532283,0.45439246,0.32299632,0.2060901,0.24893007,0.0
0.88991845,0.8152279,1.0,1.0000002,0.30736488,1.0,1.0,0.45598447,2.0
0.8577356,0.81054235,1.0,1.0000002,0.40647385,1.0000001,1.0,0.48152423,2.0
0.13624477,0.34137553,0.16394494,0.42119503,0.6080557,0.109433785,0.29345012,0.32807508,0.0
0.9635705,0.88564646,1.0000001,1.0,0.71574616,1.0,1.0000001,0.4387716,1.0
0.15800324,0.29169518,0.32973143,0.46312076,0.432464,0.22215329,0.33964914,0.38970357,0.0
0.10132376,0.48758465,0.46759033,0.55956155,0.5659551,0.03870055,0.33964914,0.29390374,0.0
0.72208726,0.7483648,1.0,1.0,1.0,0.99999994,1.0,0.26792857,2.0
0.8789636,0.84802985,1.0,1.0000002,0.558216,1.0000001,1.0,0.45598447,1.0
0.917067,0.9478782,1.0,1.0,0.26874602,1.0,1.0,0.9999999,2.0
0.1803375,0.31577393,0.35536855,0.5281247,0.34441996,0.18376005,0.22620225,0.41564944,0.0
0.8990628,0.85681206,1.0,1.0,0.3852564,1.0,1.0000001,0.2614462,3.0
1.0,0.99999994,0.99999994,0.9999999,0.558216,1.0,1.0000001,0.14342114,3.0
0.2884336,0.3467353,0.31961536,0.5885645,0.5112469,0.25207424,0.36969715,0.3810777,0.0
0.28280145,0.47605097,0.31961536,0.5885645,0.4483546,0.25207424,0.36969715,0.42831627,0.0
0.25695342,0.36093587,0.38025397,0.594765,1.0000001,0.33286554,0.29510218,0.2827658,0.0
0.12163851,0.23405465,0.30664062,0.50226796,0.4398378,0.06392142,0.27592617,0.2578912,0.0
0.8733398,0.8060267,1.0,1.0,0.4483546,1.0000001,1.0000001,0.2719449,4.0
0.91067743,0.8562824,1.0,1.0000001,0.4360875,1.0,1.0,0.28477052,3.0
0.16884387,0.30929604,0.31505176,0.49446878,0.38525635,0.23976043,0.22447549,0.119472966,0.0
0.1588513,0.35799012,0.32980192,0.56094897,0.41828632,0.08390109,0.2956029,0.26416042,0.0
0.9383181,0.7251411,1.0,0.99999994,0.41828626,1.0000002,1.0000001,0.060762867,2.0
0.15748423,0.16363718,0.24559265,0.45845702,0.5112469,0.21584885,0.32592627,0.32885224,0.0
0.16062813,0.36946476,0.40417647,0.5360343,0.39892256,0.13462152,0.1541862,0.30498147,0.0
0.86902755,0.815749,1.0000002,1.0,0.4556765,1.0000001,1.0,-0.017849598,2.0
0.055820882,0.26258957,0.30075136,0.54115546,0.39837074,0.3549211,0.29510218,-0.059279382,0.0
0.15986317,0.32730782,0.27876115,0.48077437,0.34441996,0.33494323,0.33144972,0.46734154,0.0
0.29410356,0.35154676,0.5235024,0.6313906,0.58900136,0.21336098,0.33964914,0.3020517,0.0
0.12291275,0.3088922,0.40645123,0.6270002,0.71574616,0.10966985,0.1577716,0.5622984,0.0
0.9475687,0.8843018,1.0000001,1.0,0.43983787,1.0,1.0000001,0.3964879,3.0
0.8852284,0.8655005,1.0,1.0,0.45439246,1.0000001,1.0000001,0.59534883,3.0
0.9640691,0.9274876,1.0,1.0,0.4818779,1.0,1.0,0.3629601,3.0
0.8609283,0.90678155,1.0,1.0,0.5256206,1.0000001,1.0,0.4456833,3.0
0.9118315,0.843518,1.0,1.0,0.4818779,1.0,1.0000001,0.36492956,2.0
0.9099252,0.89091176,1.0,1.0,0.30736488,1.0000001,1.0000001,0.30498147,4.0
0.9084697,0.9380039,1.0,1.0,0.58956575,1.0,1.0,0.42819273,3.0
0.89906776,0.8673409,1.0,1.0,0.43357915,1.0000002,1.0,0.26865232,3.0
0.92131233,0.8970623,0.99999994,0.9999999,0.32253432,1.0,1.0000001,0.32906568,2.0
0.1338217,0.23405465,0.30664062,0.50226796,0.46512017,0.06392142,0.27592617,0.12421048,0.0
0.9008632,0.86035967,1.0,1.0000001,0.32253432,1.0,1.0,0.4401303,2.0
0.9018588,0.8981008,1.0,1.0,0.4818779,1.0,1.0,0.44628108,2.0
0.8958075,0.87696123,1.0,1.0,1.0,1.0,1.0000001,0.44822973,3.0
0.07196196,0.37417072,0.3419305,0.53458965,0.4483546,0.3430152,0.17025715,0.5345298,0.0
0.06384242,0.46059787,0.30854818,0.47521773,0.45567653,0.012339317,0.22095497,1.0000001,0.0
1.0,0.899949,1.0,1.0000001,0.5659551,1.0,0.9999999,0.32538858,4.0
0.3029049,0.37569633,0.4635989,0.646822,0.5296198,0.29240194,0.36969718,0.28045052,0.0
0.90361565,0.8142544,1.0,1.0000001,0.55333304,1.0,1.0000001,0.27512532,1.0
0.7259717,0.80468726,1.0,1.0000001,1.0,1.0,1.0,0.32906568,2.0
0.21121207,0.41257748,0.43631285,0.6421515,0.4706548,0.30855718,0.36969715,0.049851146,0.0
0.104745105,0.24206974,0.31637475,0.4762337,0.55272484,0.029313,0.1541862,0.69707763,0.0
1.0000001,1.0000002,1.0,1.0000002,0.5659551,1.0,1.0,0.3343365,2.0
0.88302547,0.81512904,1.0000001,0.9999999,0.71574616,1.0,1.0,0.35703236,3.0
0.9484884,0.78366554,1.0,0.99999994,1.0000001,1.0000002,1.0000001,0.2719448,2.0
0.01973048,0.17036432,0.30011508,0.48215058,0.26874602,0.14590293,0.24090596,0.38970357,0.0
0.9208343,0.9107162,0.99999994,1.0,0.30736482,1.0000001,1.0,0.69707763,3.0
0.5050799,0.7461286,0.6977068,0.8055086,0.45439246,1.0000001,0.36969715,0.33205926,2.0
0.8305218,0.87439865,1.0,1.0000001,0.558216,0.99999994,1.0,0.69707763,4.0
0.06856703,0.28594846,0.25472856,0.48304635,0.31490907,0.14927575,0.33964914,0.28712094,0.0
0.2935878,0.4181534,0.34103402,0.50483173,0.55333304,0.14081426,1.0,0.3922518,0.0
0.08971429,0.2563824,0.31579724,0.44566402,0.34442002,0.28389025,0.23595501,0.31077546,0.0
0.93320346,0.927817,1.0,1.0,0.3559913,1.0000002,1.0,0.47388792,4.0
0.95160604,0.88266957,1.0,1.0,0.3559913,1.0,1.0,0.43174052,3.0
0.046654392,0.19683711,0.37325487,0.571557,0.58956575,0.06502894,0.2562733,0.2614463,0.0
0.020657578,0.14998527,0.19736004,0.3654035,0.4818779,-0.020381397,0.1290364,0.6019701,0.0
0.015754674,0.22161818,0.28695208,0.47001046,1.0,0.15149507,0.16697864,0.65253776,0.0
0.6948409,0.74895453,1.0000001,1.0000001,0.55272484,1.0,1.0000001,0.22803235,4.0
0.070958376,0.27583957,0.28215337,0.43900108,0.45439246,0.04394047,0.12177644,0.10418082,0.0
0.09455331,0.42522496,0.30725834,0.43492565,0.5296198,0.11023044,0.22095497,0.4171374,0.0
0.034585766,0.2947157,0.40645123,0.6270002,0.4360875,0.10966985,0.15777162,0.2951004,0.0
0.19864579,0.2938884,0.2828265,0.42528993,0.4556765,0.10962602,0.36969715,0.3253179,0.0
0.75212663,0.9603046,1.0000001,1.0,0.40647385,1.0000001,1.0,0.62410575,3.0
0.2557636,0.41620392,0.14683986,0.41635793,1.0000001,0.28639913,1.0,0.050911173,0.0
0.24654552,0.44331253,0.3599269,0.6350756,0.4360875,0.16744219,0.2956028,0.33065537,0.0
0.171516,0.19379923,0.30582947,0.47083378,0.4651202,0.4260952,0.32592627,0.14139035,0.0
0.7082404,0.7085775,1.0,1.0000001,0.58956575,1.0,1.0,0.18435243,3.0
0.17439136,0.3436875,0.39277005,0.5839281,0.4398378,0.078463405,0.29510218,0.28477052,0.0
0.95983016,0.88420427,1.0,1.0,0.5256206,1.0,1.0,0.26865232,2.0
0.8265812,0.86371803,1.0000001,1.0,0.41828626,1.0,1.0000001,0.4100486,2.0
0.1158742,0.3930221,0.32686695,0.45543858,0.4483546,0.45449784,0.2060901,0.060762867,0.0
0.028903743,0.24270627,0.2448517,0.4832354,0.55272484,0.010835564,0.42110774,0.51565516,0.0
0.91422033,0.81388307,1.0,1.0,0.432464,1.0000002,1.0000001,0.3098126,3.0
0.21563527,0.575921,0.3599269,0.6350756,0.432464,0.16744213,0.2956029,0.33433646,0.0
0.9595412,0.7723465,1.0000001,1.0000001,0.4483546,1.0,1.0,0.42695543,1.0
0.19789433,0.39408758,0.37443504,0.58502614,0.29535645,0.43987566,0.20826524,0.42921686,0.0
0.078306794,0.27137107,0.2781701,0.4547143,0.39892256,0.07817814,0.051014528,0.4238788,0.0
0.20933837,0.40093476,0.4420883,0.5500387,0.37660405,0.44722724,0.23263696,0.21993211,0.0
0.95603526,0.8100237,1.0,0.99999994,0.39837086,1.0000002,1.0000001,0.046457622,4.0
0.5592634,0.5689262,0.46268582,0.6113454,0.3852564,0.3169802,1.0000001,0.48497993,0.0
0.9234775,0.81983423,1.0,1.0,0.47065482,1.0,1.0000001,0.30769804,1.0
0.8774972,0.8830664,1.0,1.0000001,0.45439246,1.0000001,1.0000001,0.33892834,3.0
0.9277538,0.9138293,1.0,1.0,0.71574616,1.0,1.0000001,0.41004872,2.0
1.0,0.97395253,1.0,1.0,0.4483546,1.0000001,1.0,0.29381585,3.0
0.89000624,0.8967116,1.0,1.0,0.26874602,1.0,1.0,0.47480065,3.0
0.9202025,0.95262116,1.0,1.0000001,0.26874602,1.0000001,1.0000001,1.0,3.0
0.20435348,0.40013063,0.42729717,0.6087969,0.55272484,0.1793789,0.22620225,0.015137643,0.0
0.092560925,0.31251413,0.23857573,0.5536287,1.0,0.07767299,0.34463084,0.40202475,1.0
0.0893635,0.2852264,0.36355433,0.5758431,0.31490907,0.13411754,0.23263696,0.41795135,0.0
0.8643261,0.72720754,1.0,1.0,0.34442002,1.0,1.0,0.8155047,2.0
0.10498585,0.21660493,0.44116342,0.6237925,0.432464,0.15460788,0.07367286,0.35238895,0.0
0.7662662,0.86389947,1.0000002,1.0,0.26874602,1.0000001,1.0,0.5622984,3.0
0.8982204,0.6845038,1.0,1.0000001,0.58956575,1.0,1.0,0.23244068,1.0
0.25162596,0.5210811,0.40855527,0.63566566,0.5112469,0.117263705,0.22620225,0.3420484,1.0
0.19443518,0.2892239,0.29727843,0.521551,0.5256206,0.04776568,0.16786185,0.14076346,0.0
0.29300362,0.5564095,0.457319,0.5551763,0.5112469,0.47095495,0.33964914,0.5367276,0.0
1.0000002,0.9437192,1.0000002,1.0,0.558216,1.0000001,1.0,0.5622984,3.0
0.8481226,0.81808496,1.0,1.0,0.3852564,1.0,1.0,0.06088537,2.0
0.16439234,0.31543314,0.28517678,0.42207158,0.4071756,0.10962604,0.33964914,0.3177865,0.0
0.56076086,0.66301745,0.4799455,0.62848735,0.3852564,0.08390103,1.0,0.59534883,0.0
0.17151372,0.26050743,0.42998868,0.532283,0.40647385,0.3229963,0.2060901,0.23609406,0.0
0.07771382,0.3622743,0.30854818,0.47521773,0.39837074,0.012339292,0.22095497,0.0767778,1.0
0.18685667,0.40922302,0.30372417,0.59543294,0.558216,0.037520185,0.29510218,0.2645597,0.0
0.026298404,0.23755571,0.2448517,0.4832354,0.58956575,0.010835564,0.42110774,0.52433014,0.0
0.28530627,0.40532917,0.28930217,0.52537245,0.38525635,0.21398818,0.36969715,0.010120068,1.0
0.8136157,0.81574166,1.0,1.0,0.32253432,1.0,1.0,0.046457622,1.0
0.911373,0.9101614,1.0,1.0,0.34442002,1.0,1.0,0.34545612,3.0
0.0519336,0.30277807,0.18261406,0.46799687,0.558216,0.078366354,0.1577716,0.62410575,0.0
0.11549257,0.29991996,0.36420643,0.5944388,0.43983787,0.06636363,0.1577716,0.28876552,0.0
0.8731213,0.90582216,1.0,1.0,1.0000001,1.0000001,1.0,0.34545612,2.0
0.93466735,0.9437803,0.9999999,1.0000001,0.41828632,1.0,1.0,0.4362871,2.0
0.16550544,0.26753163,0.40079737,0.6010023,0.39892256,0.092878655,0.1577716,0.2159991,0.0
0.0075910185,0.42028904,0.24835907,0.47447252,0.39837086,0.13389742,0.117881544,0.0450882,1.0
0.19598246,0.33394003,0.31688654,0.52392316,1.0,0.3474036,0.34463084,0.11692725,0.0
0.85703814,0.7721412,1.0,1.0000001,0.43357915,1.0,1.0,0.3481918,1.0
0.8523649,0.8256134,1.0,1.0000001,0.432464,1.0000001,1.0000001,0.21675837,2.0
0.60048604,0.74271226,0.7219943,0.83027136,0.34442002,1.0000001,1.0,0.2645597,1.0
0.9093782,0.9456661,1.0000001,1.0,0.26874602,1.0,1.0000001,1.0,3.0
0.067998834,0.23571545,0.43561167,0.57774734,0.34442002,0.47739255,0.24090596,0.3607095,0.0
0.043925326,0.2989139,0.2483591,0.47447255,1.0,0.13389742,0.117881544,0.38482207,0.0
0.10676449,0.31973788,0.38103575,0.55718756,1.0,0.18955627,0.23263696,0.4216482,0.0
0.21872538,0.36722857,0.28930217,0.5253725,0.432464,0.21398818,0.36969715,0.7463634,0.0
0.8712008,0.8361965,1.0000001,0.9999999,1.0000001,1.0000001,1.0,0.7463634,2.0
0.07586742,0.47759974,0.30745608,0.48808053,0.39892256,-0.044197652,0.1498338,1.0000001,0.0
0.051336844,0.3604773,0.33438382,0.5393954,0.4360875,0.34290934,0.12177644,0.4401303,1.0
0.89839214,0.9825742,1.0000001,1.0,0.71574616,1.0,1.0000001,1.0,3.0
0.7422999,0.8219998,1.0000002,1.0,0.40647385,1.0,1.0,0.67553765,3.0
0.8221648,0.8596351,1.0,1.0,0.37660405,1.0000002,1.0000001,0.3508431,3.0
0.88302547,0.63763255,1.0000001,0.9999999,0.5296198,1.0,1.0,0.0648841,2.0
0.89793634,0.8378254,0.99999994,0.9999999,1.0,1.0,1.0000001,0.33277,3.0
0.14044799,0.38836947,0.4001966,0.6021725,0.4818779,0.6317419,0.33964914,0.7463634,0.0
0.279309,0.405607,0.34103402,0.50483173,0.43357915,0.14081423,1.0,0.23280002,1.0
0.4365657,0.44964406,0.4151414,0.6499449,0.4360875,0.2788267,1.0000001,0.41795135,0.0
0.015217109,0.2857135,0.2286784,0.47166,0.5754386,0.09952273,0.117881544,0.42598832,0.0
0.9163059,0.66809285,1.0000001,0.9999999,0.58900136,1.0000001,1.0,0.060762867,1.0
0.93047726,0.94601154,1.0,1.0,1.0,1.0,1.0,0.3448121,3.0
0.91227573,0.7780913,1.0,1.0000001,0.30736482,1.0,1.0,0.6356957,2.0
0.38259712,0.62289155,0.6977068,0.8055086,0.39837074,1.0000001,0.36969715,0.42107314,3.0
0.062766396,0.19658029,0.21031523,0.4735061,0.55272484,0.0065333284,0.2117667,0.47158292,0.0
0.16503891,0.3104184,0.2828265,0.42528993,0.41828632,0.10962602,0.36969715,0.2911985,1.0
0.02224278,0.2395735,0.19861372,0.35099313,0.39837074,0.16225351,0.18429458,0.3049814,0.0
0.20489906,0.4173951,0.32980192,0.56094897,0.5754386,0.08390109,0.2956028,0.4456833,0.0
0.12479323,0.22348928,0.4354267,0.6018355,0.46512017,0.11420985,0.2562733,0.19390142,0.0
0.33025956,0.5995084,0.5770662,0.74441123,0.3559913,0.3017821,0.34463096,0.41190463,0.0
-0.07556893,0.21582362,0.108081795,0.3954484,0.5754386,0.21127287,0.360922,0.29381585,0.0
0.9194014,0.90274584,0.99999994,0.9999999,0.58900136,1.0,1.0000001,0.2645597,4.0
0.8025327,0.81656563,1.0,1.0,0.43357915,1.0000001,1.0,0.33065537,2.0
0.75890625,0.8291081,1.0,1.0,0.558216,1.0,1.0,0.063827336,2.0
0.16280034,0.3563115,0.5219674,0.67012554,0.29535645,0.38695368,0.33964914,-0.013264746,0.0
0.8843203,0.70843315,1.0000001,0.9999999,0.43357915,1.0,1.0,0.27512532,1.0
0.47229904,0.59611225,0.6977068,0.8055086,0.4398378,1.0,0.36969715,0.12137157,4.0
0.13449126,0.36193818,0.44116342,0.6237924,0.29535645,0.15460788,0.07367286,0.32954448,0.0
0.054799676,0.35702395,0.33649606,0.5330492,0.3559913,0.42127398,0.23263696,0.34509924,0.0
0.9609488,0.7637266,1.0,1.0,0.43983787,1.0000002,1.0000001,0.3933973,3.0
0.8253987,0.7253613,0.99999994,0.9999999,0.46512017,1.0,1.0000001,0.13151704,1.0
0.887112,0.8329595,0.99999994,1.0,0.4556765,1.0000001,1.0,0.47158283,3.0
-0.048974857,0.17213973,0.22897945,0.3525917,0.41828632,0.26787668,0.050903007,-0.03935621,0.0
1.0,0.87119675,1.0,1.0,1.0000001,1.0,1.0,0.38482207,2.0
0.17288575,0.3725782,0.4125991,0.5219281,1.0,0.2586677,0.4017225,0.22133857,0.0
0.2427347,0.4020148,0.28930217,0.52537245,0.432464,0.21398818,0.36969715,0.061684813,0.0
0.8378634,0.7231021,1.0,1.0,0.40647385,1.0,1.0,0.26792857,4.0
0.13067573,0.41127992,0.31066304,0.4895507,0.39892256,0.00771897,0.20826524,-0.04213456,0.0
0.4679791,0.53728706,0.36050022,0.5448672,0.71574616,0.10038005,1.0000001,0.071192645,0.0
0.51987857,0.5238408,0.6977068,0.8055086,0.43983787,1.0,0.36969715,0.010120068,2.0
0.14349218,0.32958823,0.28040838,0.50724536,0.43357915,0.0688277,0.34463084,0.4159292,0.0
0.16754654,0.40689224,0.2400713,0.49461806,0.55272484,0.0066492893,0.34463084,0.3448121,0.0
0.032804344,0.26902455,0.23302248,0.44944978,0.4706548,0.13389738,0.23263696,0.3011943,0.0
0.264856,0.33453202,0.45458016,0.5561203,0.41828632,0.16233967,0.36969715,0.27223444,0.0
0.13469274,0.34125355,0.2869972,0.54927766,0.34441996,0.3012904,0.36969715,0.2614463,0.0
0.3328427,0.5840188,0.613614,0.76929295,0.41828626,0.15365767,0.36969715,0.39749324,0.0
0.32591468,0.3183877,0.2964724,0.45569795,0.5256206,0.04417499,0.36969715,0.378512,0.0
-0.017252967,0.1612423,0.18261406,0.46799687,0.43357915,0.0783663,0.1577716,0.480075,0.0
0.88910246,0.8651042,1.0,1.0,0.30736482,1.0,1.0000001,0.3253179,1.0
0.50165665,0.65499705,0.6977068,0.8055086,0.4360875,1.0,0.36969715,0.42831627,3.0
0.9106531,0.9262396,0.99999994,0.9999999,0.5112469,1.0,1.0000001,0.65253776,2.0
0.8253987,0.8074504,0.99999994,0.9999999,0.31490907,1.0,1.0000001,0.18435243,3.0
0.79904073,0.78718793,1.0,1.0000001,0.4556765,0.99999994,1.0,0.5622984,2.0
0.8724979,0.8952807,1.0,1.0,1.0000001,1.0000001,1.0,0.44628108,4.0
0.47165802,0.66282445,0.6977068,0.8055086,0.26874602,1.0,0.36969715,0.33205926,3.0
1.0,0.87119675,1.0,1.0,1.0000001,1.0,1.0,0.38482207,4.0
0.16961959,0.25451326,0.41128826,0.5950707,0.40647385,0.16361459,0.33964914,0.20276797,1.0
0.21067199,0.35518298,0.5235024,0.6313906,0.268746,0.21336098,0.33964914,0.3049814,1.0
1.0000002,0.73619246,1.0,1.0000001,0.58900136,1.0,1.0,0.08240561,3.0
0.937361,0.8705005,0.9999999,1.0000001,0.4818779,1.0,1.0,0.46649075,1.0
0.16496179,0.3947662,0.39087898,0.55480963,0.43983787,0.44838932,0.23263696,0.3629199,1.0
0.1705734,0.42766976,0.3445863,0.5594157,0.40717554,0.43987566,0.20826524,0.15589398,0.0
0.14073744,0.34825867,0.28040838,0.50724536,0.55333304,0.06882769,0.34463084,0.42598832,0.0
0.8766519,0.8041904,0.99999994,1.0,0.6080557,1.0000001,1.0,0.0767778,2.0
0.017098803,0.27737415,0.27525663,0.45090222,0.6080557,0.077323556,0.24090596,0.26758543,0.0
0.9002004,0.927817,1.0,1.0,0.3559913,1.0000002,1.0,0.30420148,2.0
0.13961345,0.25568214,0.26799834,0.42293286,0.34442002,0.026751049,0.32592627,0.5993047,1.0
0.2844147,0.47249123,0.4949477,0.6387526,0.39837074,0.6400837,0.1217764,0.07753228,0.0
0.9025446,0.7853231,1.0,1.0000002,0.4651202,1.0,1.0,0.100318894,1.0
0.01254232,0.2761473,0.19861373,0.35099322,0.39837086,0.16225351,0.18429458,1.0,1.0
0.83688474,0.6518893,1.0,1.0000001,0.4556765,0.99999994,1.0,0.35238895,2.0
0.9234936,0.8511409,1.0000001,1.0,0.55333304,1.0000001,1.0000001,0.36537263,2.0
0.28114238,0.38132042,0.45458016,0.5561203,0.30736482,0.16233966,0.36969715,0.39443374,0.0
0.7034039,0.7634615,1.0,1.0,0.40647385,1.0,1.0000001,0.17481786,2.0
0.87793136,0.89063823,0.99999994,0.9999999,0.4818779,1.0,1.0000001,0.5331073,2.0
0.8956325,0.7560285,1.0,1.0,0.32253432,1.0000001,1.0000001,0.046377435,1.0
0.11091363,0.26216665,0.28680837,0.548476,1.0,0.35492122,0.20826524,0.33277,0.0
0.9635705,0.9302565,1.0000001,1.0,0.4818779,1.0,1.0000001,0.47480065,3.0
0.099230364,0.21564229,0.24559265,0.4584571,0.40717554,0.21584885,0.32592627,0.1937421,0.0
0.8245028,0.60266197,1.0000001,0.9999999,0.5112469,1.0,1.0,0.23893514,2.0
0.26667655,0.43369198,0.5120746,0.66382277,0.30736488,0.3869536,0.36969715,0.23280002,0.0
0.16285694,0.35533184,0.38659558,0.6332185,0.71574616,0.2788267,0.36969715,0.6356957,0.0
0.07632971,0.18234397,0.46759033,0.55956155,0.40647385,0.03870055,0.33964914,0.35993445,0.0
1.0000001,0.83722496,1.0,1.0,0.4483546,1.0000001,1.0000001,0.36077708,2.0
0.015284382,0.41054857,0.29337442,0.49259868,0.55272484,0.052769896,0.12177644,0.38351342,0.0
0.081178896,0.1666362,0.24748418,0.5353142,0.4071756,0.078366354,0.1577716,0.051158436,1.0
0.16865925,0.19820273,0.2625891,0.5481136,0.58956575,0.11302158,0.29345015,0.14076346,1.0
0.9593821,0.85599744,1.0,1.0,0.30736488,1.0000002,1.0000001,0.16671354,3.0
0.89847875,0.8975783,1.0,1.0,0.432464,1.0,1.0000001,0.2554379,1.0
0.36279395,0.40188918,0.46595666,0.56576693,0.40647385,0.33829704,1.0000001,0.42695543,0.0
0.104977876,0.27408868,0.36420643,0.5944388,0.432464,0.06636363,0.1577716,0.19469394,0.0
0.63963485,0.5666742,0.7289587,0.80321276,0.34441996,0.3869536,1.0000001,0.10310209,0.0
0.353286,0.4518261,0.4533803,0.6115664,0.58900136,0.1312842,0.36969715,0.2911985,0.0
0.86913776,0.86153406,1.0,1.0000001,1.0000001,1.0,1.0,0.27549565,3.0
0.906083,0.8078428,0.99999994,0.9999999,0.58956575,1.0,1.0000001,0.27512532,4.0
0.08256537,0.28840193,0.25083002,0.48180652,0.45439246,0.17917877,0.2117667,0.2524094,0.0
1.0,0.8719423,1.0,1.0,0.58900136,1.0,1.0000001,0.34545612,4.0
0.10227618,0.29057816,0.31637475,0.4762337,0.34442002,0.029312998,0.1541862,0.053727128,1.0
0.1338759,0.27726543,0.38800985,0.5359367,0.3559913,-0.00137483,0.33964914,0.053727128,0.0
-0.022651043,0.22982575,0.20492701,0.45381773,0.32253432,0.06660693,0.051014528,0.3810777,0.0
0.9244213,0.7578527,1.0000001,1.0,0.40717554,1.0000002,1.0,0.04591631,2.0
0.95171475,0.7796259,1.0,0.99999994,0.565955,1.0000002,1.0000001,0.25810048,3.0
0.9234775,0.843518,1.0,1.0,0.4818779,1.0,1.0000001,0.34575456,2.0
-0.027787201,0.27242354,0.20486504,0.46645862,1.0000001,0.09952273,0.117881544,0.33109528,0.0
0.8382548,0.729951,1.0,1.0,0.26874602,1.0,1.0,0.32979262,1.0
0.9439405,0.8260455,1.0,1.0,0.32253432,1.0000002,1.0000001,0.3144312,1.0
0.95865077,0.887994,0.9999999,1.0000001,0.38525632,1.0,1.0,0.53960526,2.0
0.9307424,0.8978942,1.0,1.0,0.41828626,1.0000002,1.0,0.43174052,4.0
0.41273773,0.6815876,0.6977068,0.8055086,0.58900136,1.0,0.36969715,0.30498147,3.0
0.8943581,0.8832859,1.0000001,1.0,0.4818779,1.0,1.0000001,0.1983075,3.0
0.89793634,0.8754192,0.99999994,0.9999999,1.0,1.0,1.0000001,0.29390374,1.0
0.14945164,0.33680892,0.2828265,0.42528993,1.0000001,0.10962602,0.36969715,0.33065537,0.0
0.93299365,0.85014164,1.0000001,1.0,0.43357915,1.0,1.0000001,0.32906568,3.0
0.04253052,0.18896233,0.30011508,0.48215058,0.40647385,0.14590293,0.24090596,0.49461466,0.0
0.08797862,0.35676897,0.32022232,0.6007087,0.71574616,0.077673,0.12177644,0.3080734,1.0
0.62050474,0.5581641,0.6833683,0.7985882,0.4071756,0.4579961,1.0000001,0.10542542,0.0
-0.047338687,0.19394746,0.33662,0.52185965,0.55333304,0.1499984,0.1577716,0.06632313,0.0
0.081020206,0.18021947,0.18103163,0.458044,0.39837086,0.12735006,0.2046035,0.23893514,0.0
0.92018414,0.8791617,1.0000002,1.0,0.5296198,1.0000001,1.0,0.38970357,2.0
0.15023673,0.33764452,0.30664062,0.50226796,1.0,0.06392142,0.27592617,0.3508431,0.0
0.033668123,0.22240213,0.30745608,0.48808056,0.58956575,-0.044197652,0.1498338,0.5396054,0.0
0.91017747,0.67769563,1.0,1.0000001,0.40717554,1.0,1.0,0.12556192,4.0
0.47100306,0.43983507,0.42461073,0.6060025,1.0000001,0.002429002,1.0000001,0.3290656,0.0
0.20196807,0.40578467,0.37443504,0.58502614,1.0,0.43987563,0.20826524,-0.013264746,0.0
0.010668993,0.3206269,0.28018704,0.3715244,0.5256206,0.1915733,0.1541862,0.45699638,0.0
0.93395483,0.85989547,1.0,1.0000001,0.43983787,1.0000001,1.0000001,0.3570323,3.0
1.0000001,0.84510756,1.0,1.0,0.5659551,1.0000001,1.0000001,0.3290656,3.0
0.44504595,0.6377518,0.6977068,0.8055086,1.0,1.0000001,0.36969715,0.30498147,3.0
0.86832917,0.80333996,1.0,1.0,0.43357915,1.0,1.0,0.36861652,2.0
0.012771025,0.43779093,0.27421016,0.45512024,0.5659551,0.08038469,0.1577716,0.4193282,0.0
0.91457057,0.87978375,1.0,1.0,0.31490907,1.0000001,1.0,0.4100486,3.0
0.27921838,0.46820924,0.49422398,0.69229805,1.0000001,0.14396694,0.1577716,0.14929584,0.0
0.9157578,0.7961748,1.0000002,1.0,0.4398378,1.0000001,1.0,0.34575453,3.0
0.17033127,0.25756234,0.24177831,0.46631485,0.39837074,0.23985414,0.20826524,0.34212536,0.0
0.9234667,0.90563846,1.0000001,1.0,0.4360875,1.0,1.0000001,0.3080734,1.0
0.20176944,0.42916715,0.37443504,0.58502614,0.432464,0.43987566,0.20826524,0.18975917,0.0
0.17846817,0.49273476,0.36294216,0.5003983,0.4651202,0.33829707,0.30226368,0.23280002,0.0
0.029811107,0.32363716,0.2483591,0.47447255,0.58900136,0.13389735,0.117881544,0.12421048,0.0
0.11141535,0.3203537,0.46759033,0.55956155,1.0000001,0.03870055,0.33964914,0.47158292,0.0
0.8975823,0.8844953,1.0,1.0,0.432464,1.0,1.0,0.54221153,2.0
0.6282406,0.55023086,0.7289587,0.80321276,0.4818779,0.3869536,1.0000001,0.091384,0.0
-0.010235567,0.19925891,0.25942948,0.45433825,0.5112469,0.16484451,0.16697864,0.47388792,0.0
0.89678735,0.9053081,1.0,1.0000001,0.4706548,1.0000001,1.0000001,0.32954448,3.0
0.26036915,0.44093227,0.44168526,0.61230206,0.5112469,0.29240194,0.36969715,0.12388573,0.0
0.87874335,0.86836904,1.0,1.0,0.39892256,1.0000001,1.0,0.3253179,3.0
0.8643261,0.9480957,1.0,1.0,0.41828626,1.0,1.0,0.39749324,2.0
0.8376273,0.7522387,1.0,1.0,0.46512017,1.0000002,1.0000001,0.23244068,3.0
0.9024656,0.82351553,1.0,1.0000001,0.55272484,1.0,1.0,0.3448121,3.0
-0.008254435,0.27428493,0.19736004,0.36540347,0.3559913,-0.02038141,0.1290364,0.59534883,0.0
0.89793634,0.9503931,0.99999994,0.9999999,1.0,1.0,1.0000001,0.2044552,3.0
1.0000001,0.96177125,1.0,1.0,0.45439246,1.0,1.0,0.16962191,2.0
0.05630227,0.294712,0.25083002,0.48180652,0.558216,0.17917877,0.2117667,0.25019377,0.0
0.7003704,0.9486786,1.0,1.0000001,0.41828626,1.0,0.9999999,0.4235767,4.0
0.90590173,0.8434404,1.0,1.0000002,0.4360875,1.0,1.0,0.12137157,2.0
0.08026524,0.31533968,0.25913718,0.43539762,0.32253432,0.30600256,0.1217764,0.091384,0.0
0.24257426,0.41191444,0.42729717,0.6087969,0.71574616,0.1793789,0.22620225,0.69707763,0.0
0.91227573,0.7782813,1.0,1.0000001,0.4706549,1.0,1.0,0.2578912,2.0
0.11821497,0.30362642,0.40437704,0.48287475,1.0000002,0.15040496,0.1541862,0.4664908,0.0
0.0930617,0.23961979,0.27680197,0.5314161,0.43357915,0.17608269,0.2117667,0.2911833,0.0
0.09163171,0.3634131,0.3441469,0.5277725,0.4398378,0.06502897,0.22095497,0.1983075,0.0
0.48323625,0.63658315,0.6977068,0.8055086,0.46512017,1.0000001,0.36969715,0.46156108,4.0
0.34318674,0.6014484,0.5574626,0.76987594,0.4360875,0.3017821,0.20826524,0.08249424,0.0
0.13999075,0.3481232,0.27235767,0.5300844,0.58900136,0.115213156,0.20826524,0.41564932,0.0
0.09106121,0.4126855,0.25083002,0.48180646,0.4360875,0.17917877,0.2117667,0.3507484,0.0
0.49409032,0.54643893,0.41286314,0.6728513,0.4706548,0.07099595,1.0000001,0.25108284,0.0
0.22581449,0.47135335,0.438637,0.60827285,0.4483546,0.082731426,0.1498338,-0.060992047,0.0
0.8460109,0.7968223,1.0,1.0,0.268746,1.0,1.0000001,0.30487594,3.0
0.15483287,0.21381067,0.40079737,0.6010023,0.31490907,0.092878655,0.1577716,0.09368217,0.0
0.4530654,0.5172758,0.4419096,0.6371074,0.3559913,0.050781287,1.0,0.34862697,0.0
0.11346643,0.2110402,0.23873453,0.4672349,0.34442002,0.090218335,0.1577716,0.3744207,0.0
0.5147541,0.49146312,0.6977068,0.8055086,0.55333304,1.0,0.36969715,0.071192645,3.0
0.85998577,0.72520816,1.0,1.0,0.29535645,1.0,1.0,0.5993047,3.0
0.91880053,0.9331012,1.0,1.0,0.4483546,1.0000001,1.0,0.2938158,2.0
0.23414175,0.37227228,0.39311054,0.55271673,0.5754386,0.2741326,0.117881544,0.3254966,0.0
-0.014209847,0.34895903,0.21167265,0.393362,0.5112469,0.21984479,0.051014528,1.0,0.0
0.18792318,0.3592188,0.2828265,0.42528993,1.0000001,0.10962602,0.36969715,0.26865232,0.0
0.050499238,0.29101,0.25215787,0.489141,0.43983787,0.30129045,0.36969715,0.3477045,0.0
0.0737848,0.4792766,0.43561167,0.57774734,0.58900136,0.47739255,0.24090596,0.18975917,0.0
0.19443518,0.27846897,0.29727843,0.521551,0.5256206,0.04776568,0.16786185,-0.13938777,0.0
0.14419565,0.39653707,0.25832576,0.459685,0.4818779,0.306795,0.29510218,0.0060412847,1.0
0.6941808,0.84147024,1.0000001,1.0000001,0.45567653,1.0,1.0000001,0.3011943,3.0
0.16713339,0.45199376,0.32980192,0.56094897,0.5659551,0.08390109,0.2956029,0.41564932,0.0
0.5361607,0.48120782,0.5236163,0.670569,0.29535645,0.046236515,1.0,0.2610281,0.0
0.09305902,0.34733498,0.23808864,0.43646097,0.5296198,-0.021365585,0.117881544,0.5367276,0.0
0.7684573,0.78922606,1.0,1.0000001,0.26874602,0.99999994,1.0,0.32954448,2.0
0.2557636,0.4088214,0.14683986,0.41635793,1.0000001,0.28639913,1.0,0.3649295,0.0
0.085643485,0.2532136,0.39639592,0.49093908,0.32253432,0.18955627,0.1541862,0.31077546,1.0
0.88405204,0.91420513,1.0,1.0000002,0.45439246,1.0000001,1.0,0.7878543,3.0
0.88612556,0.9693142,1.0000001,0.9999999,0.71574616,1.0,1.0,0.9999999,4.0
-0.00908715,0.21478121,0.26707643,0.48373935,0.41828632,0.11862859,0.16697864,0.7463634,0.0
0.9691486,0.98316205,1.0,1.0,0.71574616,1.0000002,1.0000001,1.0,2.0
0.077582225,0.3089552,0.27187628,0.50970054,0.5754386,0.18539642,0.117881544,0.51565516,1.0
0.12957847,0.3777578,0.2869972,0.54927766,0.432464,0.3012904,0.36969715,1.0,0.0
0.08886333,0.18416892,0.3180551,0.4649248,0.41828632,0.30600256,0.42110774,0.35238895,0.0
0.357072,0.52875054,0.54390526,0.6332089,0.3852564,0.09380914,0.36969715,0.3254966,0.0
0.49924606,0.543411,0.4799455,0.62848735,0.4706549,0.08390109,1.0,0.42510968,0.0
0.9024656,0.8292904,1.0,1.0000001,0.5112469,1.0,1.0,0.3428315,3.0
0.10765463,0.2914948,0.32585806,0.5469179,1.0,0.10966986,0.1577716,0.2614463,0.0
0.94827414,0.85280395,1.0000001,1.0000001,0.46512017,1.0000001,1.0,0.3886997,4.0
0.16072966,0.37552163,0.2964724,0.45569795,0.45439246,0.04417499,0.36969715,0.010120068,0.0
0.3285077,0.34086293,0.23730679,0.5193403,1.0,0.0066492893,0.20826524,0.100318894,1.0
0.21230134,0.44292676,0.46809793,0.6648564,0.30736482,0.40012532,0.360922,0.4945503,0.0
0.25810075,0.40735567,0.54390526,0.6332089,0.55272484,0.093809105,0.36969715,0.3439222,0.0
0.93998194,0.7955338,1.0000001,1.0,0.4483546,1.0000001,1.0,0.04591631,3.0
0.15920784,0.3160952,0.31066304,0.48955077,0.5256206,0.007718969,0.20826524,0.36537263,0.0
0.89049757,0.8691143,1.0000002,1.0,0.71574616,1.0000001,1.0,0.30420136,2.0
0.23779888,0.37920174,0.14683986,0.41635793,0.4706549,0.28639913,1.0,0.34575438,0.0
0.94808996,0.932209,1.0000001,1.0,1.0000001,1.0,1.0000001,0.28712094,2.0
-0.054093134,0.25585383,0.23471212,0.50885737,0.37660405,0.13411756,0.117881544,0.29381585,0.0
0.9472068,0.78366554,1.0,0.99999994,0.4483546,1.0000002,1.0000001,-0.033832975,2.0
0.90549374,0.9039614,1.0,1.0,0.32253432,1.0000002,1.0,0.3253179,3.0
0.9588419,0.7727392,1.0000001,1.0,0.43357915,1.0000002,1.0,0.2782482,3.0
0.5050799,0.7129713,0.6977068,0.8055086,1.0000001,1.0000001,0.36969715,0.33205926,1.0
0.89983606,0.75613624,1.0,1.0,0.43357915,1.0000001,1.0000001,0.35703236,3.0
0.17405684,0.28286433,0.37751365,0.47655043,0.5296198,0.024819652,0.4017225,0.3144312,1.0
0.89149415,0.9164065,0.99999994,0.9999999,0.31490907,1.0,1.0000001,0.14342114,2.0
0.8197291,0.93282545,1.0000001,1.0000001,0.58900136,1.0,1.0000001,0.3810777,4.0
0.034625717,0.25978127,0.32585806,0.5469179,0.5659551,0.10966985,0.1577716,0.42510968,0.0
0.3511784,0.6556656,0.30925512,0.5026873,0.5659551,0.15416962,1.0,0.26792857,0.0
0.36106527,0.4410137,0.4533803,0.6115664,0.30736488,0.1312842,0.36969715,0.3481918,1.0
0.22422838,0.46416986,0.32980192,0.56094897,0.5659551,0.08390109,0.2956029,0.31939155,0.0
0.1880337,0.34547508,0.36020198,0.5075512,0.45439246,0.35723472,0.22447549,0.34204847,0.0
-0.032787394,0.25963432,0.1764128,0.39397675,0.38525632,0.3151256,0.29419425,0.3466485,0.0
0.88405204,0.8845999,1.0,1.0000002,0.558216,1.0,1.0,0.45487824,2.0
0.013248451,0.19346395,0.23302248,0.44944978,0.432464,0.13389735,0.23263696,0.22133857,1.0
0.849205,0.8127141,1.0,1.0,0.4483546,1.0,1.0,0.5396054,2.0
0.88018906,0.68885195,1.0000001,0.9999999,1.0000001,1.0,1.0,0.29390374,3.0
0.91070855,0.85305536,1.0,1.0,0.26874602,1.0000001,1.0000001,0.4536053,1.0
0.1766425,0.47318462,0.49876294,0.6530659,0.55272484,0.5358374,0.23263696,0.45699638,0.0
0.17286544,0.24145392,0.31325668,0.43446672,0.55333304,0.022270165,0.117881544,0.28338498,0.0
0.19737111,0.34104192,0.43561167,0.5777473,0.5296198,0.47739255,0.24090596,0.23609406,0.0
0.95603526,0.8549194,1.0,1.0,0.45567653,1.0000002,1.0000001,0.046457622,3.0
0.0026309295,0.14879274,0.19306609,0.42961866,0.26874602,0.03103045,0.051014528,0.16671354,0.0
0.103058204,0.27507216,0.22443303,0.4867307,0.4360875,0.030543586,0.27592617,0.2645597,0.0
0.08502994,0.26827204,0.35028702,0.56384516,0.71574616,0.363854,0.33964914,0.5622984,0.0
0.82051486,0.85546935,1.0000001,1.0000001,0.45567653,1.0,1.0000001,0.4338043,1.0
0.9459509,0.79336023,1.0,1.0,0.39837086,1.0,1.0,0.27450782,2.0
0.92245626,0.7977114,1.0,1.0000001,0.26874602,1.0000001,1.0000001,0.2782482,3.0
0.9241965,0.8533186,1.0,1.0000001,0.558216,1.0000001,1.0000001,0.47158292,2.0
1.0,0.94517535,1.0000001,1.0,1.0,1.0,1.0000001,0.3080734,2.0
0.9528996,0.90900296,1.0,1.0,0.5754386,1.0000001,1.0,-0.05198829,2.0
0.7345644,0.68088394,1.0,1.0000001,0.45567653,0.99999994,1.0,0.060762867,4.0
0.1644033,0.4609517,0.428977,0.6028491,0.39837086,0.6317419,0.33964914,0.4100486,0.0
0.057341933,0.25449914,0.28592667,0.5191309,0.31490907,0.045618236,0.1217764,0.38351342,0.0
0.8713671,0.8161304,1.0,1.0000001,1.0000001,0.99999994,1.0,0.32979262,3.0
0.12879124,0.37004548,0.3846401,0.5424134,0.38525635,0.040000543,0.24090596,0.027338594,0.0
0.10461122,0.43036297,0.25891122,0.44339937,0.43357915,0.27184755,0.34463084,0.4536053,0.0
0.9035555,0.8507575,1.0000001,1.0,0.45567653,1.0,1.0000001,0.82368505,2.0
0.8285345,0.7975985,1.0,1.0000001,0.40717554,1.0,1.0000001,-0.05198829,3.0
0.6570499,0.6803186,0.7289587,0.80321276,0.4360875,0.38695368,1.0000001,0.4901057,0.0
0.035484724,0.41657978,0.19736004,0.36540347,0.32253432,-0.02038141,0.1290364,0.5622984,1.0
0.8941026,0.8915909,1.0,1.0,0.5659551,1.0,1.0000001,-0.017849598,3.0
0.2360721,0.3932444,0.38863516,0.6133734,0.5296198,0.11028289,0.29510218,0.14297426,0.0
0.94485474,0.9476258,1.0,0.99999994,0.37660405,1.0000002,1.0000001,0.09682163,4.0
0.85938996,0.80473226,1.0000001,1.0000001,0.43357915,1.0,1.0000001,0.48152423,3.0
0.10511179,0.3715514,0.27680197,0.5314161,0.32253432,0.17608269,0.2117667,0.3253179,0.0
0.88393116,0.7569542,1.0,1.0,0.5296198,1.0000001,1.0000001,0.35238892,3.0
0.041918103,0.31771338,0.28792188,0.49512073,0.4818779,0.073434845,0.2562733,0.03281834,0.0
0.8855567,0.6960161,1.0,1.0000001,0.4651202,1.0,1.0,0.19390142,4.0
0.86601245,0.937021,1.0,1.0,0.432464,1.0,1.0000001,0.99999994,2.0
0.25756168,0.48215434,0.3445863,0.5594157,0.4706548,0.43987566,0.20826524,0.28876552,0.0
0.88180995,0.7963964,1.0,1.0,0.58956575,1.0000001,1.0000001,0.3661881,1.0
0.8178979,0.94581103,1.0,1.0,0.45567653,1.0000001,1.0,1.0000001,2.0
0.19763455,0.47887814,0.3445863,0.5594157,0.4818779,0.43987566,0.20826524,0.15823872,0.0
0.092884466,0.25531876,0.3180551,0.4649248,0.45439246,0.30600256,0.42110777,0.28338498,0.0
0.15155077,0.3044781,0.28040838,0.50724536,0.43357915,0.06882768,0.34463084,0.26416042,1.0
0.93236333,0.85760885,0.9999999,1.0000001,0.6080557,1.0,1.0,0.29339886,2.0
0.9277538,0.8562578,1.0,1.0,0.30736488,1.0,1.0000001,0.37721395,3.0
0.04320366,0.21903126,0.27421016,0.45512024,0.39837074,0.08038469,0.1577716,0.26865232,0.0
0.29571885,0.5239996,0.38863516,0.6133734,1.0000001,0.11028289,0.29510218,0.31569058,0.0
0.4638008,0.71563315,0.7104496,0.85994256,0.3852564,1.0,0.2956029,0.27549562,0.0
0.71913123,0.81852704,1.0,1.0000001,0.29535645,1.0,0.9999999,0.17891881,1.0
0.9165931,0.9119279,1.0,1.0,1.0000002,1.0000001,1.0000001,0.15589398,3.0
0.9195646,0.8913982,1.0000001,1.0,0.6080557,1.0,1.0000001,0.2614463,2.0
0.95603526,0.7137863,1.0,0.99999994,0.4651202,1.0000002,1.0000001,0.04591631,4.0
0.85306025,0.92215466,0.99999994,1.0,0.40647385,1.0,1.0,1.0000001,3.0
0.7406996,0.8460904,1.0000001,1.0000001,1.0,1.0,1.0,0.46156102,2.0
0.03783726,0.33997548,0.2086919,0.4455133,1.0,0.09252523,0.21399234,0.35534614,1.0
0.9270896,0.87822986,1.0000001,1.0,0.43983787,1.0,1.0000001,0.47480065,3.0
0.9485394,0.8692827,1.0000001,1.0,0.432464,1.0,1.0000001,0.4946146,4.0
0.79927385,0.9118957,1.0,1.0,0.41828632,1.0000001,1.0,0.47480065,2.0
0.18058306,0.31618065,0.30041456,0.393591,0.5112469,0.28501648,0.32592627,0.28248125,0.0
0.8237026,0.91549003,1.0,1.0,0.6080557,1.0,1.0000001,0.10526818,4.0
0.15620342,0.2462343,0.30725834,0.43492562,0.558216,0.11023046,0.22095497,0.31077552,0.0
0.8039767,0.9407911,0.99999994,0.9999999,0.40647385,1.0,1.0000001,0.7522148,3.0
0.902197,0.8376732,1.0,1.0,0.58900136,1.0000001,1.0000001,0.2578912,4.0
0.17666194,0.26400018,0.4043771,0.48287478,0.30736488,0.15040496,0.1541862,0.2578912,1.0
0.4489588,0.6493815,0.6977068,0.8055086,0.4818779,1.0000001,0.36969715,0.48321638,1.0
-0.0064438377,0.30913925,0.24912453,0.51521766,0.45567653,0.0786598,0.051014528,1.0000001,0.0
0.4388217,0.5397419,0.36050022,0.5448672,0.30736482,0.10038005,1.0000001,0.010120068,0.0
0.89353967,0.8443614,0.99999994,1.0,0.6080557,1.0,1.0,-0.033832975,3.0
0.0501614,0.17168224,0.30854818,0.4752177,0.4556765,0.012339292,0.22095497,0.046377435,0.0
0.042846955,0.16135062,0.21563017,0.47523767,0.39837086,0.104241654,0.07367286,0.064884074,0.0
0.50393665,0.58130413,0.6977068,0.8055086,0.34442002,1.0,0.36969715,0.4520494,4.0
-0.05755493,0.22942875,0.108081795,0.3954484,0.4706548,0.21127287,0.360922,0.40202475,0.0
0.79326737,0.7880405,1.0,1.0,0.58900136,1.0,1.0,0.08240561,3.0
0.107391566,0.35768756,0.32732022,0.56444705,0.4483546,0.34313983,0.17025715,0.20276797,0.0
0.14725524,0.21050367,0.4354267,0.6018355,0.43357915,0.11420985,0.2562733,0.12556192,0.0
0.1540953,0.49877912,0.37967676,0.61796474,0.38525635,0.18490632,0.22620225,0.31823343,0.0
0.030870356,0.21201992,0.29205173,0.47937375,0.4556765,0.031506687,0.360922,0.2827658,0.0
0.28581843,0.40828013,0.54390526,0.6332089,0.34442002,0.09380914,0.36969715,0.27223444,0.0
0.10062112,0.34777117,0.39639592,0.49093908,0.5754386,0.18955627,0.1541862,0.5622984,0.0
0.9568467,0.8805323,0.9999999,1.0000001,1.0,1.0,1.0,0.5396054,2.0
0.23860049,0.45857778,0.3599269,0.6350756,1.0000002,0.16744213,0.2956028,0.4560963,0.0
0.8569741,0.7752511,1.0,1.0,0.40647385,1.0,1.0,0.2827658,3.0
0.11158818,0.365982,0.30494,0.54601955,0.4818779,0.06773768,0.24090596,0.45487824,0.0
0.9054553,0.88095284,1.0000001,1.0,0.558216,1.0,1.0000001,0.3619361,3.0
0.043741517,0.30704814,0.24624795,0.53385967,0.40647385,0.106746554,0.29510218,0.44822973,0.0
0.71606624,0.9387374,1.0,1.0000001,1.0000001,1.0,0.9999999,0.41708517,2.0
0.11346283,0.33960578,0.29727843,0.521551,0.41828632,0.04776568,0.16786185,0.44641972,1.0
0.16536611,0.38952002,0.4001966,0.6021725,1.0,0.6317419,0.33964914,0.0450882,0.0
0.9442433,0.78833497,1.0,0.99999994,0.3559913,1.0000002,1.0000001,0.26792857,3.0
0.11375186,0.3766693,0.25891122,0.44339937,0.30736482,0.27184755,0.34463084,0.3481918,0.0
0.36948383,0.5123616,0.5574626,0.76987594,1.0,0.3017821,0.20826524,0.0648841,0.0
0.11315374,0.17553803,0.28680837,0.5484759,0.4398378,0.3549211,0.20826524,0.11947301,0.0
0.9386214,0.93082905,1.0,1.0,0.4818779,1.0,1.0,0.3080734,1.0
0.87595165,0.80890185,1.0,1.0,1.0000001,1.0000001,1.0000001,0.14529349,2.0
1.0,1.0000001,1.0000001,1.0000001,0.5659551,1.0,1.0000001,0.4193282,3.0
0.8799664,0.89004767,1.0,1.0000001,0.29535645,1.0000001,1.0000001,0.21675837,2.0
0.04015875,0.25105038,0.18137243,0.41683495,1.0000001,0.13819778,0.2359551,0.4171374,0.0
0.95171475,1.0000002,1.0,0.99999994,0.5659551,1.0000002,1.0000001,0.39749324,2.0
0.058712352,0.26837248,0.24748418,0.5353142,1.0000002,0.0783663,0.1577716,0.36077702,0.0
0.880383,0.8587487,1.0000001,1.0,0.5112469,1.0,1.0,0.3886997,2.0
0.817446,0.80736256,0.99999994,0.9999999,0.4651202,1.0,1.0000001,0.12421048,2.0
0.14287236,0.240513,0.26709318,0.50259167,0.26874602,0.290445,0.17025715,0.56882894,0.0
0.7681403,0.8183076,1.0000001,1.0,0.41828626,1.0000001,1.0,0.36077702,3.0
1.0000001,0.8032149,1.0,1.0000001,0.6080557,1.0000001,1.0000001,0.23609406,2.0
0.33202425,0.37225387,0.3258315,0.530312,0.58900136,0.43760794,0.29510218,0.4210731,0.0
0.13934883,0.44306195,0.24624795,0.53385967,0.45439246,0.106746465,0.29510218,0.4235767,0.0
0.83999246,0.75549316,1.0000001,1.0,0.29535645,1.0000001,1.0000001,0.28477052,3.0
0.17642978,0.47840297,0.31066304,0.48955077,0.39892256,0.007718969,0.20826524,0.12552471,0.0
0.45617235,0.5138387,0.3921464,0.56777364,0.4818779,0.30331403,1.0000001,0.65253776,0.0
0.89258224,0.8287145,1.0,1.0,0.558216,1.0000001,1.0000001,0.3481918,1.0
0.8429961,0.7851604,1.0,1.0,0.40647385,1.0000001,1.0000001,0.35238895,1.0
0.83365023,0.9122631,1.0000001,1.0,0.5256206,1.0000001,1.0000001,0.38970357,2.0
0.07162695,0.20863132,0.21347684,0.37512973,0.55272484,0.15522394,0.18429458,0.3297413,0.0
0.9212692,0.8000896,0.99999994,1.0,0.37660405,1.0,1.0,0.28545144,3.0
0.13579479,0.3573975,0.32686695,0.45543858,0.58900136,0.45449784,0.2060901,0.3049814,0.0
1.0,1.0,1.0,1.0,1.0000001,1.0,1.0,1.0,3.0
0.9160331,0.80197865,1.0,1.0,0.3559913,1.0000001,1.0000001,0.0689341,2.0
0.92440236,0.80002403,1.0000001,1.0,0.5533329,1.0000001,1.0,0.5622984,1.0
0.275902,0.35778642,0.60632956,0.6757691,0.5112469,0.3869536,0.30226368,0.34836188,1.0
0.06392633,0.20682493,0.3546989,0.45475268,0.43357915,0.08089022,0.33964914,0.2645597,0.0
0.1431884,0.31677365,0.40417647,0.5360343,0.5296198,0.13462152,0.1541862,0.34204847,0.0
0.06565289,0.5642097,0.26286605,0.622425,1.0000001,0.07767302,0.29510218,0.41055667,0.0
0.923166,0.79859054,1.0,1.0,0.29535645,1.0000001,1.0000001,0.53960526,2.0
0.05398834,0.23060033,0.31743342,0.52260125,0.58956575,0.3790593,0.17025715,0.27102408,0.0
0.8871841,0.7621162,1.0,1.0000002,0.37660405,1.0,1.0,0.44177794,3.0
0.9034033,0.8731213,1.0000001,1.0,0.26874602,1.0,1.0000001,0.33065537,2.0
0.9397368,0.77368546,0.99999994,0.9999999,0.4818779,1.0,1.0000001,0.34923184,4.0
0.91906345,0.94942546,1.0,1.0,0.3559913,1.0000001,1.0000001,0.42831627,3.0
0.06398382,0.35906982,0.3419305,0.53458965,1.0,0.3430152,0.17025715,0.19390142,0.0
0.015104573,0.34855494,0.26707646,0.48373944,0.55333304,0.11862859,0.16697864,0.16671354,0.0
0.93179303,0.9519155,1.0000001,1.0,0.29535645,1.0,1.0000001,0.59534883,3.0
0.10351044,0.3201326,0.38103575,0.55718756,0.4398378,0.18955627,0.23263696,0.12352517,0.0
0.87595165,0.82561797,1.0,1.0,0.4483546,1.0000001,1.0000001,0.23893514,2.0
0.049191475,0.17157254,0.2483331,0.43715522,0.3559913,0.08457676,0.11788155,0.51565516,0.0
0.943599,0.9763959,0.9999999,1.0000001,0.4818779,1.0,1.0,0.26758543,4.0
0.9095619,0.9516754,1.0,1.0000001,0.43983787,1.0000001,1.0000001,1.0,3.0
0.14632675,0.36331984,0.41079885,0.6725428,0.55272484,0.40012532,0.360922,0.33892828,0.0
0.07374355,0.33100945,0.24833304,0.43715516,1.0000001,0.08457677,0.117881544,0.35990083,0.0
0.11502599,0.2706805,0.27680197,0.5314161,0.3559913,0.17608269,0.2117667,0.38351342,0.0
0.16661015,0.46279234,0.32847235,0.45667824,0.41828626,0.04615786,0.34463084,0.304993,1.0
0.90193975,0.86361855,0.99999994,1.0,0.432464,1.0000001,1.0,0.3508431,1.0
0.93186414,0.8228633,1.0,1.0,0.32253432,1.0000001,1.0000001,0.0689341,3.0
0.4369434,0.567803,0.48987567,0.67234033,0.45439246,0.21813539,1.0,0.43336645,0.0
0.9647805,0.7592634,1.0,1.0,0.43357915,1.0000001,1.0000001,0.2044552,2.0
0.96961105,0.82948613,1.0,1.0,0.29535645,1.0000001,1.0,-0.022529328,3.0
0.23785451,0.48929662,0.43631285,0.6421515,0.4818779,0.30855718,0.36969715,0.44462284,0.0
0.8843297,0.87374246,1.0000002,1.0,0.58900136,1.0000001,1.0,0.32971883,3.0
0.059476253,0.20746768,0.24559265,0.4584571,0.55272484,0.21584885,0.32592627,0.35881388,0.0
0.95241606,0.937685,1.0000001,1.0,0.5754386,1.0,1.0000001,0.16962191,4.0
0.88478875,0.9409971,1.0000002,1.0,0.4651202,1.0,1.0,1.0,2.0
-0.036751375,0.13162006,0.17070116,0.4089886,0.43983787,0.08457676,0.11788155,0.2645597,0.0
0.9163728,0.9211335,1.0000002,1.0,0.432464,1.0000001,1.0,0.58482903,4.0
0.855621,0.9006778,1.0,1.0,0.5296198,1.0000001,1.0,0.4100486,2.0
0.091149665,0.30752206,0.23808864,0.43646097,0.30736488,-0.021365564,0.117881544,0.368298,0.0
0.9010424,0.8400107,1.0,1.0000002,0.39892256,1.0000001,1.0,0.27450782,2.0
0.27679136,0.5218161,0.4903938,0.6086416,1.0,0.21336098,0.30226368,0.32784057,0.0
0.9010731,1.0,1.0,1.0000001,0.45439246,1.0,1.0,1.0000001,3.0
0.27954203,0.45059234,0.27834284,0.45539507,0.31490907,0.13439974,0.11534762,0.14342114,0.0
0.19371161,0.29627645,0.36420643,0.5944388,0.3559913,0.06636363,0.1577716,0.3339054,0.0
0.051365066,0.32654124,0.24733073,0.411098,0.5256206,-0.048057783,0.3812184,0.4338043,0.0
0.9103722,0.87427187,1.0,1.0000001,1.0000001,1.0000001,1.0000001,0.2827658,3.0
1.0000001,0.8256619,1.0,1.0,0.558216,1.0000002,1.0000001,0.46649075,4.0
0.88488245,0.90849245,1.0,1.0,0.5754386,1.0000001,1.0000001,0.7107409,1.0
0.95683604,0.84999704,1.0,1.0,0.43983787,1.0000001,1.0,0.2911985,3.0
0.1376977,0.2489347,0.25584775,0.53471565,0.43983787,0.18584827,0.22620225,0.35534614,0.0
0.20438845,0.40038675,0.14683986,0.41635793,0.5754386,0.28639913,1.0,0.65253776,0.0
0.11617835,0.2868468,0.24123377,0.5212564,0.4556765,0.16421753,0.29510218,0.3012424,0.0
0.8136157,0.81574166,1.0,1.0,0.39892256,1.0,1.0,0.3012424,3.0
0.081454605,0.38059688,0.27525663,0.45090222,0.4483546,0.077323556,0.24090596,0.3434655,0.0
0.9378814,0.8474705,1.0,1.0,0.5256206,1.0000001,1.0,0.41592926,3.0
0.8791411,0.88429666,0.99999994,1.0,0.4071756,1.0,1.0,0.46156102,2.0
-0.038278177,0.22577956,0.25503397,0.46857306,1.0,0.045618236,0.42110777,0.011808837,0.0
0.3405221,0.514843,0.5770662,0.74441123,0.58956575,0.30178207,0.34463084,0.4560963,0.0
0.99999994,0.8855186,1.0000002,1.0,1.0,1.0000001,1.0,0.38351342,3.0
0.37208402,0.45940772,0.41243306,0.62340474,1.0,0.30855718,1.0,0.31569058,0.0
0.1935618,0.52653205,0.2400713,0.49461806,0.40717554,0.0066492893,0.34463084,0.3481918,0.0
0.25188726,0.4068849,0.20572755,0.4088051,0.5659551,0.17291795,1.0,0.3011943,0.0
0.30573535,0.4499706,0.2734532,0.48753032,0.55333304,-0.0020788996,1.0,0.15823872,0.0
-0.0516369,0.29488283,0.19438508,0.46317035,0.5754386,0.07385005,0.16697864,0.24893007,0.0
0.9169847,0.86377037,0.99999994,1.0,0.41828626,1.0,1.0,0.26758543,3.0
0.9346121,0.9138293,1.0,1.0,0.4818779,1.0,1.0000001,0.41004872,2.0
0.9397073,0.8655883,1.0,1.0000002,0.5754386,1.0,1.0,0.38970357,2.0
0.108691245,0.28842887,0.35536855,0.5281247,0.71574616,0.18376005,0.22620225,0.48497993,1.0
0.108224034,0.36393982,0.2777338,0.56814975,0.5296198,0.15521377,0.2117667,0.45487815,0.0
0.11505731,0.34754068,0.35028702,0.56384516,0.34441996,0.36385387,0.33964914,0.2159991,0.0
0.4727705,0.39982343,0.42461073,0.60600245,0.45567653,0.002428988,1.0000001,0.066043094,0.0
0.14737333,0.3358023,0.2625891,0.5481136,0.4360875,0.11302158,0.29345015,0.8155047,0.0
0.097828396,0.4703443,0.29205173,0.47937375,0.58900136,0.031506687,0.360922,0.62410575,0.0
0.19885553,0.32748294,0.36630788,0.52682245,0.45439246,0.08282096,0.2562733,0.31569058,0.0
0.028487328,0.24830085,0.2781701,0.4547143,0.3559913,0.07817814,0.051014528,0.34509924,0.0
0.9034033,0.87272847,1.0000001,1.0,0.432464,0.9999999,1.0000001,0.42510968,2.0
0.04691709,0.30441672,0.18137243,0.416835,0.5754386,0.13819778,0.23595501,0.7878543,0.0
0.930327,0.8625052,1.0,1.0,0.58900136,1.0,1.0000001,0.10765773,2.0
0.29400778,0.40036386,0.31961536,0.5885645,0.4360875,0.25207424,0.36969715,0.24044314,1.0
1.0,0.8253026,1.0000001,1.0,0.558216,1.0,1.0,0.25810048,3.0
0.8827356,0.9284324,0.99999994,0.9999999,0.41828632,1.0,1.0000001,1.0,3.0
0.052003637,0.2489669,0.280187,0.3715244,0.71574616,0.19157326,0.1541862,0.3933973,0.0
0.93487936,0.9098059,1.0,1.0,0.29535645,1.0,1.0,0.36537263,2.0
0.9614928,0.9361023,1.0,1.0,0.39892256,1.0,1.0,0.368298,4.0
0.9525142,0.94626176,1.0000001,1.0,0.37660405,1.0,1.0000001,0.2190891,3.0
0.9403627,0.81314933,0.99999994,0.9999999,0.46512017,1.0,1.0000001,0.23244068,3.0
0.27467558,0.47715092,0.60632956,0.6757691,0.43357915,0.38695368,0.30226368,0.37529677,0.0
0.2545917,0.379988,0.5235024,0.6313906,0.30736488,0.21336101,0.33964914,0.31804296,0.0
0.8696029,0.9286542,1.0,1.0,0.40647385,1.0000001,1.0,0.58482903,2.0
0.40340304,0.36860168,0.37967676,0.61796474,1.0000002,0.18490632,0.22620225,0.28248125,0.0
0.16666082,0.29346794,0.310345,0.467387,0.58900136,0.28235373,0.33964914,0.42831627,1.0
0.93634874,0.94987905,1.0,1.0,0.4556765,1.0,1.0,0.7082058,3.0
0.75212663,0.8078137,1.0000001,1.0,0.26874602,1.0000001,1.0,0.28658563,2.0
0.9597349,0.8391819,1.0,0.99999994,0.5112469,1.0000002,1.0000001,0.3553462,3.0
0.48407474,0.49857816,0.4419096,0.6371074,0.30736488,0.050781287,1.0,0.3297413,0.0
0.9062909,0.75127304,0.9999999,1.0000001,0.40647385,1.0,1.0,0.0450882,2.0
0.1972305,0.4008835,0.28661126,0.5378894,1.0,0.14484674,0.22620225,0.19259351,0.0
0.14256743,0.4557258,0.43631285,0.6421515,0.41828632,0.3085571,0.36969715,1.0,0.0
0.27066478,0.50055766,0.45544893,0.5787882,1.0000001,0.16330108,0.30226368,-0.060992047,0.0
0.87159276,0.89312744,1.0000001,1.0,0.432464,1.0,1.0000001,0.38750705,3.0
0.92056787,0.9791816,1.0,1.0,0.39892256,1.0000002,1.0,1.0,3.0
-0.018591495,0.3221921,0.2286784,0.47166,0.4706549,0.09952273,0.117881544,0.4235767,0.0
0.22816426,0.3673604,0.40876478,0.5946677,0.58956575,0.32454997,0.36969715,0.2715199,0.0
0.82352227,0.7780978,1.0,1.0,0.4556765,1.0000001,1.0,0.34212545,3.0
0.2709007,0.3862508,0.35203755,0.5426289,0.4071756,0.06882769,0.20826524,0.28876552,1.0
0.65548855,0.709905,0.7289587,0.80321276,1.0000002,0.3869536,1.0000001,1.0,0.0
0.8696029,0.8348561,1.0,1.0,0.26874602,1.0000001,1.0,0.82368505,2.0
0.4802173,0.43136385,0.36050022,0.5448673,0.43608752,0.10038005,1.0000001,0.37943572,0.0
0.35990757,0.42402488,0.2870298,0.54764926,0.43357915,0.25207418,1.0,0.3619361,0.0
0.90193975,0.91627717,0.99999994,1.0,0.55272484,1.0000001,1.0,0.26758543,4.0
0.15369691,0.35383338,0.27876115,0.48077437,0.40717554,0.33494323,0.33144972,0.28338492,0.0
0.12489951,0.35092282,0.2400713,0.49461806,0.4556765,0.0066492893,0.34463084,0.42819273,0.0
0.032933887,0.30269793,0.3546989,0.45475268,0.58956575,0.08089022,0.33964914,1.0,0.0
0.95788693,0.8598398,0.9999999,1.0000001,0.45567653,1.0,1.0,0.33892834,1.0
1.0,0.9451754,1.0000001,1.0,1.0,1.0,1.0000001,0.100318894,3.0
0.8934748,0.8829688,0.99999994,1.0,0.4818779,1.0,1.0,0.59534883,3.0
0.90854454,0.9770578,1.0,1.0,0.4818779,1.0,1.0,1.0000001,2.0
0.13139899,0.33896524,0.27235767,0.5300844,0.4556765,0.115213156,0.20826524,0.34792453,0.0
0.87874335,0.92924726,1.0,1.0,0.5296198,1.0000001,1.0,0.51565516,4.0
0.3424553,0.51233745,0.54390526,0.6332089,0.4071756,0.09380914,0.36969715,0.34322938,0.0
0.8972976,0.8286158,0.99999994,1.0,0.71574616,1.0,1.0,0.0450882,2.0
0.09901451,0.35312852,0.32438946,0.5311105,0.3559913,0.363854,0.30226368,0.3922518,0.0
-0.09550431,0.22492391,0.108081795,0.3954484,0.58956575,0.21127287,0.360922,0.28385276,0.0
0.030264996,0.26008973,0.28215337,0.43900108,0.5296198,0.04394047,0.1217764,0.23341814,0.0
0.92766404,0.97390985,1.0,1.0,0.32253432,1.0000001,1.0000001,0.5367276,2.0
0.87177396,0.8258126,1.0,1.0000001,0.5112469,1.0,1.0,0.3649295,3.0
0.16968212,0.29352987,0.27242517,0.5494088,0.40647385,0.10973179,0.20826524,0.37721395,0.0
0.18442953,0.3881254,0.27142158,0.48051006,1.0000001,-0.09065268,0.36969715,0.9999999,0.0
-0.023491316,0.30705783,0.19255103,0.5486984,0.4360875,0.31761748,0.1577716,0.38869983,0.0
0.046769194,0.3125134,0.25083002,0.48180646,0.43983787,0.17917877,0.2117667,0.2614462,0.0
0.09220025,0.33107784,0.30416846,0.45900017,0.26874602,0.5049076,0.050903007,0.4536053,0.0
0.93947065,1.0000002,1.0000001,1.0,1.0000002,1.0,1.0000001,1.0000001,2.0
0.79326737,0.8347355,1.0,1.0,0.5256206,1.0,1.0,0.16671355,1.0
0.1878599,0.29771096,0.2828265,0.42528993,0.43357915,0.10962602,0.36969715,0.3339054,0.0
0.25742745,0.3880972,0.43721497,0.59405094,1.0,0.37942123,0.30226368,0.27294677,0.0
0.90881705,0.9339614,1.0000002,1.0,0.58900136,1.0000001,1.0,0.3661881,3.0
0.22177552,0.39450908,0.47057664,0.67653215,0.40647385,0.12220252,0.22620225,0.34545612,0.0
0.19382568,0.32722887,0.28882664,0.440391,1.0,0.096192494,0.30226368,0.29381585,0.0
0.94797856,0.8558508,0.9999999,1.0000001,0.58956575,1.0,1.0,0.2645597,2.0
0.21231188,0.42373502,0.46809793,0.6648564,1.0,0.40012532,0.360922,0.30498147,1.0
0.9157578,0.79146,1.0000002,1.0,0.46512017,1.0000001,1.0,0.40402454,2.0
0.20004052,0.3535698,0.48240787,0.6544773,0.4064738,0.29240197,0.33964914,0.45699638,0.0
0.91452086,0.8894532,1.0000001,1.0,0.45567653,1.0,1.0000001,0.7596801,3.0
0.12585495,0.24742481,0.30664062,0.50226796,0.34441996,0.06392142,0.27592617,0.48321638,0.0
0.16619691,0.32113332,0.3238324,0.48914775,0.55272484,0.08089022,0.36969715,0.23280002,0.0
0.9402914,0.9310548,1.0000001,1.0,1.0,1.0,1.0000001,0.41564932,2.0
0.854123,0.8685968,1.0,1.0,0.5533329,1.0000001,1.0000001,0.2554379,4.0
0.91040635,0.95669556,1.0,1.0,0.55272484,1.0,1.0,0.3636563,2.0
0.8777114,0.8487383,1.0,1.0,0.29535645,1.0000001,1.0,0.26865232,2.0
-0.042541765,0.39916298,0.19438508,0.46317035,0.30736488,0.07385005,0.16697864,0.32548708,0.0
0.29829878,0.3722729,0.4498425,0.60948676,0.4818779,0.06293919,0.22620225,0.3752967,0.0
0.7653806,0.6963632,1.0,1.0000001,1.0,0.99999994,1.0,0.28338498,4.0
1.0,0.8271855,1.0,1.0,0.6080557,1.0,1.0000001,0.30769804,3.0
0.88559556,0.90345764,1.0,1.0,0.30736482,1.0,1.0,0.29119852,2.0
0.90446126,0.8512757,1.0,1.0,0.41828626,1.0,1.0000001,0.3011943,3.0
0.27861416,0.38046128,0.45176926,0.60380423,1.0,0.016146723,0.20826524,0.36861652,0.0
0.51760876,0.5099932,0.5236163,0.670569,0.43357915,0.046236508,1.0,0.3335601,0.0
0.28555447,0.51998115,0.50309104,0.67829704,0.31490907,0.4579962,0.36969715,0.2044552,0.0
0.5136204,0.5181812,0.3936598,0.65424174,0.3852564,0.1303014,1.0,0.015233426,0.0
0.9082842,0.8295163,1.0,1.0000001,0.5296198,1.0,1.0000001,0.3607095,2.0
0.94039637,0.95507973,1.0,1.0,1.0,1.0,1.0,0.3080734,4.0
0.880083,0.9321529,1.0,1.0,0.4556765,1.0,1.0,0.28007436,3.0
0.09560601,0.39869347,0.19690672,0.51305866,0.39837086,0.0456183,0.29510218,-0.05198829,0.0
0.95503926,0.8988526,1.0,1.0,0.4360875,1.0000002,1.0000001,0.26758543,3.0
0.20179057,0.37480706,0.47023547,0.60758406,0.268746,0.16361459,0.33964914,0.65253776,0.0
0.8898697,0.8193967,1.0,1.0,0.3559913,1.0000001,1.0,0.30499306,1.0
0.9126153,0.89781904,1.0000001,1.0,0.4706548,1.0,1.0000001,0.29381585,2.0
0.9390473,0.62082756,1.0,1.0000001,0.55272484,1.0,1.0,0.12556192,1.0
0.12641913,0.24863064,0.31331882,0.5393015,0.55333304,0.05276978,0.29510218,0.4387716,1.0
0.022085233,0.19132075,0.19306609,0.42961866,0.39892256,0.031030377,0.051014528,0.36861652,0.0
0.92448014,0.7694563,0.99999994,1.0,0.4398378,1.0,1.0,0.18975912,2.0
0.79350245,0.7699925,1.0,1.0000001,0.39837074,1.0,1.0000001,0.32538858,2.0
0.4345714,0.6419921,0.43603313,0.57927614,0.45439246,0.16564932,1.0000001,0.32906568,0.0
0.07757768,0.31314167,0.36355433,0.5758431,1.0000001,0.13411756,0.23263696,0.4338043,0.0
0.012363841,0.19272126,0.31802058,0.4610514,0.6080557,0.30679506,0.24090596,0.46156108,0.0
0.8886549,0.9409971,1.0000002,1.0,0.39837086,1.0,0.9999999,1.0,2.0
0.91009295,0.8520897,1.0000002,1.0,0.32253432,1.0,1.0,0.42510968,2.0
0.22070499,0.42426628,0.28661126,0.5378894,0.5296198,0.14484674,0.22620225,0.4238788,0.0
0.94039637,0.9134447,1.0,1.0,0.5659551,1.0,1.0,0.82368505,4.0
0.1796416,0.27423078,0.25584775,0.5347157,0.3852564,0.18584827,0.22620225,-0.033832975,0.0
0.90854454,0.94326234,1.0,1.0,0.71574616,1.0,1.0,0.10310209,3.0
1.0000001,0.84836686,1.0,1.0000001,0.58900136,1.0000001,1.0000001,0.23244068,3.0
0.28898442,0.43100452,0.457319,0.5551763,0.58956575,0.47095492,0.33964914,0.419684,0.0
0.35194367,0.6519228,0.5574626,0.76987594,0.558216,0.30178207,0.20826524,0.3280713,0.0
0.38237497,0.29451597,0.3180551,0.4649248,1.0000001,0.30600256,0.42110774,0.12642655,0.0
0.49112725,0.5876626,0.42461073,0.60600245,0.4483546,0.002428988,1.0000001,1.0000001,0.0
0.865294,0.7844167,1.0000001,0.9999999,0.5754386,1.0,1.0,0.046457622,3.0
0.21555558,0.28389484,0.24733073,0.411098,0.6080557,-0.048057824,0.3812184,0.33746803,0.0
0.24563703,0.43527168,0.37443504,0.58502614,0.55272484,0.43987566,0.20826524,0.29339886,0.0
0.2769941,0.46173075,0.5684273,0.71258426,0.31490907,0.43055624,0.20826524,-0.13938777,0.0
0.9095419,0.92356956,1.0,1.0,0.565955,1.0000001,1.0,0.47480065,2.0
0.07790755,0.33168352,0.30494,0.54601955,0.43983787,0.06773768,0.24090596,-0.03935621,0.0
-0.0044322647,0.15442868,0.29205173,0.47937375,0.34441996,0.031506687,0.360922,0.59534883,0.0
0.09456828,0.34905925,0.3846401,0.5424134,0.5256206,0.040000543,0.24090596,0.06632313,0.0
0.65179724,0.75269616,1.0,1.0000001,0.39837074,1.0,1.0000001,0.10418082,4.0
0.21932678,0.46460253,0.30664062,0.50226796,0.37660405,0.06392142,0.27592617,0.28007436,1.0
0.244362,0.4179815,0.37967676,0.61796474,0.58900136,0.18490632,0.22620225,-0.0044482797,0.0
0.21403484,0.3280452,0.46809793,0.6648563,0.58956575,0.40012532,0.360922,1.0,0.0
0.19932993,0.43830281,0.4001966,0.6021725,1.0000001,0.6317419,0.33964914,0.7463634,0.0
0.9018153,0.8210312,1.0000001,1.0,0.5296198,1.0,1.0000001,0.40402454,4.0
0.12205342,0.36451328,0.2964724,0.45569804,0.29535645,0.04417499,0.36969715,0.34212536,1.0
0.10978798,0.39110702,0.3078315,0.47030976,0.58900136,0.14081426,0.36969715,0.37943566,0.0
1.0,0.9237914,1.0000001,1.0,0.5256206,1.0,1.0000001,0.36537263,3.0
0.8871841,0.76754194,1.0,1.0000002,0.58956575,1.0000001,1.0,0.4946146,2.0
0.11577082,0.25404882,0.4354267,0.6018355,0.34442002,0.11420985,0.2562733,0.4945503,0.0
0.89842415,0.9363598,1.0,1.0,0.58900136,1.0,1.0,0.3810777,3.0
0.9036009,0.56948715,1.0000001,0.9999999,0.37660405,1.0000001,1.0,0.11947301,1.0
0.8823048,0.9308419,1.0,1.0,0.558216,1.0,1.0,0.65253776,3.0
0.8920211,0.6125332,1.0000001,0.9999999,0.4398378,1.0000001,1.0,0.071400754,1.0
0.12410547,0.29333183,0.36535037,0.533913,0.31490907,0.30331403,0.30226368,0.051158436,0.0
0.19097722,0.43750176,0.43631285,0.6421515,1.0000001,0.30855718,0.36969715,0.24044314,0.0
0.24673806,0.47329935,0.45544893,0.57878816,0.3852564,0.16330108,0.30226368,-0.13938777,1.0
0.8797244,0.8150935,1.0,1.0000002,0.58956575,1.0000001,1.0,0.34545612,3.0
0.07909028,0.25184625,0.24635278,0.4002596,0.39837086,0.10952671,0.42110777,0.38351342,0.0
0.93488467,0.89070547,1.0,1.0,0.32253432,1.0000002,1.0,0.28477058,1.0
0.89082956,0.8142648,1.0,1.0,0.45439246,1.0,1.0000001,0.34792453,2.0
0.8823154,0.7265514,1.0000001,0.9999999,0.4360875,1.0,1.0,0.2933988,1.0
0.9011076,0.942594,1.0,1.0,0.5112469,1.0,1.0,1.0,2.0
0.91858995,0.9489012,1.0,1.0,0.26874602,1.0000001,1.0000001,0.4193282,3.0
0.42103475,0.61418355,0.6977068,0.8055086,0.26874602,1.0000001,0.36969715,0.3507484,3.0
0.9100584,0.9424927,1.0,1.0000001,0.4706549,1.0,1.0,0.425102,4.0
0.17171176,0.39389998,0.46759033,0.55956155,0.5754386,0.03870055,0.33964914,1.0000001,0.0
-0.0012403913,0.23919135,0.3546989,0.45475268,0.39892256,0.08089022,0.33964914,0.051158436,0.0
0.043351237,0.24551508,0.21031523,0.4735061,0.58956575,0.0065333433,0.2117667,0.0135297105,1.0
0.91880053,0.9192244,1.0,1.0,0.4483546,1.0000001,1.0,0.47388792,1.0
0.54488343,0.51392204,0.46268582,0.6113454,0.26874602,0.3169802,1.0000001,0.20312983,0.0
0.90379477,0.79967606,1.0,1.0000001,0.5659551,1.0,1.0,0.23244068,3.0
0.7722453,0.6881578,1.0000001,1.0000001,0.55272484,1.0000001,1.0,0.35993445,3.0
0.102667496,0.35270447,0.30416846,0.45900017,1.0000001,0.5049076,0.050903037,0.17891881,0.0
0.9036009,0.8216505,1.0000001,0.9999999,0.37660405,1.0,1.0,0.30498147,3.0
0.6626337,0.57043236,0.63815105,0.7172086,0.43357915,0.37859398,1.0000001,0.4063791,0.0
0.45801932,0.5890399,0.6977068,0.8055086,0.432464,1.0,0.36969715,0.2719449,1.0
0.89484155,0.8437933,1.0,1.0,0.40647385,1.0000001,1.0,0.36296013,3.0
0.093471,0.3980178,0.4012529,0.5974442,1.0,0.05787397,0.34463084,0.26758543,0.0
0.08116731,0.33924317,0.24624795,0.53385967,0.39892256,0.106746465,0.29510218,0.34792453,0.0
0.9164515,0.88392204,1.0,1.0,0.58956575,1.0000002,1.0,0.37721395,3.0
0.12231478,0.33494836,0.30494,0.54601955,0.39837086,0.06773768,0.24090596,-0.059279382,0.0
0.2890688,0.576874,0.4256704,0.5828172,0.40717554,0.6583792,0.2956028,0.45487824,0.0
0.26863775,0.57741344,0.3789597,0.55987823,0.5256206,0.3790593,0.33982134,0.09682163,0.0
0.090246215,0.26785445,0.39639592,0.49093908,1.0,0.18955627,0.1541862,-0.031674966,1.0
0.8659334,0.89976823,1.0,1.0000001,0.4706549,1.0,1.0,0.26416042,3.0
0.18843052,0.38453022,0.2400713,0.49461806,0.40647385,0.0066492893,0.34463084,0.67553765,0.0
0.8600628,0.8350683,1.0,1.0000001,0.34442002,1.0,1.0,0.34792453,3.0
0.8818461,0.7968223,1.0,1.0,0.26874602,1.0000001,1.0000001,0.3280713,3.0
0.91142476,0.86122334,1.0000002,1.0,0.4706549,1.0,0.9999999,0.23341814,2.0
0.33005774,0.46438122,0.4635989,0.646822,0.4360875,0.29240194,0.36969715,0.29381585,0.0
0.15268269,0.4268311,0.40305942,0.61431754,0.32253432,0.0815316,0.1217764,0.28876552,0.0
0.99999994,0.92801315,1.0000001,1.0,1.0000001,1.0,1.0000001,0.67553765,2.0
0.0004811585,0.13844396,0.108081795,0.3954484,0.40647385,0.21127287,0.360922,0.26758543,0.0
0.49729025,0.45560852,0.6977068,0.8055086,0.4398378,1.0,0.36969715,0.2047317,4.0
0.947382,0.932209,1.0000001,1.0,0.5659551,1.0,1.0000001,0.28712094,2.0
0.063573785,0.30028528,0.25891122,0.44339937,0.3559913,0.27184755,0.34463084,0.4235767,0.0
0.49155724,0.52492,0.6977068,0.8055086,0.31490907,1.0,0.36969715,0.5762742,3.0
0.27070317,0.66103053,0.4683593,0.6927743,1.0,0.3085571,0.36969715,0.26792857,1.0
0.91510046,0.8635006,1.0,1.0,0.43983787,1.0,1.0000001,0.024229765,2.0
0.44902134,0.6809987,0.46595666,0.56576693,0.4483546,0.33829707,1.0000001,0.19010958,0.0
0.8961437,0.87860924,1.0,1.0000002,0.32253432,1.0000001,1.0,0.7878543,3.0
0.91733515,0.81513065,1.0,1.0,0.34442002,1.0000001,1.0000001,0.25249904,2.0
0.93229866,0.86063904,1.0000001,1.0,0.38525632,1.0,1.0000001,0.32531786,3.0
0.48362547,0.5495747,0.6597399,0.75252545,0.29535645,0.066684715,0.20826524,0.4159292,0.0
-0.10657375,0.22118486,0.15739492,0.38800323,0.5754386,0.03103045,0.050903007,0.5396054,0.0
0.14946842,0.23665938,0.2625891,0.5481136,0.30736482,0.11302158,0.29345015,0.2286256,0.0
0.1848929,0.36869907,0.310345,0.467387,0.558216,0.28235373,0.33964914,0.28619167,1.0
0.8902268,0.95975727,1.0,1.0000001,0.4651202,1.0,1.0000001,1.0,2.0
0.2752285,0.4099267,0.40026575,0.52959406,0.30736482,-0.00026113633,0.29510218,0.34792453,0.0
0.17707959,0.267433,0.36294216,0.5003983,0.26874602,0.33829707,0.30226368,0.16011576,0.0
0.8214287,0.7759956,1.0,1.0,0.71574616,1.0,1.0,0.06088537,1.0
0.05298607,0.15632856,0.2086919,0.44551325,0.34441996,0.092525214,0.21399234,0.65146184,0.0
0.09784763,0.40654993,0.27525663,0.45090222,0.47065482,0.077323556,0.24090596,0.33746803,1.0
0.91274667,0.9061624,1.0,1.0000001,0.4706548,1.0,1.0,0.31939155,2.0
0.049940664,0.22849907,0.3180551,0.4649248,0.5256206,0.30600256,0.42110774,0.33205926,0.0
0.89265144,0.86029714,1.0,1.0,0.40647385,1.0000001,1.0000001,0.30498147,1.0
0.9079183,0.82566196,0.99999994,1.0,1.0,1.0,1.0,0.21951464,2.0
0.9166182,0.886149,0.99999994,1.0,0.5256206,1.0,1.0,0.12421048,2.0
0.17301229,0.4622842,0.40079737,0.6010023,0.41828632,0.092878655,0.1577716,0.046377435,0.0
0.8316159,0.85042834,1.0,1.0,0.43357915,1.0000001,1.0,0.45609626,3.0
0.85726845,0.7621745,0.99999994,1.0,1.0,1.0,1.0000001,0.11947301,2.0
0.12622735,0.4323263,0.3846401,0.5424134,0.5659551,0.040000543,0.24090596,0.34862697,0.0
0.95266914,0.83200896,1.0,1.0000002,0.4071756,1.0000001,1.0,-0.059279382,3.0
0.100917675,0.32227498,0.38800985,0.5359367,0.40647385,-0.00137483,0.33964914,0.49355918,0.0
0.6128385,0.6877831,0.55691886,0.69140387,0.45439246,0.22988069,1.0000001,0.25189286,0.0
0.45217794,0.59247386,0.6977068,0.8055086,1.0,1.0000001,0.36969715,0.6019701,3.0
0.1714082,0.30671203,0.37443504,0.58502614,0.4556765,0.43987566,0.20826524,0.14529349,0.0
0.072265536,0.22643262,0.20116113,0.43953574,0.58900136,-0.090652704,0.36969715,0.26865232,0.0
0.8823048,0.8667959,1.0,1.0,0.45439246,1.0,1.0,0.42510968,3.0
0.9023804,0.72303164,1.0,1.0,0.58956575,1.0000001,1.0000001,0.27294677,2.0
0.9509381,0.7774076,1.0,0.99999994,0.3852564,1.0000002,1.0000001,0.19390142,3.0
0.15215404,0.24565,0.30582947,0.47083378,0.5112469,0.4260952,0.32592618,0.25019377,0.0
0.47627896,0.5692278,0.6977068,0.8055086,0.6080557,1.0,0.36969715,0.10040695,3.0
0.7736994,0.75677884,1.0,1.0000001,0.58956575,0.99999994,1.0,0.18975917,2.0
0.88552713,0.8120639,0.9999999,1.0000001,0.40647385,1.0,1.0,0.5345298,3.0
0.05630225,0.35643804,0.25083002,0.48180652,0.5659551,0.17917877,0.2117667,0.09710349,0.0
0.9025446,0.9143314,1.0,1.0000002,0.41828632,1.0000001,1.0,0.1691294,1.0
1.0,0.96624637,1.0,1.0,0.3852564,1.0,1.0000001,0.41564944,3.0
0.91575783,0.846643,1.0000002,1.0,0.39837086,1.0000001,1.0,0.091384,3.0
0.17969571,0.3821606,0.428977,0.6028491,0.34442002,0.6317419,0.33964914,0.3466485,1.0
0.5633843,0.6189002,0.6977068,0.8055086,0.5754386,1.0,0.36969715,0.43019584,4.0
0.15443462,0.29820698,0.5219674,0.67012554,0.46512017,0.38695368,0.33964914,0.2614463,0.0
1.0,1.0,1.0,1.0,0.58900136,1.0,1.0000001,0.99999994,4.0
0.25288683,0.41161826,0.31961536,0.5885645,0.432464,0.25207424,0.36969715,0.34212542,0.0
0.1906486,0.42817977,0.4949477,0.6387526,0.31490907,0.6400837,0.1217764,0.23280002,1.0
0.25396532,0.36051977,0.24177831,0.46631494,1.0,0.23985414,0.20826524,0.3374681,0.0
0.13094386,0.3196333,0.2828265,0.42528993,0.43357915,0.109626,0.36969715,0.23341814,1.0
0.28908288,0.3858906,0.5684273,0.71258426,0.40647385,0.43055624,0.20826524,0.07984673,0.0
0.93767405,0.8672365,1.0,1.0000001,0.38525632,1.0000001,1.0000001,0.2782482,3.0
0.9232952,0.8614963,1.0,1.0000001,0.5112469,1.0000001,1.0000001,0.42107305,3.0
0.2731006,0.41104287,0.38025397,0.59476507,0.26874602,0.33286554,0.29510218,0.27512532,0.0
0.10118896,0.37732828,0.29945824,0.5845369,0.6080557,0.16072917,0.16786185,0.2933988,0.0
0.27124622,0.46596867,0.47139454,0.6609852,0.4818779,0.1303014,0.2956029,0.3922518,0.0
0.17503569,0.28863618,0.2735973,0.5707797,0.4706548,0.11302158,0.2117667,0.11692725,0.0
0.8722172,0.79849344,1.0,1.0,0.2953564,1.0000001,1.0000001,0.37176937,3.0
0.9220133,0.96779984,0.99999994,0.9999999,0.40717554,1.0,1.0000001,0.19010958,3.0
0.23326993,0.3448876,0.47023547,0.60758406,0.58900136,0.1636146,0.33964914,0.12352517,0.0
0.09059429,0.25588018,0.21097529,0.4803109,0.4483546,0.045618318,0.24090596,0.3290656,0.0
0.029671505,0.28400326,0.28792188,0.49512076,0.6080557,0.073434845,0.2562733,0.3297413,1.0
0.16025457,0.3404531,0.47057664,0.67653215,0.58900136,0.122202456,0.22620225,0.3290656,0.0
0.8523649,0.8149778,1.0,1.0000001,0.432464,1.0000001,1.0000001,0.12421048,3.0
0.89355105,0.91818583,1.0,1.0,0.5659551,1.0000002,1.0,0.37721395,3.0
0.14964052,0.525363,0.32847235,0.45667824,0.39837074,0.04615789,0.34463084,0.45487824,0.0
0.5279962,0.6377518,0.6977068,0.8055086,0.6080557,1.0,0.36969715,0.30498147,2.0
-0.04650504,0.1550764,0.25942948,0.45433825,0.4398378,0.16484451,0.16697864,0.35991138,0.0
0.73499215,0.84590435,1.0,1.0000001,0.34441996,1.0,1.0,0.69707763,3.0
0.2408408,0.3292486,0.20572755,0.4088051,0.26874602,0.1729179,1.0,0.4100486,0.0
0.8636912,0.78003085,1.0,1.0000001,0.432464,0.99999994,1.0,0.5622984,1.0
0.8743801,0.8194649,0.99999994,1.0,0.29535645,1.0000001,1.0,0.5396054,3.0
0.5602066,0.5677157,0.6977068,0.8055086,1.0,1.0,0.36969715,0.08400017,3.0
0.013252417,0.22326905,0.25942948,0.45433825,0.3852564,0.16484451,0.16697864,0.35991144,0.0
0.9461049,0.8351898,1.0000001,1.0,0.432464,1.0,1.0000001,0.3661881,3.0
0.35717595,0.7377291,0.34331834,0.4943757,1.0000001,0.15416962,1.0,0.41795135,0.0
0.08865353,0.33028156,0.24912453,0.51521766,0.39892256,0.07865974,0.051014528,0.45598447,0.0
1.0000001,0.79844785,1.0,1.0,0.558216,1.0,1.0,0.34322938,3.0
0.16012943,0.40606236,0.39087898,0.5548096,0.32253432,0.44838935,0.23263696,0.09752665,1.0
0.65179724,0.7227992,1.0000001,1.0000001,0.41828623,1.0,1.0000001,0.38351342,2.0
0.92086613,0.8292519,1.0,1.0,0.5112469,1.0000001,1.0,0.34545612,2.0
0.08682287,0.40370548,0.36785176,0.54734147,0.47065482,0.010113312,0.21399234,0.33649865,0.0
0.13564222,0.30975643,0.36535037,0.533913,0.39837074,0.303314,0.30226368,0.18975912,0.0
0.9307424,0.84542465,1.0,1.0,0.39837074,1.0000002,1.0,0.82368505,1.0
0.9155631,0.86982226,1.0000001,1.0,0.55272484,1.0,1.0000001,0.41795135,1.0
0.4887505,0.7518902,0.4799455,0.62848735,1.0000001,0.08390109,1.0,0.41055667,0.0
0.07764345,0.30271268,0.26709318,0.5025916,0.37660405,0.290445,0.17025715,0.42107305,1.0
0.8979956,0.88730097,0.99999994,1.0,0.40717554,1.0,1.0,0.7463634,3.0
0.8977102,0.8112267,1.0,1.0,0.39892256,1.0000001,1.0000001,0.0648841,3.0
0.20514686,0.53434706,0.37443504,0.58502614,1.0,0.43987563,0.20826524,0.45699638,0.0
0.89364064,0.9024799,1.0,1.0000001,0.5754386,1.0,0.9999999,0.3661881,1.0
0.6948409,0.7616998,1.0000001,1.0000001,0.4064738,1.0,1.0000001,0.10765773,4.0
0.15142065,0.4823089,0.3238324,0.48914775,0.37660405,0.08089024,0.36969715,0.30942222,0.0
0.18214417,0.51899326,0.3426605,0.50037265,1.0000001,0.3474036,0.34463096,0.7082058,0.0
0.927548,0.83324057,1.0,1.0,0.46512017,1.0,1.0000001,0.25189286,3.0
0.9225494,0.9108237,1.0000001,1.0,0.5296198,1.0,1.0000001,0.19469394,4.0
0.8789636,0.87801695,1.0,1.0000002,0.558216,1.0,1.0,0.37851205,2.0
0.04694473,0.37378213,0.2712788,0.44189048,0.5659551,0.011198251,0.114486545,1.0,0.0
0.9175321,0.7891891,1.0,1.0000001,0.4706548,1.0,1.0,0.27294677,3.0
0.8978642,0.8687333,1.0000002,1.0,0.55333304,1.0,1.0,0.4401303,4.0
0.9060214,0.92414176,1.0,1.0,0.4706548,1.0000002,1.0,0.51565516,3.0
0.03088643,0.3311535,0.25083002,0.48180652,1.0,0.17917877,0.2117667,0.082494244,0.0
0.15762505,0.26924443,0.36420643,0.5944388,0.45567653,0.06636363,0.1577716,0.67553765,0.0
0.06801961,0.32387975,0.27187628,0.50970054,1.0,0.18539642,0.117881544,0.41055667,0.0
0.9229405,0.93455136,0.99999994,0.9999999,0.558216,1.0,1.0000001,0.34862697,2.0
0.031871684,0.22247383,0.18137243,0.416835,0.37660405,0.13819778,0.2359551,0.24893007,0.0
0.9104319,0.76260376,1.0,1.0000001,0.58956575,1.0,1.0000001,0.27512532,2.0
0.0056217164,0.31717664,0.24912453,0.51521766,0.31490907,0.07865974,0.051014528,0.48497993,0.0
0.13043861,0.23572662,0.40079737,0.6010023,0.5112469,0.09287865,0.1577716,0.47158292,0.0
0.2269966,0.3519059,0.24177831,0.46631494,0.45439246,0.23985414,0.20826524,0.4238788,0.0
0.018884486,0.2427544,0.2781701,0.45471436,0.4818779,0.07817814,0.051014528,0.32906568,1.0
0.91906345,0.8044814,1.0,1.0,0.51124686,1.0000001,1.0000001,-0.05198829,2.0
0.052877553,0.37329042,0.34744033,0.5516957,0.39892256,0.06773768,0.42110777,0.2645597,1.0
0.95069695,0.9269341,1.0000001,1.0,1.0000001,1.0,1.0000001,0.40910012,3.0
0.86016494,0.7539177,1.0,1.0,0.39892256,1.0000001,1.0000001,0.051158436,3.0
0.05920083,0.3794024,0.25215787,0.489141,0.34441996,0.30129045,0.36969715,0.34509924,0.0
0.87330675,0.9433254,1.0,1.0000001,0.26874602,1.0000001,1.0000001,1.0000001,2.0
0.9281124,0.8366388,1.0,1.0,0.58956575,1.0000001,1.0,0.34212545,3.0
-0.04373745,0.1678376,0.19438508,0.46317035,0.41828626,0.07385005,0.16697864,0.3280713,0.0
0.9238126,0.76451516,1.0,1.0000001,0.6080557,1.0,1.0,0.32979262,3.0
0.0321801,0.3391227,0.30075136,0.54115534,0.39837074,0.3549211,0.29510218,0.3290656,0.0
0.07643127,0.31325656,0.36355433,0.5758431,0.5296198,0.13411754,0.23263696,0.37943572,0.0
0.4810851,0.6684372,0.6977068,0.8055086,0.5754386,1.0,0.36969715,0.31223965,2.0
0.9595412,0.8234633,1.0000001,1.0,0.5754386,1.0,1.0,0.36922672,2.0
0.39709052,0.65931594,0.6977068,0.8055086,0.34442002,1.0,0.36969715,0.29892138,4.0
0.14433467,0.31418034,0.2869972,0.54927766,0.5754386,0.3012904,0.36969718,0.27512532,0.0
0.26431385,0.3889557,0.32686695,0.45543864,0.38525632,0.45449784,0.2060901,0.36313426,0.0
0.25459665,0.3993838,0.39311048,0.5527167,0.5659551,0.2741326,0.117881544,0.21065405,0.0
0.24464944,0.49759582,0.48240787,0.6544773,0.34441996,0.29240194,0.33964914,0.7522148,0.0
0.17877588,0.455072,0.28981066,0.44579548,0.45439246,0.17331886,0.36969715,1.0,0.0
0.07770314,0.23988271,0.28792188,0.49512076,0.40717554,0.073434845,0.2562733,0.3477045,0.0
0.7744618,0.7254247,1.0,1.0,0.37660405,1.0,1.0,0.2047317,2.0
0.06351484,0.2610207,0.27207685,0.41485327,0.34442002,0.29184896,0.114486545,0.2578912,0.0
0.8498918,0.8039484,1.0,1.0,0.43357915,1.0,1.0,0.2782482,1.0
0.03559603,0.15732408,0.25503397,0.46857306,0.31490907,0.045618236,0.42110777,0.45204937,0.0
-0.026948461,0.55956995,0.23471212,0.50885737,0.58900136,0.13411754,0.117881544,0.0767778,0.0
0.8687638,0.92437196,1.0,1.0000001,0.41828632,1.0,1.0,0.38750705,2.0
0.7038392,0.8215841,1.0,1.0,1.0000001,1.0,1.0000001,0.5345298,2.0
0.033708163,0.39384365,0.32585806,0.5469179,1.0,0.10966985,0.1577716,0.2190891,0.0
0.90036905,0.8786865,1.0000002,1.0,1.0000001,1.0,1.0,0.36492956,4.0
0.03176312,0.2580613,0.1764128,0.39397675,0.4818779,0.3151256,0.29419425,0.3922518,0.0
0.8460109,0.81239784,1.0,1.0,0.58956575,1.0000001,1.0000001,0.2159991,2.0
0.9709955,0.81130683,1.0,1.0,0.58900136,1.0000002,1.0000001,0.33277,3.0
0.1775983,0.39226466,0.27242517,0.5494088,1.0000001,0.10973179,0.20826524,0.42921683,0.0
0.21507382,0.3097588,0.29039603,0.5955289,1.0,0.31761754,0.22620225,0.19259351,0.0
0.91221714,0.7005217,1.0,1.0,0.55272484,1.0000001,1.0000001,0.39339727,3.0
0.91575783,0.9258946,1.0000002,1.0,0.46512017,1.0000001,0.9999999,0.7082058,1.0
0.08439963,0.33388993,0.23857573,0.5536287,0.71574616,0.077673,0.34463084,0.3253179,0.0
0.9552263,0.86214954,1.0000001,1.0,0.43357915,1.0,1.0000001,0.4536053,3.0
0.16862738,0.38151795,0.37443504,0.58502614,0.34442002,0.43987563,0.20826524,0.26758543,0.0
0.24909715,0.42455462,0.40026575,0.52959406,0.30736488,-0.00026113633,0.29510218,0.33746803,0.0
0.30187464,0.44519812,0.48514402,0.65817034,0.38525635,0.21274829,0.33982134,0.27173215,0.0
0.92909503,0.8318968,1.0,1.0000002,0.4651202,1.0000001,1.0,0.2554379,3.0
0.10756491,0.32934576,0.30745608,0.48808053,0.6080557,-0.044197652,0.1498338,0.4362871,0.0
0.9263284,0.901628,1.0000001,1.0,1.0000002,1.0,1.0000001,0.41795123,3.0
0.18341675,0.3328484,0.31066304,0.4895507,0.4071756,0.00771897,0.20826524,0.26287916,0.0
0.89139044,0.886744,1.0,1.0000001,0.71574616,1.0000001,1.0000001,0.43628702,3.0
0.50131524,0.61757874,0.6977068,0.8055086,0.46512017,1.0,0.36969715,0.59534883,1.0
0.89815736,0.7453279,1.0000001,0.9999999,0.5296198,1.0,1.0,0.10542542,2.0
0.23972374,0.5156772,0.3599269,0.6350756,0.45439246,0.16744219,0.2956028,0.27450782,0.0
0.99999994,0.8502089,1.0,0.99999994,1.0000001,1.0000002,1.0000001,0.26792857,2.0
0.13181077,0.35152313,0.28215337,0.43900108,1.0,0.04394047,0.1217764,0.3810777,0.0
0.07140101,0.30167806,0.27525663,0.45090228,0.58956575,0.077323556,0.24090596,0.3020517,0.0
0.10248704,0.2782524,0.36785176,0.5473414,0.71574616,0.010113349,0.21399234,0.36313426,0.0
0.91743296,0.9192244,1.0,1.0,0.5754386,1.0000001,1.0,0.47480065,2.0
0.06303644,0.41895723,0.40645123,0.6270002,1.0,0.10966986,0.1577716,0.2855456,0.0
0.9538828,0.87648165,1.0000001,1.0,0.5296198,1.0,1.0000001,0.091384,2.0
0.16379881,0.21370186,0.25584775,0.5347157,0.31490907,0.18584827,0.22620225,0.08400019,0.0
0.24449989,0.2620417,0.27834284,0.45539513,0.5659551,0.13439974,0.11534762,0.34204847,0.0
0.9346121,0.9684546,1.0,1.0,0.4706549,1.0,1.0000001,0.2190891,2.0
0.28608105,0.31313002,0.5211829,0.5829382,0.5112469,0.22988069,0.30226368,0.22667372,0.0
0.8946321,0.87658244,1.0,1.0000001,0.37660405,1.0,0.9999999,0.09752665,2.0
0.246295,0.440165,0.4949477,0.6387526,0.32253432,0.6400837,0.1217764,0.31823343,0.0
0.06648463,0.26438117,0.25083002,0.48180652,0.58956575,0.17917877,0.2117667,0.425102,0.0
0.14794892,0.31831443,0.31688654,0.52392316,0.43357915,0.3474036,0.34463084,0.2855456,0.0
0.14054503,0.27110535,0.35536855,0.52812463,0.2953564,0.18376002,0.22620225,0.32784057,0.0
0.1357831,0.36185175,0.37967676,0.61796474,0.29535645,0.18490632,0.22620225,0.3434655,0.0
0.08712028,0.27466822,0.310345,0.467387,0.71574616,0.28235373,0.33964914,0.15589398,1.0
0.160227,0.28688222,0.31688654,0.52392316,0.5112469,0.3474036,0.34463096,0.44641972,0.0
0.19272065,0.4727075,0.49374622,0.5957875,0.4651202,0.29878736,0.117881544,0.16671354,0.0
0.928123,0.66003114,1.0,1.0000001,0.432464,1.0,1.0,0.066853404,2.0
0.79904073,0.8393837,1.0,1.0000001,0.4556765,0.99999994,1.0,0.42107305,2.0
0.103936136,0.28953326,0.21347684,0.3751297,0.40647385,0.15522394,0.18429458,0.59534883,0.0
0.9048725,0.8247763,1.0000001,1.0,0.5754386,1.0000001,1.0000001,0.11768854,2.0
0.29771143,0.34228212,0.50309104,0.6782969,1.0000001,0.4579962,0.36969715,0.046755284,0.0
0.14987312,0.339428,0.25832576,0.45968503,0.26874602,0.30679506,0.29510218,0.67553765,0.0
1.0,0.91749966,1.0000001,1.0,0.58900136,1.0,1.0000001,0.3931529,2.0
0.8940494,0.8416635,1.0,1.0000001,0.558216,1.0,1.0,0.5345298,3.0
0.96484363,0.9484249,1.0,1.0,0.31490907,1.0000002,1.0000001,1.0000001,3.0
0.11723149,0.3252346,0.34950137,0.49655902,1.0000001,0.0691079,0.34463084,0.38482207,0.0
0.9108675,0.883228,0.9999999,1.0000001,0.4818779,1.0,1.0,-0.03935621,1.0
0.12539887,0.31971812,0.2735973,0.5707797,1.0000001,0.113021605,0.2117667,0.4100486,0.0
0.04906562,0.58575714,0.2448517,0.4832354,0.5296198,0.010835564,0.42110774,0.3439222,1.0
0.031992834,0.4026032,0.32022232,0.6007087,0.4706548,0.07767302,0.12177644,0.42831627,1.0
0.1658215,0.34980392,0.28882664,0.44039094,1.0000002,0.096192494,0.30226368,0.4338043,0.0
0.20054561,0.31620124,0.25472856,0.48304635,0.5296198,0.14927575,0.33964914,0.2614463,0.0
0.057226997,0.30077398,0.18137243,0.41683495,0.71574616,0.13819778,0.23595499,0.34204847,0.0
0.656056,0.55540633,0.63815105,0.7172086,1.0,0.37859404,1.0000001,0.43019584,0.0
0.17016762,0.281839,0.27142158,0.48051006,0.43357915,-0.09065268,0.36969715,0.3922518,0.0
0.93330276,0.98066807,1.0000001,1.0,0.4818779,1.0,1.0000001,0.1691295,2.0
0.80075294,0.70211446,1.0,1.0000001,0.71574616,0.99999994,1.0,0.13151704,2.0
0.08697768,0.4385277,0.32747728,0.5042012,1.0,0.115328714,0.360922,0.07753219,0.0
0.4534557,0.56823874,0.6977068,0.8055086,0.5296198,1.0,0.36969715,0.06840099,3.0
0.061212506,0.25579172,0.24733073,0.411098,0.6080557,-0.048057824,0.3812184,-0.0089537725,0.0
0.19782656,0.3566409,0.53668475,0.6380856,0.31490907,0.37859404,0.30226368,0.4210731,0.0
0.3964143,0.5229353,0.54390526,0.6332089,0.58900136,0.09380914,0.36969715,0.348558,0.0
1.0,0.7405643,1.0,1.0000001,1.0000001,1.0,1.0,0.071400754,3.0
0.9311589,0.88228124,1.0,1.0,0.5754386,1.0000001,1.0000001,0.3374651,3.0
0.5084703,0.7129713,0.6977068,0.8055086,0.45439246,1.0,0.36969715,0.29381585,4.0
0.089387625,0.29846528,0.24635278,0.4002596,0.34441996,0.10952671,0.42110777,1.0000001,0.0
0.09333811,0.22369874,0.24748418,0.5353142,0.4556765,0.0783663,0.1577716,0.27512532,0.0
0.94485474,0.72669566,1.0,0.99999994,0.432464,1.0000002,1.0000001,0.071400754,3.0
0.8618999,0.79630125,1.0,1.0000001,0.71574616,0.99999994,1.0,0.36313426,3.0
0.23053974,0.42327145,0.42756844,0.6366217,1.0,0.32454997,0.36969715,0.7463634,0.0
0.5525672,0.48802233,0.6977068,0.8055086,0.5256206,1.0,0.36969715,0.2047317,2.0
0.89265144,0.8370136,1.0,1.0000001,0.26874602,1.0000001,1.0000001,0.2827658,4.0
0.08718309,0.31620294,0.2086919,0.44551325,0.58900136,0.09252523,0.21399234,0.12556192,1.0
0.06316024,0.28552407,0.37302834,0.48790282,0.43357915,0.029400771,0.1290364,0.33277,0.0
0.94088006,0.9785552,1.0000001,1.0,0.4360875,1.0000001,1.0,0.65253776,1.0
0.47111595,0.59291065,0.6977068,0.8055086,1.0000001,1.0,0.36969715,0.08400017,3.0
0.14350963,0.26773986,0.3846401,0.5424134,0.29535645,0.040000543,0.24090596,0.19758959,0.0
0.14071077,0.435535,0.28981066,0.44579548,0.5296198,0.17331892,0.36969715,1.0,0.0
0.09004368,0.3263293,0.27680197,0.5314161,1.0,0.17608269,0.2117667,0.32016635,0.0
0.22022715,0.51296854,0.43721497,0.59405094,0.41828632,0.37942123,0.30226368,0.5345298,0.0
0.9680398,1.0000001,0.9999999,1.0000001,0.38525635,1.0,1.0,1.0000001,2.0
0.9279511,0.8863742,1.0000001,1.0,0.34441996,1.0,1.0000001,0.4560963,4.0
0.1452429,0.27860007,0.33029437,0.6022856,0.55272484,0.07934281,0.2117667,0.45204934,0.0
0.039009206,0.4203099,0.30416846,0.45900017,1.0,0.5049076,0.050903007,0.26416042,0.0
0.04641732,0.3280548,0.3419305,0.53458965,0.30736482,0.3430152,0.17025715,0.19390142,0.0
0.94337344,0.7751571,1.0,1.0,0.6080557,1.0000002,1.0000001,-0.07876809,2.0
0.22401187,0.38816983,0.42729717,0.6087969,0.5533329,0.1793789,0.22620225,1.0,0.0
0.9488752,0.9037834,1.0000001,1.0,0.5296198,1.0,1.0000001,0.10526821,2.0
0.93097353,0.77820474,1.0000001,1.0,0.31490907,1.0000002,1.0,0.29339886,2.0
0.028901858,0.19241035,0.19255103,0.5486984,0.3559913,0.31761754,0.1577716,0.12421048,0.0
0.9388658,1.0,1.0,1.0,1.0000001,1.0000001,1.0,0.4235767,2.0
0.9190713,0.78013587,1.0,1.0,0.41828632,1.0000001,1.0000001,0.23341814,3.0
0.099433094,0.24422747,0.27834284,0.45539513,0.558216,0.13439971,0.11534762,0.13151704,0.0
-0.015500886,0.40071765,0.25687024,0.54152554,0.5659551,0.16072917,0.29419428,0.28385276,0.0
0.9212692,0.83309555,0.99999994,1.0,0.26874602,1.0000001,1.0,0.2044552,1.0
0.87448144,0.8693476,1.0000002,1.0,0.58956575,1.0000001,0.9999999,0.82368505,2.0
0.88172096,0.9059344,1.0,1.0,0.558216,1.0000001,1.0000001,0.30498147,3.0
0.88385934,0.921184,0.99999994,1.0,0.4556765,1.0000001,1.0,0.26758543,2.0
0.93179303,0.8775788,1.0000001,1.0,0.29535645,1.0,1.0000001,0.4338043,4.0
0.82580847,0.8239336,1.0,1.0000001,0.4071756,0.99999994,1.0,0.24866706,2.0
0.65179724,0.7608226,1.0000001,1.0000001,0.39837074,1.0,1.0000001,0.25189286,3.0
0.49382818,0.71150964,0.6977068,0.8055086,0.4706548,1.0000001,0.36969715,0.3297413,3.0
0.20762406,0.46536082,0.3445863,0.5594157,0.40647385,0.43987566,0.20826524,0.4338043,0.0
-0.039487682,0.38925385,0.17070109,0.40898854,0.43357915,0.08457676,0.11788155,0.09682163,0.0
0.512603,0.502139,0.5090931,0.70937616,0.31490907,0.16744219,1.0,0.3080734,0.0
0.072314136,0.50764334,0.29816592,0.5216071,1.0000001,0.08282096,0.2562733,1.0,0.0
0.8630847,0.700467,1.0,1.0000001,0.45567653,0.99999994,1.0,0.09368217,2.0
0.2757774,0.37663788,0.49422398,0.69229805,0.4651202,0.14396694,0.1577716,0.2874078,0.0
0.8537388,0.8169543,1.0,1.0000001,1.0000002,0.99999994,1.0,0.066853404,3.0
0.13617986,0.30162063,0.28517678,0.42207158,0.4360875,0.109626,0.33964914,0.26792857,0.0
0.93737817,0.865659,1.0000001,1.0,0.55272484,1.0,1.0000001,0.36537263,4.0
0.95683604,0.8706951,1.0,1.0,0.45567653,1.0000001,1.0,0.17891881,2.0
0.9271783,0.7901444,1.0000001,1.0,0.39892256,1.0,1.0000001,0.34792453,4.0
0.9284131,0.8041826,1.0000002,1.0,0.31490907,1.0000001,1.0,0.4946146,3.0
0.08276912,0.33014542,0.3441469,0.52777237,1.0000001,0.06502894,0.22095497,0.3253179,0.0
0.18055853,0.47051752,0.40305942,0.61431754,0.565955,0.08153154,0.1217764,0.26792857,1.0
1.0,0.9509697,1.0,1.0,1.0000001,1.0,1.0,0.28712094,1.0
0.46073562,0.4734971,0.42461073,0.60600245,0.6080557,0.002428988,1.0000001,0.38970357,0.0
0.20940909,0.32210585,0.36546093,0.5321528,0.558216,0.31029254,0.30226368,0.27294677,0.0
0.8456485,0.8444601,1.0,1.0,0.29535645,1.0000001,1.0000001,0.43628702,1.0
0.0910542,0.28886455,0.37302834,0.48790282,0.55272484,0.029400695,0.1290364,0.2047317,0.0
0.08302958,0.33459127,0.20116113,0.43953574,0.4398378,-0.090652704,0.36969715,0.36691758,0.0
0.8391558,0.6963632,1.0,1.0000001,0.58900136,0.99999994,1.0,0.3144312,3.0
0.9166545,0.8063927,1.0000001,1.0,0.30736482,1.0000001,1.0,0.066853404,4.0
0.10200472,0.28043896,0.25942948,0.45433825,1.0000002,0.16484451,0.16697864,0.50430405,0.0
0.9304944,0.7785181,1.0,1.0000001,0.4071756,1.0000001,1.0000001,0.27512532,4.0
0.09209695,0.31853545,0.23808864,0.43646097,0.5754386,-0.021365585,0.117881544,0.3306554,1.0
0.29094142,0.510724,0.49876294,0.6530659,0.5754386,0.5358374,0.23263696,0.37405723,0.0
0.9100584,0.8731027,1.0,1.0000001,0.4818779,1.0,0.9999999,0.2911833,2.0
0.9163059,0.66366315,1.0000001,0.9999999,1.0,1.0,1.0,0.0767778,2.0
0.93934083,0.7251411,1.0,1.0,0.39837074,1.0000002,1.0000001,0.19390142,2.0
0.22850776,0.32001477,0.48240787,0.6544773,0.5296198,0.29240194,0.33964914,0.32954448,0.0
0.9234775,0.87985265,1.0,1.0,0.43608752,1.0,1.0000001,0.4001463,4.0
0.0041064965,0.30589336,0.25687024,0.54152554,0.4071756,0.16072914,0.29419425,0.33649865,0.0
0.73053706,0.87658244,1.0,1.0000001,0.3559913,1.0,1.0,0.28712094,2.0
-0.06288466,0.19527082,0.19438508,0.46317035,1.0,0.07385005,0.16697864,0.2874078,0.0
0.07263783,0.22250709,0.21347684,0.37512973,1.0,0.15522394,0.18429458,0.39139158,0.0
0.11616805,0.30717993,0.2627721,0.49174365,0.3559913,0.14590293,0.29510218,0.26416042,0.0
0.92964506,0.78942376,1.0000001,1.0,0.51124686,1.0000001,1.0,0.4741698,4.0
0.9317268,0.6879556,0.9999999,1.0000001,0.3559913,1.0,1.0,0.27512532,3.0
0.5050799,0.6961835,0.6977068,0.8055086,0.558216,1.0,0.36969715,0.24866715,2.0
0.3028859,0.4384703,0.4256704,0.58281714,0.58956575,0.6583792,0.2956028,0.31077552,0.0
0.17610933,0.38659108,0.32847235,0.45667824,0.5296198,0.04615789,0.34463084,0.42831627,0.0
0.911373,0.87920654,1.0,1.0,0.4556765,1.0,1.0,0.32784057,3.0
0.90664935,0.82889223,1.0000002,1.0,0.4360875,1.0,1.0,0.3428315,3.0
0.8319988,0.89834726,1.0,1.0,1.0,1.0000001,1.0000001,0.43174052,1.0
0.14120027,0.37225425,0.41079885,0.6725428,0.40717554,0.40012532,0.360922,0.2645597,1.0
0.8871841,0.8080135,1.0,1.0000002,0.40647385,1.0000001,1.0,0.26416042,2.0
0.92964506,0.8263744,1.0000001,1.0,0.432464,1.0000002,1.0,0.56882894,3.0
0.14862528,0.38804352,0.36546093,0.53215283,0.55272484,0.31029254,0.30226368,0.65253776,0.0
0.8732584,0.9396131,0.99999994,1.0,0.4556765,1.0000001,1.0,0.19010958,2.0
0.17326933,0.40264896,0.40819147,0.5022254,0.37660405,0.11475611,0.4017225,0.34637472,0.0
0.9091985,0.87913895,1.0000001,1.0,0.5754386,1.0,1.0000001,0.19469394,3.0
0.9469588,0.8185027,1.0,1.0,0.31490907,1.0000001,1.0,0.42598838,2.0
0.9468632,0.9127283,1.0,1.0,0.43357915,1.0,1.0,0.35991138,2.0
0.23037285,0.43161196,0.29674298,0.5235077,0.71574616,0.589694,0.36969715,0.5622984,0.0
0.85010225,0.85649186,1.0,1.0,0.4398378,1.0000001,1.0000001,0.48497993,3.0
0.22971953,0.4725952,0.3599269,0.6350756,0.55272484,0.16744213,0.2956029,0.10526821,0.0
0.19465846,0.35589916,0.39639592,0.49093908,0.34442002,0.18955627,0.1541862,0.061684813,0.0
0.14385426,0.28624117,0.27242517,0.5494088,0.58956575,0.10973182,0.20826524,0.38970357,0.0
0.87585795,0.8080112,1.0000001,1.0,1.0,1.0000001,1.0000001,0.32906568,3.0
0.47948658,0.612606,0.6977068,0.8055086,0.6080557,1.0,0.36969715,0.14297426,3.0
0.94831765,0.8354148,1.0000001,1.0,0.5754386,1.0000002,1.0,0.33892834,1.0
0.89501107,1.0,1.0000002,1.0,0.5659551,1.0000001,1.0,0.42831627,3.0
0.2841937,0.4050552,0.45544893,0.57878816,0.30736488,0.16330108,0.30226368,0.24866706,0.0
0.90158117,0.8078428,0.99999994,0.9999999,0.55272484,1.0,1.0000001,0.3607095,2.0
0.92311424,0.791178,1.0000001,1.0,0.43357915,1.0,1.0000001,0.066043094,2.0
0.5757245,0.53983676,0.5090931,0.70937616,0.5256206,0.16744219,1.0,0.67553765,0.0
0.95160604,0.8766037,1.0,1.0,0.55272484,1.0,1.0,0.3339054,3.0
0.39709052,0.45875004,0.6977068,0.8055086,0.43357915,1.0,0.36969715,0.0648841,3.0
0.11185607,0.4256908,0.35910675,0.5109053,0.45439246,0.19157328,0.23263696,0.67553765,0.0
0.8967382,0.8734947,1.0,1.0,0.37660405,1.0000001,1.0,0.3931529,3.0
0.08650756,0.43531388,0.27680197,0.5314161,0.558216,0.17608269,0.2117667,1.0,0.0
0.27575544,0.4215802,0.31961536,0.5885645,0.34441996,0.25207424,0.36969715,0.47388792,1.0
0.078206286,0.15770292,0.16394494,0.42119503,0.4651202,0.10943377,0.29345012,-0.013264746,0.0
0.094781965,0.23565528,0.32438946,0.5311105,0.5659551,0.363854,0.30226368,0.07984673,0.0
0.9241965,0.8675035,1.0,1.0000001,0.45439246,1.0000001,1.0000001,0.2865857,2.0
0.030834708,0.26173258,0.21563017,0.47523776,0.5296198,0.10424165,0.07367286,0.69707763,1.0
0.7255162,0.88269824,1.0,1.0000001,0.41828632,1.0,0.9999999,0.48497993,4.0
0.00834447,0.29680675,0.29337442,0.4925987,1.0,0.052769795,0.12177644,0.27450782,0.0
-0.03425701,0.17271738,0.1764128,0.39397675,0.3559913,0.3151256,0.29419428,0.07984673,0.0
0.87630874,0.8498097,1.0000002,1.0,0.4818779,1.0000001,1.0,0.38351342,3.0
0.92131233,0.84421206,0.99999994,0.9999999,0.40717554,1.0,1.0000001,0.23244068,3.0
0.92964506,0.7055433,1.0000001,1.0,0.55272484,1.0000002,1.0,0.34923184,2.0
0.92572904,0.9520208,1.0,1.0,0.558216,1.0,1.0,0.3011943,3.0
0.3199833,0.32471824,0.4635989,0.646822,0.34442002,0.29240194,0.36969718,0.19758959,0.0
0.83878016,0.9341843,1.0000001,0.9999999,0.432464,1.0,1.0,0.26758543,2.0
0.06920238,0.3884694,0.23433378,0.50327986,0.5112469,0.0108355805,0.24090596,0.12388573,0.0
0.8419659,0.78422105,1.0,0.99999994,0.4651202,1.0000002,1.0000001,0.5345298,4.0
0.82695895,0.66663563,1.0000001,0.9999999,0.432464,1.0,1.0,0.26792857,1.0
0.8630847,0.7385144,1.0,1.0,0.39837074,0.99999994,1.0,0.16671354,3.0
0.045635127,0.35383058,0.23302248,0.44944978,0.43608752,0.13389742,0.23263696,0.42107302,0.0
0.48923022,0.58636844,0.36050022,0.5448672,0.5754386,0.10038003,1.0000001,0.074028715,0.0
0.0930617,0.31126648,0.27680197,0.5314161,0.2953564,0.17608269,0.2117667,0.46775028,0.0
0.88529813,0.7650184,1.0000001,0.9999999,0.32253432,1.0000001,1.0,0.2827658,4.0
0.11419697,0.42536265,0.31505176,0.49446878,0.30736488,0.23976043,0.22447549,0.3465454,0.0
0.39666307,0.45493886,0.3921464,0.5677736,0.26874602,0.303314,1.0000001,0.3886997,0.0
0.20779327,0.50601816,0.49876294,0.6530659,1.0000002,0.5358374,0.23263696,0.4473825,1.0
0.18160254,0.33483332,0.4001966,0.6021725,0.558216,0.6317419,0.33964914,0.0135297105,1.0
0.8354363,0.91465646,1.0000001,1.0000001,0.37660405,1.0,1.0000001,0.58482903,1.0
0.19069362,0.43935713,0.35203755,0.5426289,0.29535645,0.06882769,0.20826524,0.26865232,0.0
0.050088104,0.3650182,0.24624795,0.53385967,0.43357915,0.106746465,0.29510218,0.3253179,0.0
0.8537388,0.7223832,1.0,1.0000001,1.0000002,0.99999994,1.0,0.12556192,2.0
0.07578994,0.34149462,0.24846172,0.4958983,0.6080557,0.024745919,0.1498338,0.16671354,0.0
0.06944195,0.27977026,0.42891818,0.6710299,0.71574616,0.122202456,0.1577716,0.45487824,0.0
0.92836154,0.8717614,0.9999999,1.0000001,0.5256206,1.0,1.0,0.42921686,2.0
0.9195167,0.837955,1.0,1.0000002,0.4706549,1.0000001,1.0,0.10765773,1.0
0.009365884,0.2076872,0.29205173,0.47937375,0.26874602,0.031506687,0.360922,0.36313426,0.0
0.035320185,0.4417079,0.25215787,0.489141,0.6080557,0.30129045,0.36969715,0.31569058,0.0
0.6630633,0.5670176,0.7289587,0.80321276,0.4706549,0.38695368,1.0000001,0.4401303,0.0
0.0949213,0.2795016,0.23808864,0.43646097,0.39837086,-0.021365564,0.117881544,0.41795135,0.0
0.91671383,0.9782722,1.0,0.99999994,0.4818779,1.0000002,1.0000001,1.0000001,4.0
0.92797565,0.7094071,1.0,1.0000001,0.4483546,1.0,1.0,0.11947301,2.0
0.22544514,0.39933515,0.5538543,0.62991595,0.5754386,0.17287272,0.27592617,0.040052332,0.0
0.7034039,0.7560599,1.0,1.0,0.26874602,1.0000001,1.0000001,0.04591631,4.0
0.21913812,0.38506374,0.28981066,0.44579548,0.45567653,0.17331886,0.36969715,0.47388792,0.0
0.94861686,0.8951123,1.0000001,1.0,1.0,1.0,1.0000001,0.17891881,4.0
0.92018414,0.8874456,1.0000002,1.0,0.5296198,1.0000001,1.0,0.44689378,4.0
0.92909503,0.807253,1.0,1.0000002,0.4651202,1.0000001,1.0,0.41795123,3.0
0.15448256,0.37568563,0.27235767,0.5300844,0.3559913,0.115213156,0.20826524,1.0,0.0
0.81483454,0.79526395,1.0,1.0,0.41828632,1.0,1.0000001,0.4559844,1.0
0.078620404,0.3937915,0.28215337,0.43900108,0.4818779,0.04394047,0.12177644,1.0000001,0.0
0.8941026,0.87696123,1.0,1.0,1.0,1.0,1.0000001,0.67553765,4.0
0.85998577,0.76544744,1.0,1.0,0.34441996,1.0,1.0,-0.03935621,2.0
0.92184925,0.7578527,1.0000001,1.0,0.4706548,1.0000002,1.0,0.04591631,2.0
0.1466583,0.47292882,0.41079885,0.6725428,0.4398378,0.40012527,0.360922,0.19010958,0.0
0.0033994205,0.26352546,0.2286784,0.47166,0.5296198,0.09952273,0.117881544,0.100318894,0.0
0.49867022,0.5182499,0.41286314,0.6728513,0.432464,0.07099595,1.0000001,0.21482946,0.0
0.3175456,0.45353484,0.54390526,0.6332089,0.43357915,0.093809105,0.36969715,0.0767778,0.0
0.9390854,0.9340553,1.0000001,1.0,0.5754386,0.9999999,1.0000001,0.19469394,2.0
0.11456312,0.34030497,0.27876115,0.48077437,0.26874602,0.33494323,0.33144972,0.46734154,0.0
0.9461049,0.8351898,1.0000001,1.0,0.55272484,1.0,1.0000001,0.30499306,2.0
0.99999994,0.8628791,1.0000002,1.0,0.5659551,1.0,1.0,0.39648783,2.0
0.9381842,0.8218864,1.0000001,0.9999999,0.4651202,1.0,1.0,0.2827658,4.0
0.86601245,0.937021,1.0,1.0,0.37660405,1.0,1.0000001,0.99999994,3.0
0.9399707,0.85419065,1.0000001,1.0,1.0000001,1.0,1.0000001,0.48497993,3.0
0.5279962,0.66980696,0.6977068,0.8055086,0.58900136,1.0000001,0.36969715,0.2645597,2.0
0.18912601,0.42570502,0.45544893,0.57878816,0.45567653,0.16330108,0.30226368,0.7463634,0.0
0.90176845,0.7510891,0.99999994,1.0,0.5296198,1.0,1.0,0.046755273,2.0
0.9062909,0.8396073,0.9999999,1.0000001,0.4064738,1.0,1.0,0.34204847,2.0
0.077712595,0.24759233,0.16394494,0.42119503,1.0000001,0.109433785,0.29345015,0.27420706,0.0
0.13272183,0.29902261,0.4354267,0.6018355,1.0000001,0.11420985,0.2562733,0.26774698,1.0
0.09649894,0.33186597,0.35910666,0.51090527,0.4706549,0.19157328,0.23263696,0.12137157,0.0
0.86440957,0.87962365,1.0000001,1.0,0.432464,1.0,1.0000001,0.30769804,3.0
0.7871623,0.8563822,0.9999999,1.0000001,0.4556765,1.0,1.0,0.35703236,2.0
0.11561138,0.40393975,0.38103575,0.55718756,0.5296198,0.18955627,0.23263696,1.0,0.0
0.7813653,0.7802495,1.0000001,1.0000001,0.5112469,1.0,1.0000001,0.12660319,2.0
0.67499185,0.94538105,1.0,1.0,0.3559913,1.0000001,1.0000001,0.28007436,3.0
0.31783256,0.3491949,0.4635989,0.646822,0.40647385,0.29240197,0.36969715,0.45699638,0.0
0.165845,0.29546022,0.39277005,0.58392817,0.432464,0.078463376,0.29510218,0.44689378,0.0
0.15840393,0.3361469,0.27235767,0.5300844,0.5296198,0.115213156,0.20826524,0.19830759,0.0
0.92964494,0.7256769,1.0000001,1.0000001,0.432464,1.0000001,1.0,0.5993047,4.0
0.22988881,0.28187996,0.3180551,0.4649248,0.45439246,0.30600256,0.42110777,0.2524094,0.0
0.89314115,0.85354125,0.99999994,0.9999999,0.34441996,1.0,1.0000001,0.30498147,2.0
0.07592841,0.2933481,0.21563017,0.47523776,1.0000001,0.104241654,0.07367286,0.24893007,0.0
0.8630847,0.7385144,1.0,1.0000001,0.45567653,0.99999994,1.0,0.16671354,3.0
0.9163728,0.84522593,1.0000002,1.0,0.37660405,1.0000001,1.0,0.3931529,2.0
0.8965155,1.0,1.0,1.0000001,0.3852564,1.0,0.9999999,0.58482903,4.0
0.9298795,0.80851173,1.0,1.0,1.0,0.99999994,1.0,0.5622984,3.0
0.20000662,0.4171555,0.5107913,0.66293395,0.39892256,0.17287268,0.22620225,0.10031881,0.0
0.86627036,0.897246,1.0,1.0000002,0.5659551,1.0,1.0,0.107287124,2.0
0.85998577,0.7333199,1.0,1.0,0.4556765,1.0,1.0,0.06088537,4.0
0.8843297,0.8566326,1.0000002,1.0,0.58900136,1.0000001,1.0,0.100318894,1.0
0.408214,0.49755305,0.34331834,0.4943757,1.0000001,0.15416963,1.0,0.44822967,0.0
0.7268399,0.86128527,1.0,1.0000001,1.0000001,1.0,1.0,0.41795123,1.0
0.06989573,0.2687682,0.27525663,0.45090228,0.55272484,0.077323556,0.24090596,0.12352518,0.0
0.16453648,0.37344128,0.40079737,0.6010023,0.4360875,0.09287865,0.1577716,0.2675854,0.0
0.6240024,0.5821329,0.55691886,0.69140387,0.37660405,0.2298807,1.0000001,0.2554379,0.0
0.3644083,0.4030556,0.5643232,0.70272624,0.4651202,0.4203307,0.32592627,0.56882894,0.0
0.9062909,0.6933073,0.9999999,1.0000001,0.40647385,1.0,1.0,0.27512532,2.0
0.93466735,0.86329126,0.9999999,1.0000001,0.41828632,1.0,1.0,0.3886997,2.0
0.8747436,0.89545107,1.0,1.0000001,0.4360875,1.0,1.0,0.26865232,2.0
0.15127164,0.3189488,0.41385078,0.5334697,0.5296198,0.10762826,0.299887,0.24893007,1.0
0.4546348,0.6628393,0.6977068,0.8055086,1.0,1.0,0.36969715,0.28045052,3.0
0.15592302,0.26450902,0.37751365,0.47655043,0.39837074,0.024819652,0.4017225,0.25810048,0.0
0.9544961,0.90312827,1.0000001,1.0,0.4360875,1.0,1.0000001,0.48152423,3.0
0.9445665,0.95221496,1.0,1.0,0.32253432,1.0000001,1.0,0.41004872,3.0
0.8878126,0.7188159,1.0,1.0000001,0.5256206,1.0,1.0,0.0648841,4.0
1.0,0.7539086,1.0000001,1.0,0.5659551,1.0000002,1.0,0.3933973,3.0
0.89625454,0.74430835,1.0000001,0.9999999,1.0000001,1.0,1.0,0.27512532,3.0
0.07604988,0.14120406,0.3546989,0.45475268,0.3559913,0.08089022,0.33964914,0.4945503,0.0
0.88208425,0.8568394,1.0,1.0,0.5659551,1.0000001,1.0,0.33065537,2.0
0.15662123,0.40567818,0.28040838,0.50724536,0.6080557,0.068827696,0.34463084,0.13759983,0.0
0.1937706,0.51262695,0.43631285,0.6421515,0.43357915,0.30855715,0.36969715,0.4193282,0.0
0.9306954,0.86911833,0.99999994,0.9999999,0.4818779,1.0,1.0000001,0.56882894,3.0
0.21555558,0.28389484,0.24733073,0.411098,0.6080557,-0.048057824,0.3812184,0.33746803,0.0
0.42110956,0.50076234,0.44374055,0.68876934,0.55272484,0.3085571,1.0,0.26792857,0.0
0.91544235,0.82052404,1.0,1.0,0.4556765,1.0000001,1.0000001,0.44628108,3.0
0.25070256,0.38971263,0.44168526,0.61230206,0.4398378,0.29240197,0.36969715,0.3253179,0.0
0.90969217,0.82529235,1.0,1.0,0.39892256,1.0000001,1.0,0.40402454,4.0
0.38303107,0.49519956,0.3936598,0.6542418,0.32253432,0.1303014,1.0,0.20276797,0.0
0.861259,0.94213843,1.0000001,0.9999999,0.43357915,1.0,1.0,0.14342114,2.0
0.054392707,0.17390117,0.31802058,0.4610514,0.31490907,0.30679506,0.24090596,0.46156108,0.0
0.18547907,0.31958985,0.33208495,0.5497376,0.3852564,0.002429002,0.36969715,0.25810045,1.0
0.17424951,0.30799493,0.2625891,0.5481136,0.5296198,0.113021605,0.29345012,0.4100486,0.0
0.05225633,0.29889962,0.28401607,0.45037442,0.4818779,0.37528545,0.42110777,0.09710349,0.0
0.70422524,0.8019351,1.0,1.0,0.5256206,1.0000001,1.0000001,0.5345298,2.0
0.21231961,0.42992568,0.27142158,0.48051006,0.558216,-0.090652704,0.36969718,0.24866715,0.0
0.9034033,0.8780706,1.0000001,1.0,0.26874602,1.0,1.0000001,0.35991138,1.0
0.26532355,0.3996577,0.5684273,0.71258426,0.30736482,0.43055624,0.20826524,0.37295362,0.0
0.95822734,0.8105286,1.0,1.0,0.4556765,1.0000002,1.0000001,0.5345298,4.0
0.813496,0.8673409,1.0,1.0,0.29535645,1.0000002,1.0,0.4216482,4.0
0.053946897,0.40536785,0.33649606,0.5330492,0.31490907,0.42127398,0.23263696,0.48321638,0.0
0.5104708,0.6127233,0.3936598,0.6542418,0.6080557,0.13030137,1.0,0.3374681,0.0
0.49382818,0.6018156,0.6977068,0.8055086,0.4818779,1.0000001,0.36969715,0.3012424,4.0
0.8959852,0.8212195,1.0,1.0,0.37660405,1.0,1.0000001,0.46775028,3.0
1.0000002,0.89521015,1.0,1.0000001,0.4483546,1.0,1.0,0.41055667,2.0
0.8855567,0.95337,1.0,1.0000001,0.39837086,1.0,1.0,0.28007436,3.0
0.12093035,0.28855756,0.23808864,0.43646097,0.4360875,-0.021365585,0.117881544,0.34212545,0.0
0.21297434,0.3701706,0.28661126,0.5378894,0.5256206,0.14484674,0.22620225,0.57243234,0.0
0.10963122,0.36908835,0.29945824,0.5845369,0.4706548,0.16072914,0.16786185,0.39309052,0.0
0.4878619,0.6533631,0.6977068,0.8055086,0.5754386,1.0000001,0.36969715,0.1207681,2.0
1.0000001,0.9047284,1.0,1.0,1.0000001,1.0000002,1.0,0.4159292,3.0
0.90110654,0.86343366,1.0,1.0,1.0,1.0000001,1.0000001,0.3607095,3.0
0.1295565,0.27935547,0.32732022,0.56444705,0.58956575,0.34313983,0.17025715,0.060762867,1.0
0.92431295,0.84498346,1.0,1.0,0.32253432,1.0000001,1.0,0.368298,2.0
0.1358796,0.2037003,0.37751365,0.47655052,0.58956575,0.024819592,0.4017225,0.34862697,1.0
0.07755171,0.28485385,0.21563017,0.47523767,0.45439246,0.104241654,0.07367286,0.3144312,1.0
0.3522023,0.39762676,0.34103402,0.50483173,0.5296198,0.14081424,1.0,0.3184727,0.0
0.09342536,0.22776231,0.2712788,0.44189048,0.40647385,0.011198251,0.114486545,0.28876552,0.0
0.17853902,0.45235962,0.32980192,0.56094897,0.40647385,0.08390103,0.2956028,0.38750705,0.0
0.8572582,0.73062015,1.0,1.0,0.5112469,0.99999994,1.0,0.3607095,3.0
0.2794182,0.41124874,0.15936688,0.44361964,0.45567653,0.28639913,1.0,-0.13938777,0.0
0.94475794,0.87567246,1.0,1.0,0.5754386,1.0000001,1.0,0.32971883,3.0
0.10043087,0.17927669,0.29205173,0.47937375,0.5256206,0.031506687,0.360922,0.5993047,0.0
0.17332591,0.40246862,0.3789597,0.55987823,0.2953564,0.37905926,0.33982134,1.0000001,0.0
0.8378347,0.7919226,1.0,1.0,1.0,1.0,1.0,0.32979262,2.0
0.91663486,0.6944101,0.99999994,1.0,0.4398378,1.0,1.0,0.0135297105,2.0
0.8985747,0.8396469,0.99999994,1.0,0.34441996,1.0000001,1.0,0.59534883,4.0
0.17751355,0.4968633,0.32096067,0.5252631,0.5296198,0.09042545,0.2956029,0.3448121,0.0
0.036241684,0.20255965,0.2483591,0.47447255,0.71574616,0.13389735,0.117881544,0.071400754,0.0
0.10460217,0.2818189,0.2400779,0.4238007,1.0000001,0.589694,0.33964914,0.59534883,1.0
0.84919876,0.80929685,1.0,1.0000002,0.40647385,1.0000001,1.0,0.24376573,2.0
0.8214287,0.75861144,1.0,1.0,0.32253432,1.0,1.0,0.19390142,4.0
0.87173355,0.8325736,1.0,1.0,1.0000001,1.0000001,1.0,0.27549565,2.0
0.12719801,0.5766205,0.24613065,0.5120658,1.0000002,0.10973179,0.20826524,0.1691295,0.0
0.87991965,0.8655242,1.0,1.0,0.5296198,1.0,1.0000001,0.441778,3.0
0.9062854,0.86706746,1.0000001,1.0,0.37660405,1.0,1.0000001,0.48152423,2.0
0.8979956,0.88875306,0.99999994,1.0,0.30736482,1.0,1.0,0.5331073,2.0
0.95683604,0.85798717,1.0,1.0,0.46512017,1.0000001,1.0,0.11768854,3.0
0.9234773,0.9555439,1.0,1.0,0.432464,1.0000002,1.0000001,0.34192753,2.0
0.88756037,0.87234104,1.0,1.0,0.5256206,1.0000001,1.0000001,0.2782482,1.0
0.06738277,0.25237727,0.21347684,0.3751297,1.0000001,0.15522394,0.18429458,0.24628459,0.0
0.92030096,0.7502295,1.0000001,0.9999999,0.37660405,1.0,1.0,0.56882894,2.0
0.3151261,0.43435493,0.613614,0.76929295,1.0000001,0.15365767,0.36969715,0.26774698,0.0
0.91274667,0.858231,1.0,1.0000001,0.4706548,1.0,0.9999999,0.24376573,3.0
0.85798043,0.9297904,0.99999994,1.0,0.432464,1.0,1.0,0.34192753,4.0
0.08257422,0.49620122,0.30664062,0.50226796,0.3852564,0.06392142,0.27592617,0.47158292,0.0
0.18522812,0.29102707,0.37730783,0.55930626,0.6080557,0.098204,0.27592617,0.419684,0.0
0.21465191,0.6293688,0.41128826,0.5950707,0.30736488,0.16361459,0.33964914,0.34392214,0.0
0.030165292,0.22119048,0.18137243,0.41683495,0.55333304,0.13819778,0.2359551,0.32885224,0.0
0.21429347,0.28778997,0.2625891,0.5481136,0.58900136,0.11302158,0.29345015,0.31823343,0.0
0.9150789,0.8323723,1.0,1.0,0.4651202,1.0,1.0000001,0.34545612,2.0
0.9120939,0.8700323,1.0,1.0,0.32253432,1.0000001,1.0000001,0.46391457,2.0
0.9156997,0.8346063,1.0,1.0,0.55333304,1.0000001,1.0000001,0.43174052,3.0
0.90227914,0.65348476,1.0,1.0,0.39837074,0.99999994,1.0,0.2047317,3.0
0.88405204,0.86622113,1.0,1.0000002,0.5659551,1.0000001,1.0,0.12137157,4.0
0.8815626,0.7666416,1.0000001,1.0000001,0.31490907,1.0,1.0000001,0.34212536,2.0
0.61536694,0.55670446,0.6833683,0.79858816,0.43357915,0.4579961,1.0000001,0.09710349,1.0
0.0395594,0.24724337,0.25215787,0.489141,0.55272484,0.30129045,0.36969715,0.32954448,0.0
0.90361565,0.7787733,1.0,1.0000001,0.432464,1.0000001,1.0000001,0.47158292,3.0
0.46053872,0.668893,0.6977068,0.8055086,0.4706548,1.0,0.36969715,0.34770447,3.0
0.9099855,0.86558557,1.0,1.0,0.4706548,1.0000002,1.0000001,0.26758543,2.0
0.8046671,0.8572978,1.0,1.0,0.37660405,1.0000001,1.0000001,0.48497993,3.0
0.8339057,0.9069284,1.0,1.0000002,1.0000001,1.0000001,1.0,0.4338043,3.0
0.91298324,0.8285359,1.0,1.0000001,1.0,1.0,1.0,0.2827658,4.0
1.0,0.9552089,1.0,1.0,1.0,1.0000002,1.0,0.43174052,3.0
0.94255376,0.9058204,1.0000001,1.0,0.5296198,1.0,1.0000001,0.44822967,2.0
1.0000001,1.0,1.0,1.0,1.0000001,1.0000002,1.0000001,0.62410575,3.0
0.86425054,0.87857056,1.0,1.0000001,1.0,1.0000001,1.0000001,0.2827658,1.0
0.1738596,0.33970645,0.25215787,0.489141,0.5659551,0.3012904,0.36969715,0.38750705,0.0
0.9334758,0.9439398,1.0,1.0000001,0.5754386,1.0000001,1.0000001,0.35703227,4.0
0.89411265,0.8681976,1.0,1.0,0.5659551,1.0,1.0000001,0.17891881,2.0
0.101085484,0.22138244,0.31426102,0.4613628,0.41828632,0.024819652,0.22095497,0.31847277,0.0
0.9400241,0.8105286,1.0,0.99999994,0.34441996,1.0000002,1.0000001,0.34862697,3.0
0.90344286,0.929544,1.0,1.0,0.32253432,1.0000001,1.0,0.5622984,2.0
0.8696029,0.7897514,1.0,1.0,0.3559913,1.0000001,1.0,0.32784057,3.0
0.14993827,0.35750586,0.25832576,0.45968503,0.3559913,0.30679506,0.29510218,0.0060412847,0.0
0.06685921,0.2574309,0.27525663,0.45090228,0.6080557,0.077323556,0.24090596,0.29381585,0.0
0.88302547,0.97160965,1.0000001,0.9999999,0.30736488,1.0,1.0,0.39749324,3.0
0.15607274,0.25960398,0.35910675,0.5109053,0.43983787,0.19157328,0.23263696,1.0000001,0.0
0.9449584,0.93405527,1.0000001,1.0,1.0000001,1.0,1.0000001,0.43174052,2.0
0.21944675,0.17779897,0.26799834,0.42293286,0.4818779,0.026751049,0.32592627,0.046377435,1.0
0.7031954,0.78284407,1.0000001,1.0000001,0.268746,1.0,1.0000001,0.7878543,3.0
0.8523649,0.8212693,1.0,1.0000001,0.26874602,1.0000001,1.0000001,0.27294677,2.0
0.007931706,0.18693572,0.18103163,0.458044,0.4706549,0.12735008,0.2046035,0.068934135,1.0
0.91457057,0.84980965,1.0,1.0,0.29535645,1.0000001,1.0,0.2677811,4.0
0.9187156,0.9364158,1.0,1.0000002,0.40647385,1.0000001,1.0,0.59534883,3.0
0.93466735,0.86329126,0.9999999,1.0000001,0.41828632,1.0,1.0,0.3886997,3.0
0.93934083,0.9525615,1.0,0.99999994,0.43357915,1.0000002,1.0000001,0.14342114,2.0
0.5543362,0.6759761,0.6977068,0.8055086,1.0000001,1.0,0.36969715,0.5622984,1.0
0.5466581,0.549981,0.44374055,0.68876934,0.58900136,0.30855718,1.0,0.2645597,1.0
0.9036009,0.71093875,1.0000001,0.9999999,0.37660405,1.0,1.0,0.4741698,3.0
0.17657615,0.516366,0.27142158,0.48051006,0.4818779,-0.090652704,0.36969715,0.08400017,0.0
0.80075294,0.98427993,1.0,1.0000001,0.4818779,0.99999994,1.0,0.14342114,4.0
0.89501107,0.9437192,1.0000002,1.0,0.45439246,1.0000001,1.0,0.425102,2.0
0.85543764,0.7067733,1.0,1.0000001,0.4360875,0.99999994,1.0,0.34923184,4.0
0.888579,0.74321705,0.99999994,1.0,0.34441996,1.0000001,1.0,-0.013264746,3.0
0.03267454,0.2955372,0.2400779,0.4238007,0.30736488,0.589694,0.33964914,0.25108284,0.0
0.9374801,0.9703231,1.0000001,1.0,0.40717554,1.0,1.0000001,0.99999994,4.0
0.47545043,0.43434036,0.53265965,0.60744244,0.4651202,0.17351913,1.0000001,0.37405723,0.0
0.22641571,0.38800767,0.2400713,0.49461806,0.5659551,0.0066492483,0.34463084,0.82368505,0.0
0.5240017,0.4933551,0.41286314,0.6728513,0.432464,0.07099595,1.0000001,0.031669773,1.0
0.13071497,0.36925396,0.39277005,0.5839281,0.6080557,0.078463405,0.29510218,0.24044314,0.0
0.16196702,0.27243334,0.35624212,0.5420294,0.26874602,0.08509736,0.1541862,0.72916394,0.0
0.4049782,0.70103264,0.73662615,0.845186,1.0,0.30178207,0.34463084,0.59534883,0.0
-0.040361732,0.19566773,0.1764128,0.39397675,0.40647385,0.3151256,0.29419428,0.2645597,0.0
0.024582563,0.3712381,0.29945824,0.5845369,0.71574616,0.16072917,0.16786185,-0.03935621,0.0
0.47971505,0.45560852,0.6977068,0.8055086,0.31490907,1.0,0.36969715,-0.0089537725,4.0
0.8285345,0.7975985,1.0,1.0000001,0.30736482,1.0,1.0000001,-0.05198829,2.0
0.18421021,0.3390432,0.24748418,0.5353142,0.4483546,0.0783663,0.1577716,1.0,0.0
0.50777733,0.4659512,0.45077848,0.58214325,0.5296198,0.67598355,1.0000001,0.4292168,0.0
0.9438188,1.0,1.0000001,1.0,0.5659551,1.0,1.0000001,0.99999994,2.0
-0.076594315,0.16748713,0.15739498,0.38800323,0.4360875,0.031030426,0.050903007,0.3011943,0.0
0.85026944,1.0000001,1.0,0.99999994,0.58900136,1.0000002,1.0000001,0.48321635,2.0
0.49528474,0.55166095,0.6977068,0.8055086,0.43983787,1.0,0.36969715,0.41055667,1.0
0.96060157,0.8828242,1.0000001,1.0,0.71574616,1.0,1.0000001,0.37943572,4.0
0.89135456,0.7219478,1.0,1.0000001,0.4556765,0.99999994,1.0,0.36922672,3.0
0.13579479,0.38926703,0.32686695,0.45543864,0.58900136,0.45449784,0.20609,0.27294677,0.0
0.38729197,0.49798188,0.43603313,0.57927614,0.5256206,0.16564932,1.0000001,0.1054254,0.0
0.8382548,0.7581205,1.0,1.0,0.40647385,1.0,1.0,0.2614463,3.0
0.21657248,0.33111888,0.29039603,0.5955289,0.26874602,0.31761754,0.22620225,0.34235144,1.0
0.083754525,0.227048,0.20116113,0.43953574,0.4398378,-0.090652704,0.36969715,0.31939155,0.0
0.17167045,0.34367245,0.2964724,0.45569795,0.30736482,0.04417499,0.36969715,0.35683668,0.0
0.92018414,0.8906194,1.0000002,1.0,0.39892256,1.0000001,0.9999999,0.46775028,4.0
0.11872113,0.35140967,0.26286605,0.622425,0.30736488,0.077673,0.29510218,0.100318894,0.0
0.19320996,0.24962267,0.28981066,0.44579548,0.45567653,0.1733189,0.36969715,0.2911833,0.0
0.9163059,0.8850822,1.0000001,0.9999999,1.0,1.0,1.0,0.2645597,2.0
1.0,0.86131966,1.0,1.0000002,0.5256206,1.0,1.0,0.3080734,3.0
0.23675376,0.37670097,0.39418846,0.5958737,0.34441996,0.04549759,0.36969715,0.12642655,0.0
0.040366437,0.41731244,0.21910718,0.45859435,1.0000001,0.024745896,0.38121843,0.33892834,0.0
0.20549086,0.3365671,0.36020198,0.50755125,0.4556765,0.35723472,0.22447549,0.066853404,0.0
0.093241155,0.08381105,0.19861372,0.35099313,0.4651202,0.16225351,0.18429458,0.33277,0.0
0.9028518,0.81544137,1.0,1.0,0.55333304,1.0,1.0000001,0.10765773,2.0
0.053795837,0.28297988,0.30854818,0.4752177,0.32253432,0.012339317,0.22095497,0.25249904,1.0
0.94808996,0.92672265,1.0000001,1.0,0.45439246,1.0,1.0000001,0.46391454,3.0
0.46938902,0.6324165,0.6977068,0.8055086,0.5754386,1.0000001,0.36969715,0.3012424,3.0
0.19914272,0.2917236,0.3052777,0.5231009,0.46512017,0.14484674,0.27592617,0.08240561,0.0
0.09354912,0.3690427,0.29816592,0.5216071,0.432464,0.08282097,0.2562733,0.34637472,0.0
0.9323748,0.9599213,1.0000001,1.0,0.38525632,1.0,1.0000001,0.47480065,4.0
0.9054553,0.87898207,1.0000001,1.0,0.558216,1.0,1.0000001,0.2887656,2.0
0.91670215,0.78567857,1.0,1.0,1.0000001,1.0,1.0000001,0.419684,1.0
0.8038803,0.9389686,1.0,1.0,0.5112469,1.0000001,1.0,0.42819273,2.0
0.9157344,0.84497845,0.99999994,0.9999999,0.38525632,1.0,1.0000001,0.071400754,2.0
0.9278072,0.9509697,1.0,1.0,1.0000001,1.0,1.0,0.36537263,3.0
0.2746284,0.4093415,0.14683986,0.41635793,0.5754386,0.28639913,1.0,0.41055667,0.0
0.04220023,0.20195279,0.32585806,0.5469179,0.58956575,0.10966985,0.1577716,0.3810777,0.0
0.90628195,0.8664563,0.99999994,0.9999999,0.4706548,1.0,1.0000001,0.36313426,3.0
0.88733196,0.950765,1.0,1.0000001,0.34441996,1.0000001,1.0000001,0.34192753,3.0
0.9473792,0.8805831,1.0000001,1.0,0.55333304,1.0,1.0000001,0.35991138,2.0
0.90413237,0.9306003,1.0,1.0,0.32253432,1.0000002,1.0,0.3011943,3.0
0.22237758,0.2927347,0.33029437,0.6022856,0.41828626,0.07934281,0.2117667,0.16011576,0.0
0.14648758,0.3013125,0.2869972,0.54927766,0.58956575,0.30129045,0.36969715,0.46156102,0.0
0.025136955,0.24635237,0.30745608,0.48808056,0.4064738,-0.044197652,0.1498338,0.42921686,0.0
0.8964066,0.7830639,1.0,1.0,0.39837086,1.0,1.0000001,0.41795123,4.0
0.6111378,0.5655017,0.48987567,0.67234033,0.5754386,0.21813539,1.0,0.32807508,0.0
0.21615835,0.40862173,0.37423337,0.5545198,0.43357915,0.13813253,0.36969715,0.6356957,0.0
0.06639672,0.2704472,0.25913718,0.43539762,0.4398378,0.30600256,0.1217764,0.25189286,1.0
0.17007883,0.34495106,0.32686695,0.45543864,0.4556765,0.45449784,0.2060901,0.8155047,0.0
0.92418444,0.88236976,1.0,1.0,0.4818779,1.0000001,1.0,0.2911985,2.0
0.07026604,0.32334283,0.34744033,0.5516957,0.4556765,0.06773763,0.42110777,0.082494244,0.0
0.9415616,0.928909,1.0,1.0000001,0.5256206,1.0000001,1.0000001,0.35534614,4.0
0.9368037,0.85217583,0.99999994,0.9999999,0.4651202,1.0,1.0000001,1.0,1.0
0.1884067,0.38855284,0.37423337,0.5545198,0.37660405,0.13813253,0.36969715,0.36922672,0.0
0.33859187,0.5679438,0.5223072,0.70536685,0.5754386,0.43277085,0.36969715,-0.04213456,0.0
0.21907239,0.3288716,0.29039603,0.5955289,0.38525635,0.31761754,0.22620225,0.41830277,0.0
0.8964723,0.7667347,1.0,1.0000001,0.31490907,1.0,1.0000001,0.14529347,3.0
0.42076156,0.5270525,0.40262133,0.5862789,0.71574616,0.37867743,1.0000001,0.2159991,0.0
0.93549865,0.7805649,1.0,1.0,0.29535645,1.0000001,1.0000001,0.5345298,4.0
0.90552497,0.91310644,0.99999994,0.9999999,0.4818779,1.0,1.0000001,0.26774698,4.0
0.9438188,0.91156244,1.0000001,1.0,1.0,1.0,1.0000001,0.10765773,4.0
0.92968875,0.9108237,1.0000001,1.0,0.5296198,1.0,1.0000001,0.19469392,2.0
0.079656936,0.24621716,0.38800985,0.5359367,0.40647385,-0.00137483,0.33964914,0.69707763,1.0
0.94467926,0.681997,1.0,1.0,0.5754386,1.0000002,1.0000001,0.11947301,1.0
0.8749681,0.8999493,1.0,1.0,1.0,1.0000001,1.0,0.441778,3.0
-0.026977357,0.37981883,0.30745608,0.48808056,0.58900136,-0.044197652,0.1498338,1.0000001,0.0
0.07775477,0.18758039,0.30011508,0.48215058,0.31490907,0.1459029,0.24090596,0.40910012,1.0
0.10373448,0.47738597,0.4012529,0.5974442,1.0000001,0.057873987,0.34463084,0.2951005,0.0
0.1745823,0.28509694,0.32747728,0.5042012,0.26874602,0.11532871,0.360922,0.33937234,0.0
0.019473443,0.22554067,0.25687024,0.54152554,0.26874602,0.16072914,0.29419428,0.36313426,0.0
0.9260168,0.88795024,0.99999994,0.9999999,0.4071756,1.0,1.0000001,1.0,2.0
0.845127,0.80822283,1.0,1.0000002,0.43357915,1.0,1.0,0.28477052,3.0
0.32235846,0.49506217,0.5223072,0.70536685,0.39892256,0.43277085,0.36969715,0.425102,0.0
0.028263662,0.32321447,0.32585806,0.5469179,0.39892256,0.10966986,0.1577716,1.0,0.0
0.05767029,0.21069154,0.21563017,0.47523776,0.55333304,0.104241654,0.07367286,0.24893007,0.0
0.024467532,0.31579912,0.29337442,0.4925987,0.4706548,0.052769795,0.1217764,0.2911833,0.0
0.047651827,0.25644085,0.35028702,0.56384516,0.4398378,0.363854,0.33964914,0.2827658,0.0
0.7350609,0.85482484,1.0,1.0000001,0.34441996,1.0,1.0,0.3629199,2.0
0.04274619,0.21362577,0.33662,0.52185965,0.4483546,0.1499984,0.1577716,0.071192645,0.0
0.31020224,0.43117613,0.4635989,0.646822,0.45439246,0.29240194,0.36969718,0.2903461,0.0
0.23271105,0.41785693,0.40819147,0.50222546,0.558216,0.11475614,0.4017225,1.0,0.0
0.9488919,0.8024361,0.9999999,1.0000001,0.5754386,1.0,1.0,0.3607095,3.0
0.87933165,0.85721326,0.99999994,0.9999999,0.58956575,1.0,1.0000001,0.5345298,1.0
0.84663916,0.9178255,1.0000002,1.0,0.558216,1.0000001,1.0,0.44689378,1.0
0.94039637,1.0000001,1.0,1.0,0.5659551,1.0,1.0,1.0,3.0
0.7268025,0.7560599,1.0,1.0,0.40647385,1.0,1.0000001,0.04591631,3.0
0.109292865,0.28541976,0.4354267,0.6018355,0.432464,0.11420985,0.2562733,0.3735459,0.0
0.9318954,0.7625834,1.0000001,1.0,0.39837074,1.0000002,1.0,0.066853404,4.0
0.93646544,0.82902884,1.0,1.0,0.4398378,1.0,1.0,0.3253179,2.0
0.9336657,0.9278728,1.0,1.0,0.3852564,1.0,1.0000001,0.48152423,3.0
0.13402472,0.33488318,0.43520632,0.5935098,0.40717554,0.29240194,0.33964914,0.1983075,0.0
0.95244896,0.9406319,1.0000001,1.0,0.37660405,1.0,1.0000001,0.4235767,1.0
0.94797343,0.8588929,1.0,1.0,0.5754386,1.0000001,1.0,0.3080734,1.0
0.16317022,0.32590795,0.3132567,0.43446678,1.0000001,0.022270147,0.117881544,0.54221153,1.0
0.14290157,0.36649466,0.27242517,0.5494088,0.3852564,0.10973179,0.20826524,0.3744207,1.0
0.75212663,0.8110626,1.0000001,1.0,0.432464,1.0,1.0,0.4945503,3.0
0.90993136,0.81899685,1.0,1.0,0.5112469,1.0000001,1.0000001,0.091384,2.0
0.9164207,0.91345966,1.0,0.99999994,0.39892256,1.0000002,1.0000001,0.2159991,4.0
0.92766404,0.90041125,1.0,1.0,0.32253432,1.0,1.0000001,0.47388792,3.0
0.8920211,0.71513325,1.0000001,0.9999999,0.4398378,1.0,1.0,0.6356957,4.0
0.8764339,0.868722,1.0,1.0,0.558216,1.0,1.0000001,0.36829793,3.0
0.9141365,0.6328745,1.0000001,0.9999999,1.0000001,1.0,1.0,0.046377435,2.0
0.91390777,0.88540244,0.99999994,1.0,0.4483546,1.0000001,1.0,0.42921686,2.0
0.88488424,0.8867295,1.0,1.0,0.32253432,1.0000001,1.0,0.54221153,1.0
0.226405,0.42280647,0.4949477,0.6387526,0.55333304,0.6400837,0.12177644,0.2903461,0.0
0.90413237,0.980289,1.0,1.0,0.32253432,1.0000002,1.0,1.0000001,1.0
0.9225623,0.9151522,1.0000001,1.0,0.5659551,1.0,1.0000001,0.29381585,3.0
0.07195856,0.48830205,0.30745608,0.48808056,1.0,-0.044197652,0.1498338,0.14342114,0.0
0.8535887,0.6836637,1.0000001,0.9999999,0.4556765,1.0,1.0,0.0450882,2.0
-0.034228355,0.13820526,0.17070109,0.40898854,0.43357915,0.08457676,0.117881544,0.33277,0.0
0.499623,0.6472771,0.63541853,0.6859845,0.38525635,1.0000001,0.30226368,0.11768854,0.0
0.027073137,0.31428975,0.26707643,0.48373935,1.0,0.11862858,0.16697864,0.2159991,0.0
0.88529813,0.83349895,1.0000001,0.9999999,0.5296198,1.0,1.0,0.56882894,3.0
0.8626882,0.7836311,1.0,1.0,0.5296198,1.0,1.0,0.4945503,3.0
0.9279836,0.7099305,1.0000001,1.0,0.4556765,1.0000001,1.0,0.046377435,3.0
0.8791411,0.74270153,0.99999994,1.0,0.71574616,1.0000001,1.0,0.0135297105,3.0
0.854123,0.9354366,1.0,1.0,0.55333304,1.0000001,1.0000001,0.99999994,1.0
0.9468632,0.8997705,1.0,1.0,0.41828632,1.0,1.0,0.67553765,4.0
0.107697815,0.36205712,0.35536855,0.5281247,0.26874602,0.18376005,0.22620225,0.2190891,0.0
0.032316767,0.24249679,0.20492701,0.45381773,0.71574616,0.06660693,0.051014528,0.41564935,0.0
0.082492426,0.41046742,0.27680197,0.5314161,1.0,0.17608269,0.2117667,0.3931529,0.0
0.07932839,0.30404228,0.24613065,0.5120658,0.29535645,0.10973179,0.20826524,0.26416042,0.0
0.945583,0.9274876,1.0,1.0,0.4360875,1.0,1.0,0.3629601,3.0
0.14574948,0.3708585,0.27876115,0.48077437,0.38525632,0.33494323,0.33144972,0.16671354,0.0
0.9016527,0.9818003,1.0,1.0000001,0.71574616,1.0000001,1.0000001,1.0,2.0
-0.067966126,0.14796358,0.2116727,0.39336196,0.4556765,0.21984479,0.051014528,0.3098126,1.0
0.9301204,0.906849,1.0,1.0000001,1.0000001,1.0,1.0000001,0.81550467,4.0
0.91743296,0.90840816,1.0,1.0,0.5754386,1.0000001,1.0,0.45609626,3.0
0.26899794,0.34781983,0.45458016,0.5561203,0.34442002,0.16233967,0.36969715,0.3297413,0.0
0.119514644,0.35153806,0.19861373,0.35099328,1.0,0.16225351,0.18429458,0.65253776,0.0
0.42410234,0.41619942,0.46269962,0.5899266,0.4483546,0.03594069,0.5211027,0.37176928,0.0
0.83905876,0.7712295,1.0,1.0,0.34441996,1.0,1.0,0.2827658,4.0
0.2914217,0.3771413,0.26954365,0.498812,0.55272484,-0.0020789308,1.0,0.2159991,1.0
0.9336362,0.8185027,1.0,1.0,0.31490907,1.0,1.0,0.3080734,1.0
0.82831097,0.78284407,1.0000001,1.0000001,0.37660405,1.0,1.0000001,0.3290656,4.0
0.50782347,0.6189002,0.6977068,0.8055086,0.3852564,1.0,0.36969715,0.43019584,3.0
0.82695895,0.7478007,1.0000001,0.9999999,0.37660405,1.0,1.0,0.59534883,3.0
0.19301143,0.52285075,0.3078315,0.47030976,0.5754386,0.1408142,0.36969715,1.0,1.0
0.2594921,0.37681076,0.15936688,0.44361964,0.4556765,0.28639916,1.0,0.3729536,1.0
0.24563703,0.37985745,0.37443504,0.58502614,0.58956575,0.43987566,0.20826524,0.59534883,0.0
0.36732358,0.55842865,0.46269962,0.5899265,0.30736488,0.03594069,0.5211027,0.39749324,0.0
0.8514701,0.7931447,1.0,1.0,1.0000001,1.0000001,1.0000001,0.064884074,3.0
0.92780346,0.90071994,1.0,1.0,0.45439246,1.0000001,1.0000001,0.3629199,2.0
0.1322922,0.25745136,0.3180551,0.4649248,0.4818779,0.30600256,0.42110774,0.3477045,0.0
0.05442754,0.21148422,0.28086954,0.5295992,0.432464,0.12791133,0.2046035,-0.035271753,0.0
0.81249154,0.8624321,0.9999999,1.0000001,0.45567653,1.0,1.0,0.38869983,4.0
0.18331265,0.41393661,0.49374622,0.5957875,0.37660405,0.29878744,0.117881544,0.36922672,1.0
0.19857064,0.38731056,0.30372417,0.595433,0.39892256,0.037520185,0.29510218,0.36861652,0.0
0.8712008,1.0,1.0000001,0.9999999,0.38525635,1.0,1.0,1.0000002,2.0
0.8588165,0.8733301,0.99999994,1.0,0.558216,1.0,1.0,0.30487594,2.0
0.84815425,0.8193276,1.0000001,1.0000001,0.565955,1.0,1.0000001,0.10765773,1.0
0.7102241,0.943017,1.0,1.0,0.41828626,1.0,1.0000001,0.28007436,4.0
0.21311262,0.38748118,0.40876478,0.5946677,0.58900136,0.32454997,0.36969715,0.25810048,1.0
0.45227242,0.5463143,0.3936598,0.65424174,0.5256206,0.1303014,1.0,0.26758543,0.0
0.88298607,0.7412853,1.0,1.0,0.39837074,1.0,1.0,0.25249904,4.0
0.18637037,0.46142536,0.3258315,0.530312,0.39892256,0.43760794,0.29510218,0.46649075,0.0
0.13693756,0.2563487,0.42998868,0.532283,0.29535645,0.32299632,0.2060901,0.0135297105,0.0
0.8444588,0.82789016,1.0000002,1.0,0.55333304,1.0,1.0,0.2911985,3.0
0.90857875,0.6999926,1.0000001,0.9999999,0.5296198,1.0,1.0,0.27512532,2.0
0.8850721,0.83274937,1.0,1.0000001,0.3559913,1.0,0.9999999,0.32538858,2.0
0.9434569,0.89996827,1.0,1.0,0.58900136,1.0000002,1.0,0.46775028,2.0
0.91254896,0.83324057,1.0,1.0,0.29535645,1.0000001,1.0000001,0.22803235,4.0
0.055904727,0.41736183,0.36420643,0.5944388,1.0,0.06636363,0.1577716,0.5367276,0.0
0.8429961,0.9433254,1.0,1.0000001,0.432464,1.0000001,1.0000001,0.34637472,1.0
0.91169584,0.900922,1.0,1.0,0.4360875,1.0000001,1.0000001,0.12137157,2.0
0.31057617,0.3999832,0.4635989,0.646822,0.71574616,0.29240194,0.36969715,0.33192322,0.0
0.39860833,0.4499207,0.2870298,0.54764926,0.41828632,0.25207424,1.0,0.27223444,0.0
0.21501833,0.4607684,0.438637,0.60827285,0.32253432,0.08273148,0.1498338,0.48497993,0.0
0.06837248,0.23441416,0.27421016,0.45512024,0.2953564,0.08038469,0.1577716,0.32784057,0.0
0.50393665,0.45875004,0.6977068,0.8055086,0.29535645,1.0,0.36969715,0.0648841,2.0
0.062743954,0.29303634,0.21347684,0.37512973,0.4818779,0.15522394,0.18429458,0.34212536,0.0
1.0,0.9182065,1.0000002,1.0,0.38525632,1.0000001,0.9999999,0.4001463,3.0
-0.00040412508,0.2632033,0.18103163,0.458044,0.4706548,0.12735008,0.2046035,1.0,0.0
0.85703814,0.8424146,1.0,1.0000001,0.39837086,1.0,1.0,0.4536053,2.0
0.92591727,0.82699287,1.0000001,1.0,1.0000001,1.0,1.0,0.5622984,3.0
-0.007966494,0.3281656,0.19306606,0.42961863,0.5754386,0.03103045,0.051014528,0.35074842,0.0
0.9084689,0.8402021,0.99999994,1.0,0.43357915,1.0000001,1.0,0.30981258,1.0
0.16519183,0.4112588,0.43561167,0.57774734,0.40717554,0.47739255,0.24090596,0.06076283,0.0
0.115757614,0.29965246,0.27359125,0.53119624,0.46512017,0.15521377,0.29345015,0.4456833,0.0
0.90171134,0.86985815,1.0,1.0,0.41828626,1.0,1.0,0.54221153,3.0
0.46243078,0.58469045,0.6597399,0.75252545,0.5659551,0.066684715,0.20826524,0.44628108,0.0
0.920194,0.97722626,1.0000001,1.0,0.32253432,1.0000001,1.0,1.0000001,3.0
0.13466161,0.41081914,0.26460925,0.5921796,1.0,0.0815316,0.29510218,0.015137643,0.0
-0.06852121,0.19763087,0.25942948,0.45433825,0.55333304,0.16484451,0.16697864,0.3649295,1.0
0.9084697,0.7852272,1.0,1.0,0.55272484,1.0,1.0,0.33065537,1.0
0.23840837,0.39445025,0.47023547,0.60758406,0.71574616,0.16361459,0.33964914,0.38750705,0.0
0.15037078,0.3160129,0.3846401,0.5424134,0.71574616,0.040000543,0.24090596,0.45487815,0.0
0.16072966,0.30154875,0.2964724,0.45569795,0.5659551,0.04417499,0.36969715,0.43019584,0.0
-0.060394555,0.20460063,0.19255103,0.5486984,0.34441996,0.31761754,0.1577716,0.34204847,0.0
0.15599619,0.33240718,0.35910675,0.5109053,0.45439246,0.19157326,0.23263696,0.44641972,0.0
0.13835172,0.38471913,0.35139787,0.59453166,0.39837086,0.037520185,0.12177644,0.15589398,1.0
0.8857808,0.9810474,1.0,1.0,0.4706549,1.0000001,1.0000001,0.65253776,4.0
0.5200264,0.6869741,0.6977068,0.8055086,0.5659551,1.0,0.36969715,0.62410575,2.0
0.17171231,0.37369475,0.43520632,0.5935098,0.4706548,0.29240194,0.33964914,0.2887656,0.0
0.32938033,0.41869497,0.2870298,0.54764926,0.37660405,0.25207424,1.0,0.41889173,1.0
0.12438706,0.40854496,0.25891122,0.44339937,0.4360875,0.27184755,0.34463084,0.3661881,1.0
0.957526,0.874775,1.0,1.0,0.4556765,1.0,1.0,0.82368505,2.0
0.9014801,0.86062664,0.99999994,1.0,0.38525632,1.0000001,1.0,0.0450882,3.0
0.9060214,0.90493554,1.0,1.0,0.4706548,1.0000002,1.0,0.26865232,2.0
0.88844967,0.85556483,1.0,1.0000001,0.26874602,1.0000001,1.0000001,0.4362871,2.0
1.0,1.0,1.0,1.0,1.0,1.0,1.0,0.44462287,3.0
0.82730246,0.82009053,1.0,1.0000001,1.0000002,0.99999994,1.0,0.10542542,3.0
0.7038392,0.8012295,1.0,1.0,1.0000001,1.0000001,1.0000001,0.04591631,3.0
0.14303541,0.22180548,0.37751365,0.47655052,0.5112469,0.024819592,0.4017225,0.3735459,0.0
0.94268143,0.8685616,1.0000001,1.0,0.3559913,1.0,1.0000001,0.38750705,1.0
0.94268143,0.8728592,1.0000001,1.0,0.3559913,1.0,1.0000001,0.3810777,3.0
0.91742396,0.9771875,1.0,1.0000001,0.39892256,1.0,1.0,1.0000002,1.0
0.2851256,0.38851166,0.20572755,0.4088051,0.5256206,0.17291795,1.0,0.28712094,0.0
0.85998577,0.7221246,1.0,1.0,0.29535645,1.0,1.0,0.0767778,3.0
0.9390854,0.9417759,1.0000001,1.0,1.0000002,0.9999999,1.0000001,0.4338043,2.0
0.0922977,0.31289256,0.35536855,0.5281247,0.5754386,0.18376002,0.22620225,0.3290656,1.0
0.3190559,0.6034145,0.4256704,0.5828172,0.558216,0.6583792,0.2956028,0.425102,0.0
0.94231606,0.95598316,1.0,1.0,0.51124686,1.0000001,1.0000001,0.3465454,3.0
0.9010731,0.9124694,1.0,1.0000001,0.558216,1.0,1.0,0.3448121,3.0
0.8967382,0.8870008,1.0,1.0,0.26874602,1.0000001,1.0,0.41190463,3.0
0.9150789,0.9392574,1.0,1.0,0.4398378,1.0,1.0000001,0.4235767,4.0
0.2880463,0.4887448,0.5107913,0.66293395,0.4360875,0.17287272,0.22620225,0.42831627,0.0
0.8917935,0.8753483,1.0,1.0,1.0000001,1.0000001,1.0,0.35358685,1.0
0.19093716,0.4420879,0.37443504,0.58502614,0.4360875,0.43987566,0.20826524,0.47158283,0.0
0.970186,0.8319365,1.0000001,1.0,1.0000002,1.0000001,1.0,0.36861652,3.0
0.9249399,0.87589186,1.0,1.0000001,0.5112469,1.0,1.0000001,0.4362871,2.0
0.8855567,0.6553687,1.0,1.0000001,0.46512017,1.0,1.0,0.12556192,2.0
0.84426755,1.0000001,1.0000002,1.0,0.58900136,1.0,1.0,1.0,2.0
0.09456828,0.30834103,0.3846401,0.5424134,1.0000001,0.040000543,0.24090596,0.33470586,0.0
0.8397726,0.8391819,1.0,1.0,0.58956575,1.0000002,1.0000001,0.47416973,4.0
0.40798065,0.38222748,0.46269962,0.5899266,0.4483546,0.035940707,0.5211027,0.11947301,1.0
0.27397245,0.37559325,0.31961536,0.5885645,0.41828626,0.25207424,0.36969715,0.29381585,1.0
0.9291142,0.8742509,1.0000001,1.0,0.26874602,1.0,1.0000001,0.47480065,4.0
0.0940548,0.3212465,0.24733073,0.4110979,0.55333304,-0.048057783,0.3812184,0.031669773,0.0
0.82571054,0.8027383,1.0,1.0,0.55272484,1.0000001,1.0,0.42598832,2.0
0.31464964,0.45968205,0.23730679,0.5193403,0.558216,0.0066492483,0.20826524,0.37721395,0.0
0.8902268,0.79872674,1.0,1.0000001,0.46512017,1.0000001,1.0000001,0.13151704,2.0
0.09368211,0.2921372,0.32438946,0.5311105,0.5112469,0.36385387,0.30226368,0.48497993,0.0
0.7970161,0.7184663,1.0,1.0,0.40647385,1.0,1.0,0.21951464,4.0
0.85911167,0.95808125,1.0,1.0,0.55272484,0.99999994,1.0,0.9999999,3.0
0.9153585,0.91588044,1.0,1.0,0.71574616,1.0,1.0,0.4216482,1.0
0.030873574,0.393333,0.3419305,0.53458977,0.5256206,0.3430152,0.17025715,1.0,0.0
0.09879482,0.18103696,0.310345,0.467387,0.37660405,0.28235373,0.33964914,0.3619361,0.0
0.91493165,0.67198396,1.0,1.0000001,0.55272484,0.99999994,1.0,0.23609406,2.0
0.899055,0.8138855,1.0,1.0,0.45567653,1.0000002,1.0000001,0.30981258,2.0
0.9472068,0.86434996,1.0,0.99999994,0.3852564,1.0000002,1.0000001,0.5345298,1.0
0.27435324,0.51508945,0.3445863,0.5594157,1.0,0.43987563,0.20826524,0.14342114,0.0
0.87933165,0.9312843,0.99999994,0.9999999,0.55272484,1.0,1.0000001,0.26758543,2.0
0.9677657,0.88969815,1.0000001,1.0,0.4398378,1.0,1.0000001,0.4100486,4.0
0.04060964,0.2148889,0.3546989,0.45475268,0.40647385,0.08089022,0.33964914,0.27294677,0.0
0.9237845,0.85139096,1.0,1.0000001,0.29535645,1.0000001,1.0000001,0.37176928,3.0
0.90519214,0.78610325,1.0,1.0000002,0.40647385,1.0,1.0,0.41004872,4.0
0.8931335,0.8052653,1.0,1.0000002,0.29535645,1.0,1.0,0.25189286,3.0
0.25791848,0.39352867,0.5120746,0.66382277,0.26874602,0.38695368,0.36969715,0.38482207,0.0
0.24482107,0.42387074,0.48514402,0.65817034,0.30736488,0.21274829,0.33982134,0.06168485,0.0
0.93107605,0.77107525,1.0000001,1.0,0.31490907,1.0000001,1.0000001,0.2614463,3.0
0.2752285,0.4099267,0.40026575,0.52959406,0.30736482,-0.00026113633,0.29510218,0.34792453,0.0
0.2204292,0.47225505,0.37443504,0.58502614,0.4483546,0.43987566,0.20826524,0.27194485,0.0
0.5268003,0.47602272,0.41286314,0.6728513,0.45567653,0.07099595,1.0000001,0.33746803,0.0
0.1613537,0.45835173,0.3445863,0.5594157,1.0000001,0.43987566,0.20826524,0.33205926,0.0
0.09510907,0.19458476,0.27207685,0.41485333,0.3559913,0.29184896,0.114486545,0.69707763,0.0
-0.042027436,0.25579092,0.25942948,0.45433825,0.4398378,0.16484451,0.16697864,0.4235767,0.0
0.25609362,0.26123488,0.41385078,0.5334698,0.45567653,0.10762826,0.299887,0.071400754,0.0
0.8964066,0.9539415,1.0,1.0,0.4651202,1.0,1.0000001,0.34392214,4.0
0.69204986,0.8217011,1.0,1.0,0.43357915,1.0000001,1.0000001,0.3049814,3.0
0.15675122,0.321723,0.5538543,0.62991595,0.432464,0.17287272,0.27592617,0.480075,0.0
0.99999994,0.8105133,1.0000001,1.0000001,0.6080557,1.0,1.0000001,0.32784057,4.0
0.89342,0.7916465,0.99999994,1.0,0.432464,1.0,1.0,0.27512532,2.0
0.16611387,0.5025412,0.40417647,0.5360343,0.6080557,0.13462152,0.1541862,0.35993445,0.0
0.16417436,0.26486415,0.36294216,0.5003983,0.31490907,0.33829707,0.30226368,0.30499306,0.0
0.83999246,0.73961294,1.0000001,1.0,0.43357915,1.0000001,1.0000001,0.32906568,3.0
0.9691486,0.7732162,1.0,1.0,0.71574616,1.0000002,1.0000001,0.119472966,3.0
0.8898697,0.7591636,1.0,1.0,0.3559913,1.0000001,1.0,0.2887656,2.0
0.9269474,0.5862547,1.0000001,0.9999999,0.31490907,1.0000001,1.0,0.12556192,1.0
0.9238126,0.7168851,1.0,1.0000001,1.0,1.0,1.0,0.28658563,2.0
0.88478875,0.8774071,1.0000002,1.0,0.46512017,1.0000001,1.0,0.32538858,2.0
0.49563593,0.60115635,0.6597399,0.75252545,0.5659551,0.066684715,0.20826524,0.30807334,0.0
0.042285938,0.32271588,0.2246171,0.4402207,0.30736488,0.05434078,0.17025715,0.44641972,0.0
0.0052617732,0.24513021,0.1764128,0.39397675,0.34441996,0.3151256,0.29419425,0.29314873,1.0
0.14514393,0.32179838,0.35910675,0.5109053,0.3559913,0.19157328,0.23263696,0.33470586,0.0
0.18983275,0.42296666,0.40819147,0.5022254,0.5659551,0.11475611,0.4017225,0.26758543,0.0
0.9410318,0.71466994,1.0,0.99999994,0.26874602,1.0000002,1.0000001,0.060762867,4.0
0.9455274,0.95352757,1.0000001,1.0,0.45567653,1.0,1.0000001,1.0,4.0
0.22293654,0.31825578,0.28661126,0.5378894,0.4360875,0.14484672,0.22620225,0.44641972,0.0
0.002924513,0.27065364,0.18261406,0.46799687,0.6080557,0.078366354,0.1577716,0.3342719,0.0
0.2763026,0.25098416,0.28387547,0.41671717,1.0,0.016689122,0.22447549,0.3439222,1.0
0.937361,0.8780172,0.9999999,1.0000001,0.4360875,1.0,1.0,0.2578912,3.0
0.89625454,0.8809105,1.0000001,0.9999999,1.0,1.0000001,1.0,0.30498147,4.0
0.9597349,0.86034083,1.0,0.99999994,0.5112469,1.0000002,1.0000001,0.7463634,4.0
0.93767405,0.87805593,1.0,1.0000001,1.0000001,1.0000001,1.0000001,0.25249898,2.0
0.9445692,0.848235,1.0,1.0,0.43357915,1.0000002,1.0,0.32784057,3.0
0.40950704,0.5624533,0.73662615,0.845186,0.26874602,0.30178207,0.34463084,0.07753219,0.0
1.0,1.0,1.0,1.0000002,1.0,1.0,1.0,0.2190891,4.0
0.9126153,0.88506603,1.0000001,1.0,0.4360875,1.0,1.0000001,0.425102,2.0
0.47670373,0.57782084,0.6977068,0.8055086,0.55333304,1.0,0.36969715,0.26416042,2.0
0.17868009,0.31926644,0.35139787,0.5945316,0.29535645,0.03752027,0.1217764,0.0450882,0.0
0.053812966,0.31206483,0.2712788,0.44189048,0.4818779,0.011198251,0.114486545,0.06840099,0.0
0.10961325,0.3979509,0.29945824,0.5845369,0.4706548,0.16072917,0.16786185,0.011808837,0.0
0.7034039,0.8146597,1.0,1.0,0.55272484,1.0000001,1.0000001,0.2159991,2.0
0.23675054,0.31785548,0.3238324,0.48914775,0.4360875,0.08089022,0.36969715,0.33470586,0.0
0.91298324,0.8285359,1.0,1.0000001,1.0,1.0,1.0,0.2578912,3.0
0.3511367,0.35854083,0.5538543,0.62991595,0.558216,0.17287272,0.27592617,0.5622984,0.0
0.8434241,0.9006778,1.0,1.0,0.5296198,1.0000001,1.0,0.2938158,4.0
0.85998577,0.72520816,1.0,1.0,0.29535645,1.0,1.0,0.5993047,2.0
0.8785397,0.9499448,1.0,1.0000001,0.55333304,1.0000001,1.0000001,0.45699638,3.0
0.937941,0.83324057,1.0,1.0,0.31490907,1.0,1.0000001,0.25189286,3.0
-0.062092632,0.2390561,0.108081795,0.3954484,0.46512017,0.21127287,0.360922,0.3872311,0.0
0.042846955,0.18302217,0.21563017,0.47523767,0.39837074,0.104241654,0.07367286,0.32954448,0.0
0.0795223,0.31114787,0.27680197,0.5314161,0.5112469,0.17608269,0.2117667,0.41564932,0.0
0.016637389,0.43732977,0.32585806,0.5469179,1.0,0.10966985,0.1577716,0.28876552,0.0
0.0657296,0.25595886,0.24635278,0.4002596,0.432464,0.10952671,0.42110777,0.3629199,0.0
0.08230113,0.3051543,0.35536855,0.52812463,0.58900136,0.18376002,0.22620225,0.82368505,0.0
0.83582556,0.9702437,1.0,1.0,0.71574616,1.0,1.0,0.3335601,2.0
0.2756236,0.3648979,0.28930217,0.5253725,0.4706549,0.21398818,0.36969715,0.28740776,0.0
0.94310725,0.8761781,1.0,1.0000002,0.3852564,1.0,1.0,-0.059279382,2.0
0.8136157,0.77743304,1.0,1.0,0.4706549,1.0,1.0,0.06088537,3.0
0.081155136,0.34573227,0.32022232,0.6007087,0.32253432,0.07767298,0.1217764,0.52433014,0.0
0.92797565,0.7094071,1.0,1.0000001,0.4483546,1.0,1.0,0.12556192,1.0
0.137416,0.3239749,0.28981066,0.44579548,0.43357915,0.1733189,0.36969715,1.0,0.0
0.9155153,0.6798862,1.0,1.0000001,0.26874602,1.0,1.0,0.051158436,3.0
-0.02584659,0.26924327,0.25942948,0.45433825,1.0000001,0.16484451,0.16697864,0.41564944,0.0
0.8606399,0.67198396,1.0,1.0000001,0.432464,0.99999994,1.0,0.23609406,3.0
0.39709055,0.5976379,0.6977068,0.8055086,0.39837086,1.0,0.36969715,0.4741698,1.0
0.16830873,0.34020615,0.28882664,0.440391,0.41828632,0.09619248,0.30226368,0.4387716,0.0
0.5543362,0.642772,0.6977068,0.8055086,0.3852564,1.0,0.36969715,0.47416973,3.0
0.047705147,0.20731775,0.28387547,0.41671717,0.5296198,0.016689122,0.22447549,0.11412881,0.0
0.9120939,0.862876,1.0,1.0,0.32253432,1.0000001,1.0000001,0.10031881,4.0
0.89156085,0.80068636,1.0,1.0,0.47065482,1.0,1.0000001,0.34792453,2.0
0.8675267,0.96673083,0.99999994,1.0,0.40717554,1.0,1.0,0.45699638,3.0
0.91067743,0.91919136,1.0,1.0000001,0.4706549,1.0,1.0,0.45487815,4.0
0.0060568107,0.21011421,0.22897945,0.3525917,0.71574616,0.26787665,0.050903037,0.074028715,0.0
0.8732584,0.868929,0.99999994,1.0,0.39837086,1.0000001,1.0,0.4362871,2.0
0.13134375,0.30505568,0.3789597,0.55987823,0.4706548,0.3790593,0.33982134,0.2827658,0.0
0.22192125,0.33565432,0.36420643,0.5944388,0.43357915,0.06636363,0.1577716,0.2677811,0.0
1.0000001,0.92897457,1.0000001,1.0,0.5754386,0.9999999,1.0000001,0.1983075,2.0
0.93767405,0.9439398,1.0,1.0000001,0.38525635,1.0000001,1.0000001,0.21675837,3.0
1.0000001,0.9221301,1.0,1.0,1.0000001,1.0000001,1.0000001,0.28712094,4.0
0.08154632,0.2866573,0.43561167,0.57774734,0.55272484,0.47739255,0.24090596,0.30498147,0.0
0.38259712,0.6137283,0.6977068,0.8055086,0.4556765,1.0000001,0.36969715,0.48321638,2.0
0.16215312,0.46782884,0.43561167,0.5777473,0.39837074,0.47739255,0.24090596,0.2614462,0.0
0.09458443,0.23896533,0.31579724,0.4456641,0.4360875,0.28389025,0.23595501,0.010120068,0.0
0.8994827,0.8075068,1.0,1.0000002,0.58956575,1.0000001,1.0,0.36537263,3.0
0.038316153,0.32150924,0.3419305,0.53458965,0.55272484,0.3430152,0.17025715,-0.07876809,0.0
0.16634266,0.39855534,0.37967676,0.61796474,0.30736482,0.18490632,0.22620225,0.35153067,0.0
0.9028518,0.8688549,1.0,1.0,0.40647385,1.0,1.0000001,0.4338043,2.0
0.2379317,0.3893253,0.37443504,0.58502614,0.37660405,0.43987566,0.20826524,0.30981258,0.0
0.92171687,0.7669827,1.0,1.0000001,0.4818779,1.0,1.0,0.34204847,4.0
0.9091773,0.93059605,1.0,1.0,0.30736482,1.0000002,1.0,0.3931529,3.0
0.09239202,0.32616642,0.32686695,0.45543858,0.4818779,0.45449784,0.2060901,0.39339727,0.0
0.9023804,0.7968223,1.0,1.0,0.3559913,1.0000001,1.0000001,0.6356957,3.0
0.10217523,0.3988073,0.32686695,0.45543858,0.40717554,0.45449784,0.2060901,0.5993047,0.0
0.92363375,0.7495792,1.0000001,1.0,0.43357915,1.0000001,1.0000001,0.12352517,3.0
0.15686494,0.38164067,0.32747728,0.5042012,0.58900136,0.115328714,0.360922,0.8155047,0.0
1.0,0.95997,1.0,1.0,0.4483546,1.0,1.0,0.3428315,2.0
0.46811014,0.5486059,0.4799455,0.62848735,0.55333304,0.08390109,1.0,0.10418082,0.0
0.047416784,0.16601028,0.2086919,0.4455133,0.4556765,0.09252523,0.21399234,0.35534614,0.0
0.82391536,0.88771296,1.0,1.0000001,0.3852564,0.99999994,1.0,0.56882894,2.0
0.16933554,0.31951922,0.39311054,0.55271673,0.43357915,0.2741326,0.117881544,0.2903461,0.0
0.075109005,0.2799521,0.4043771,0.48287478,1.0,0.15040499,0.1541862,-0.03935621,0.0
0.15361413,0.3042306,0.32973143,0.46312076,0.6080557,0.22215326,0.33964914,0.36537263,0.0
0.14207852,0.32440704,0.37751365,0.47655052,0.5659551,0.024819652,0.4017225,0.34923184,0.0
0.91017747,0.67769563,1.0,1.0000001,0.4071756,1.0,1.0,0.11947301,1.0
0.96611065,0.84995687,1.0,1.0,1.0000001,1.0000001,1.0000001,0.06088537,2.0
0.14391653,0.42608494,0.36546093,0.5321528,0.3852564,0.31029254,0.30226368,0.4362871,0.0
0.8635807,0.56948715,1.0000001,0.9999999,0.432464,1.0,1.0,0.046755284,1.0
0.9263284,0.88542455,1.0000001,1.0,0.5754386,0.9999999,1.0000001,0.27549562,2.0
0.055240754,0.37669665,0.32732022,0.56444705,0.34441996,0.34313992,0.17025715,0.46734154,0.0
0.9025446,0.79948425,1.0,1.0000002,0.41828632,1.0,1.0,0.27549562,2.0
0.11654729,0.24881293,0.25832576,0.459685,0.41828626,0.306795,0.29510218,0.3922518,0.0
-0.027562194,0.20196998,0.22897945,0.3525917,0.3559913,0.26787668,0.050903007,0.2951004,0.0
0.054559253,0.323806,0.27421016,0.45512024,1.0000001,0.08038469,0.1577716,0.4560963,0.0
0.9496093,0.9112423,1.0,1.0,1.0000002,1.0,1.0,0.2677811,2.0
0.9524687,0.8022939,1.0,1.0,0.43357915,1.0000002,1.0000001,0.5345298,2.0
0.8886567,0.8256134,1.0,1.0000001,0.26874602,1.0000001,1.0000001,0.3735459,2.0
0.055306084,0.24439749,0.2712788,0.44189042,0.43357915,0.011198251,0.114486545,0.5622984,0.0
0.10485143,0.40093684,0.20116113,0.43953574,0.5754386,-0.090652704,0.36969715,1.0,0.0
0.88991845,0.79733235,1.0,1.0000002,0.4071756,1.0000001,1.0,0.42510968,4.0
0.42103475,0.58436143,0.6977068,0.8055086,0.3559913,1.0,0.36969715,0.040052302,1.0
0.9098798,0.8230958,1.0000001,1.0,0.31490907,1.0000001,1.0000001,0.4536053,4.0
0.09292201,0.24047953,0.30011508,0.48215058,0.45439246,0.14590293,0.24090596,0.27223444,0.0
0.15521133,0.3988705,0.31354764,0.48383033,0.41828632,0.38540688,0.23263696,0.3607095,0.0
0.29380864,0.36081776,0.46269962,0.5899266,0.55272484,0.03594069,0.5211027,0.2645597,0.0
0.17171624,0.3803869,0.32980192,0.56094897,0.37660405,0.08390103,0.2956028,0.28712094,0.0
0.21350475,0.37555575,0.3426605,0.50037265,0.40717554,0.3474036,0.34463084,0.28477058,0.0
0.81514835,0.7703252,1.0,1.0,0.432464,0.99999994,1.0,0.34204847,3.0
0.18767047,0.32601565,0.3483297,0.485009,0.55272484,0.30499893,0.2060901,0.14929584,0.0
0.88253975,0.8097828,1.0,1.0000002,0.58956575,1.0,1.0,0.004283093,2.0
0.9484884,0.7494457,1.0,1.0,0.38525632,1.0000002,1.0000001,0.23244068,3.0
0.15727045,0.4034642,0.26460925,0.59217954,0.4818779,0.0815316,0.29510218,0.015137643,0.0
0.0818121,0.30614853,0.2246171,0.44022065,0.31490907,0.054340772,0.17025715,0.074028715,0.0
0.33210972,0.43267962,0.49422398,0.69229805,0.432464,0.14396694,0.1577716,0.2634442,0.0
0.93752736,0.9474275,1.0000001,1.0,0.43983787,1.0,1.0000001,1.0000001,3.0
0.09547147,0.31402522,0.29816592,0.5216072,1.0,0.08282097,0.2562733,0.28545144,0.0
0.93729067,0.7524711,1.0,0.99999994,0.5296198,1.0000002,1.0000001,0.06076283,4.0
-0.021585394,0.26874748,0.19736004,0.36540347,1.0000001,-0.02038141,0.1290364,0.39265984,1.0
0.7751694,0.95779574,1.0,1.0000001,0.43983787,0.99999994,1.0,0.28007436,2.0
0.26282883,0.34810567,0.40069968,0.5518672,0.34442002,0.10729387,0.30226368,0.27173215,0.0
0.90967345,0.95598316,1.0,1.0,0.51124686,1.0000002,1.0000001,0.3465454,3.0
0.8998984,0.835783,1.0,1.0000002,0.4071756,1.0000001,1.0,0.28876552,2.0
0.081907004,0.2402628,0.3846401,0.5424134,0.40647385,0.040000543,0.24090596,0.35238895,0.0
0.9084689,0.8146877,0.99999994,1.0,0.29535645,1.0000001,1.0,-0.03383302,3.0
0.70941746,0.8340546,1.0,1.0000001,0.29535645,1.0,1.0,0.5331073,2.0
0.8111994,0.8146597,1.0,1.0,0.40647385,1.0000001,1.0000001,0.2159991,3.0
0.70358884,0.88269824,1.0,1.0000001,0.34441996,1.0,0.9999999,0.43174052,1.0
0.44256407,0.44520512,0.6977068,0.8055086,0.55272484,1.0,0.36969715,0.0648841,2.0
0.8662262,1.0,1.0,1.0,1.0,1.0000001,1.0000001,0.62410575,3.0
0.92512,0.825357,1.0000002,1.0,0.55333304,1.0,0.9999999,0.41592926,3.0
0.9133314,0.89930034,1.0,1.0,0.40717554,1.0000001,1.0,0.29381585,2.0
0.103888005,0.3259522,0.24563612,0.4823098,0.3852564,0.13819778,0.114486545,0.2719448,0.0
1.0,0.82909095,1.0,1.0,1.0000001,1.0000001,1.0000001,0.2865857,4.0
0.9163728,0.9211335,1.0000002,1.0,0.37660405,1.0000001,1.0,0.58482903,2.0
0.2037017,0.36962098,0.37423337,0.5545198,0.432464,0.13813253,0.36969715,0.6356957,0.0
0.5525672,0.62942475,0.6977068,0.8055086,0.5256206,1.0,0.36969715,0.4741698,3.0
0.7993249,0.83816576,1.0,1.0,0.558216,1.0,1.0,0.32906568,2.0
0.1472561,0.36072654,0.40819147,0.5022254,0.71574616,0.11475611,0.4017225,0.08400017,0.0
0.9168963,0.90046644,1.0000001,1.0,0.71574616,1.0,1.0000001,0.28712094,3.0
0.8726443,0.88702023,1.0,1.0000001,1.0000001,1.0,1.0,0.34792453,4.0
0.16492365,0.3026033,0.23730679,0.5193403,0.32253432,0.0066492483,0.20826524,0.44177794,0.0
0.17530826,0.42578143,0.3052777,0.5231009,0.5659551,0.14484674,0.27592617,0.26758543,0.0
0.13199447,0.3038653,0.43520632,0.5935098,0.4651202,0.29240194,0.33964914,0.2951004,0.0
0.2411583,0.39091372,0.15936688,0.44361964,0.40717554,0.28639916,1.0,0.32807508,0.0
0.21313389,0.5026859,0.4949477,0.6387526,0.29535645,0.6400837,0.1217764,0.33205926,0.0
0.1266652,0.3612916,0.5219674,0.67012554,0.34442002,0.38695365,0.33964914,0.43628702,0.0
0.063825145,0.37974116,0.24733073,0.411098,0.5112469,-0.048057824,0.38121843,0.2614463,0.0
0.3785416,0.64162624,0.73662615,0.845186,0.6080557,0.3017821,0.34463084,0.23280002,0.0
0.032206282,0.28546387,0.25083002,0.48180646,0.4483546,0.17917877,0.2117667,0.3744207,0.0
0.8673086,0.89014924,1.0,1.0000001,0.41828626,1.0,0.9999999,0.4001463,3.0
-0.0036422089,0.29692727,0.23302248,0.44944978,0.55272484,0.13389735,0.23263696,0.46734154,0.0
0.2388217,0.46518934,0.14683986,0.41635793,0.71574616,0.28639913,1.0,0.42819273,0.0
0.30948427,0.57261467,0.34103402,0.50483173,0.32253432,0.1408142,1.0,0.2031298,0.0
0.78732175,0.7675714,1.0,1.0,0.41828632,1.0,1.0000001,0.7878543,1.0
0.34814048,0.50002956,0.5001203,0.62342286,0.43357915,0.4871045,0.2562733,0.37651464,0.0
0.905735,0.7804551,1.0,1.0,0.43983787,1.0,1.0000001,0.72916394,2.0
0.051405683,0.22189626,0.29205173,0.47937375,0.37660405,0.031506687,0.360922,0.12556192,1.0
0.3936028,0.3282646,0.2734532,0.48753032,0.5256206,-0.0020789308,1.0,0.0767778,0.0
0.07877728,0.31397235,0.20116113,0.43953574,1.0000001,-0.090652704,0.36969715,0.47388792,0.0
0.31555146,0.40096372,0.34103402,0.50483173,0.41828632,0.1408142,1.0,0.37651464,0.0
0.087179966,0.30698878,0.37175998,0.51930463,0.3559913,0.3555821,0.12177644,0.29430854,0.0
0.9376503,0.8087772,1.0,1.0,0.4398378,1.0,1.0,0.24044314,3.0
0.95244896,0.8639662,1.0000001,1.0,0.432464,1.0,1.0000001,0.43174052,2.0
0.89342,0.8471786,0.99999994,1.0,0.55272484,1.0,1.0,0.2159991,3.0
0.79818773,0.8886435,1.0000001,1.0000001,0.4071756,1.0,1.0000001,0.050911173,2.0
0.84663916,0.9312314,1.0000002,1.0,1.0,1.0000001,0.9999999,0.46775028,3.0
0.046550963,0.33369607,0.24912453,0.51521766,0.39837086,0.0786598,0.051014528,0.2887656,0.0
0.12494363,0.3222027,0.3297174,0.5384513,0.26874602,0.34290928,0.34463084,0.27173215,0.0
0.9334307,0.87759995,1.0,1.0000001,0.4706548,1.0,1.0000001,0.2159991,2.0
0.34182277,0.41101003,0.30925512,0.5026873,0.6080557,0.15416963,1.0,0.34836188,1.0
0.5073029,0.5308613,0.5236163,0.670569,0.6080557,0.046236508,1.0,0.46734154,0.0
0.19576266,0.33917928,0.29039603,0.5955289,0.4706548,0.31761748,0.22620225,0.30119425,0.0
0.8799143,0.9526311,1.0,1.0000001,0.37660405,1.0,1.0,0.48321638,2.0
0.8026892,0.8072558,1.0000001,1.0000001,0.4360875,1.0,1.0000001,0.67553765,3.0
0.840743,0.8127141,1.0,1.0,0.4483546,1.0,1.0,0.3553462,4.0
0.93549865,0.7071011,1.0,1.0,0.31490907,1.0000002,1.0000001,-0.07876809,1.0
1.0,0.89781225,1.0,1.0,0.45439246,1.0000001,1.0,0.26865232,3.0
0.33286756,0.4699009,0.2734532,0.48753032,0.45439246,-0.0020789308,1.0,0.299334,1.0
0.9146221,0.8652171,1.0000001,1.0,0.71574616,0.9999999,1.0000001,0.28876552,2.0
0.91457057,0.9325185,1.0,1.0,0.31490907,1.0000001,1.0,0.4235767,2.0
0.8880947,0.77872825,1.0,1.0000001,0.26874602,1.0000001,1.0000001,0.23609406,3.0
0.3228221,0.3146881,0.26954365,0.498812,0.34442002,-0.0020789308,1.0,0.2827658,0.0
0.19938909,0.37623698,0.42756844,0.6366217,0.58900136,0.32454997,0.3696972,0.23244068,0.0
0.19203407,0.31974423,0.48240787,0.6544773,0.6080557,0.29240197,0.3396492,0.35534614,1.0
0.90519214,0.78610325,1.0,1.0000002,0.3559913,1.0,1.0,0.1983075,2.0
0.49601358,0.49101382,0.37365258,0.5872777,0.58900136,0.04549759,1.0,0.08240561,1.0
0.8789636,0.87588066,1.0,1.0000002,1.0,1.0000001,1.0,-0.059279382,3.0
0.91733515,0.95057654,1.0,1.0000001,0.34442002,1.0000001,1.0000001,0.39749324,2.0
0.934947,0.8967116,1.0,1.0,0.40647385,1.0,1.0,0.47388792,2.0
0.5025964,0.7077378,0.6597399,0.75252545,1.0,0.066684715,0.20826524,0.42819273,0.0
0.91197145,0.6764687,1.0000001,0.9999999,0.39837086,1.0,1.0,0.25810048,4.0
0.48788232,0.6324165,0.6977068,0.8055086,1.0000002,1.0,0.36969715,0.41830277,4.0
0.19546434,0.43308747,0.23730679,0.5193403,0.29535645,0.0066492893,0.20826524,0.3629199,0.0
0.91493165,0.79594004,1.0,1.0000001,0.55272484,0.99999994,1.0,0.32954448,1.0
0.05217527,0.43190053,0.28592667,0.5191309,0.43357915,0.0456183,0.12177644,0.41055667,0.0
0.82142866,0.7469895,1.0,1.0,0.39892256,1.0,1.0,0.071400754,1.0
0.92231166,0.8976691,0.9999999,1.0000001,0.4071756,1.0,1.0,0.42107305,3.0
0.92094165,0.82852805,1.0000002,1.0,0.4556765,1.0000001,1.0,0.12660319,4.0
0.9284131,0.8493028,1.0000002,1.0,0.43357915,1.0000001,1.0,0.12137157,4.0
0.34831297,0.51797295,0.5574626,0.76987594,0.26874602,0.30178207,0.20826524,0.2715199,0.0
0.35072058,0.44497487,0.49422398,0.69229805,0.4360875,0.14396696,0.1577716,0.30119425,0.0
0.9157578,0.8041826,1.0000002,1.0,0.4398378,1.0000001,1.0,0.44822967,2.0
0.25841582,0.37850243,0.29674298,0.5235077,0.4556765,0.589694,0.36969715,0.44628108,0.0
0.54292774,0.65634656,0.6977068,0.8055086,1.0000001,1.0,0.36969715,0.3922518,2.0
0.29713765,0.39904392,0.5211829,0.5829382,0.58900136,0.22988069,0.30226368,0.3507484,0.0
0.1744125,0.447663,0.32980192,0.56094897,0.34441996,0.08390103,0.2956029,0.3448121,0.0
0.48341906,0.5821078,0.6977068,0.8055086,0.3559913,1.0,0.36969715,0.35990077,4.0
0.020855526,0.22207178,0.2781701,0.45471436,0.4556765,0.07817814,0.051014528,0.24866715,0.0
0.2876786,0.62212205,0.50309104,0.67829704,0.43357915,0.4579961,0.36969715,1.0,0.0
0.8823048,0.9308419,1.0,1.0,0.558216,1.0,1.0,0.38750705,1.0
0.22635487,0.42885002,0.34950137,0.49655902,1.0000001,0.0691079,0.34463084,0.14342114,0.0
0.1768453,0.29244947,0.3426605,0.50037265,0.55272484,0.3474036,0.34463084,0.39648783,0.0
0.11560555,0.28260314,0.40079737,0.6010023,0.4483546,0.092878655,0.1577716,0.071400754,0.0
0.74255806,0.75677884,1.0,1.0000001,0.55272484,0.99999994,1.0,0.18435243,2.0
0.045881007,0.26241192,0.21910718,0.45859444,0.43357915,0.024745919,0.38121843,0.0767778,0.0
0.9439258,0.8633499,1.0000001,1.0,0.34441996,1.0,1.0000001,0.35799563,4.0
0.94867945,0.7208079,1.0000001,1.0,0.34442002,1.0,1.0000001,0.32971883,3.0
0.22589535,0.46759883,0.32980192,0.56094897,0.4818779,0.08390103,0.2956028,0.26416042,1.0
0.3532338,0.5165143,0.5001203,0.62342286,0.55272484,0.48710454,0.2562733,0.28248125,0.0
0.04282786,0.22628221,0.29205173,0.47937375,0.5296198,0.031506687,0.360922,0.19390142,0.0
0.07923225,0.3561497,0.31743342,0.52260125,0.40717554,0.37905926,0.17025715,0.074028715,0.0
0.03264645,0.3145895,0.29337442,0.4925987,0.5754386,0.05276978,0.1217764,0.3339054,0.0
0.047868155,0.23820756,0.34678954,0.59981084,0.39837086,0.34313992,0.360922,0.28658563,0.0
0.33231604,0.39693612,0.30925512,0.5026873,0.29535645,0.15416962,1.0,0.26416042,0.0
0.92882776,0.87107515,1.0000001,1.0,0.4818779,1.0,1.0000001,0.30499306,4.0
0.24611719,0.37686247,0.4903938,0.6086416,0.51124686,0.21336101,0.30226368,0.34792453,0.0
0.39708254,0.6398765,0.73662615,0.845186,0.40717554,0.30178207,0.34463084,0.46775028,0.0
0.10531869,0.27379793,0.30664062,0.50226796,0.39837086,0.06392142,0.27592617,0.4362871,0.0
0.25409603,0.5465001,0.4903938,0.6086416,0.39837086,0.21336101,0.30226368,1.0,0.0
0.7082404,0.77549005,1.0,1.0000001,0.26874602,1.0,1.0,0.2044552,3.0
0.95683604,0.8615757,1.0,1.0,0.34442002,1.0000001,1.0,0.3661881,2.0
0.1464099,0.35717136,0.3132567,0.43446678,0.40647385,0.02227015,0.117881544,-0.060992047,1.0
0.9647805,0.9550483,1.0,1.0,0.29535645,1.0000001,1.0000001,0.9999999,1.0
0.15448256,0.35624522,0.27235767,0.5300844,0.3559913,0.115213156,0.20826524,0.82368505,0.0
0.14269722,0.2902584,0.37302834,0.48790273,0.4483546,0.029400777,0.1290364,0.47158292,0.0
0.16727465,0.25232562,0.43561167,0.57774734,0.40717554,0.47739255,0.24090596,0.35993445,0.0
0.9312967,0.86901206,1.0000001,1.0,0.26874602,1.0,1.0000001,0.26416042,3.0
0.90857875,0.72742176,1.0000001,0.9999999,0.32253432,1.0,1.0,0.27512532,4.0
0.95398146,0.887994,0.9999999,1.0000001,1.0000002,1.0,1.0,0.53960526,4.0
0.9384043,0.88481414,1.0000001,1.0,0.58956575,1.0,1.0000001,0.3629199,3.0
0.49790788,0.61065984,0.6977068,0.8055086,0.5296198,1.0000001,0.36969715,0.32906568,2.0
0.17606476,0.33234757,0.2964724,0.45569795,0.71574616,0.04417499,0.36969715,0.2951004,0.0
1.0000002,0.9212353,1.0000001,1.0,0.45439246,1.0,1.0000001,0.2677811,3.0
0.49163094,0.67854017,0.6977068,0.8055086,0.71574616,1.0,0.36969715,0.32885224,1.0
0.066039786,0.26559252,0.28792188,0.49512076,0.55272484,0.073434874,0.2562733,0.21993211,1.0
0.32765168,0.45463714,0.4533803,0.6115664,0.432464,0.1312842,0.36969715,0.37721395,1.0
0.23052025,0.34261554,0.48240787,0.6544773,0.39892256,0.29240197,0.33964914,0.46156108,0.0
0.2294743,0.36756003,0.36728448,0.53770995,0.39892256,0.020808224,0.24090596,0.4338043,1.0
0.9536686,0.8940161,1.0,1.0,1.0000002,1.0000001,1.0,0.3253179,2.0
0.17344657,0.3156547,0.4007666,0.5354778,0.46512017,0.3229963,0.22447549,0.2538785,0.0
0.0017682314,0.21476464,0.18261406,0.46799687,0.5256206,0.0783663,0.1577716,0.3012424,0.0
0.049460795,0.23433289,0.30745608,0.48808053,0.5754386,-0.044197652,0.1498338,0.35993445,0.0
0.94618714,0.76728487,0.9999999,1.0000001,0.58956575,1.0,1.0,0.27194485,2.0
0.7986024,0.809007,1.0,1.0000001,0.4706548,1.0,1.0000001,0.24376565,2.0
0.5146655,0.6512065,0.6977068,0.8055086,0.71574616,1.0,0.36969715,0.5622984,2.0
0.93970954,0.80020875,1.0,1.0,0.432464,1.0,1.0,0.42510968,1.0
0.16736004,0.31354547,0.33029437,0.6022856,0.39892256,0.0793428,0.2117667,0.3886997,0.0
0.92418444,0.9686421,1.0,1.0,0.4818779,1.0,1.0,0.1691295,3.0
0.8696029,0.82776713,1.0,1.0,0.40647385,1.0000001,1.0,0.45598447,4.0
0.86696553,0.8520897,1.0000002,1.0,0.4818779,1.0000001,1.0,0.67553765,3.0
0.9252541,0.83453125,1.0000001,1.0,0.4360875,1.0,1.0000001,0.32531786,3.0
1.0000001,0.83816576,1.0,1.0,1.0,1.0,1.0,0.3012424,3.0
0.8931602,0.8573588,0.99999994,0.9999999,0.4556765,1.0,1.0000001,0.29339886,3.0
0.13567033,0.5468359,0.32980192,0.56094897,0.29535645,0.08390103,0.2956028,0.32538858,0.0
0.34719288,0.47746032,0.5574626,0.76987594,0.4651202,0.3017821,0.20826524,0.16011576,0.0
0.8740834,0.8039484,1.0,1.0,0.43357915,1.0,1.0,0.33892834,2.0
0.7134324,0.92969495,1.0,1.0,0.45567653,1.0000001,1.0000001,0.26758543,4.0
0.048843544,0.22356823,0.23857573,0.5536287,0.43357915,0.07767298,0.34463084,0.3020517,0.0
-0.0061218007,0.33353943,0.22897945,0.3525917,1.0,0.26787668,0.050903037,0.4901057,0.0
0.06234822,0.30789798,0.18137243,0.416835,0.4818779,0.13819778,0.2359551,0.09710349,0.0
1.0,0.82411885,0.99999994,1.0,0.3852564,1.0000001,1.0,0.14529347,2.0
0.12034246,0.34676448,0.32022232,0.6007087,1.0000001,0.07767302,0.12177644,0.2677811,0.0
0.9626378,0.8402169,1.0,1.0,0.43983787,1.0000001,1.0,0.27549565,3.0
1.0,0.7857459,1.0,1.0,0.58900136,1.0,1.0000001,0.419684,2.0
0.4762439,0.57014287,0.6977068,0.8055086,0.32253432,1.0,0.36969715,0.19259351,3.0
0.8785179,0.8418712,1.0,1.0,1.0,1.0000002,1.0000001,0.28545144,4.0
0.18363512,0.37307563,0.26460925,0.59217954,0.4818779,0.0815316,0.29510218,0.027338594,0.0
0.84919876,0.80929685,1.0,1.0000002,0.3559913,1.0000001,1.0,0.091384,2.0
1.0,0.8509442,1.0,1.0,1.0000001,1.0,1.0,0.56882894,3.0
0.33043125,0.35598838,0.34103402,0.50483173,0.46512017,0.14081426,1.0,0.43336645,0.0
0.7911138,0.75775623,1.0,1.0,0.3559913,1.0000001,1.0000001,0.47158292,4.0
0.86601245,0.7820686,1.0,1.0,0.40647385,1.0,1.0000001,0.3448121,2.0
0.9090853,0.89438343,1.0000002,1.0,0.5754386,1.0,1.0,0.26416042,1.0
0.8378347,0.8076454,1.0,1.0,0.558216,1.0,1.0,0.6356957,3.0
0.085044935,0.32584572,0.23433378,0.50327986,0.58956575,0.010835564,0.24090596,0.3629199,0.0
0.91742396,0.73943865,1.0,1.0000001,0.39892256,1.0,1.0,0.23244068,3.0
0.88454556,0.7884869,1.0000001,1.0,0.55272484,1.0000001,1.0000001,0.10526821,4.0
0.8578414,0.8081286,0.99999994,1.0,0.71574616,1.0,1.0,0.08400019,1.0
0.07943326,0.36383483,0.2548074,0.45089808,0.4651202,0.15795241,0.29345012,0.7596801,0.0
0.13812323,0.392775,0.31325668,0.43446672,0.5659551,0.02227015,0.117881544,0.28876552,0.0
0.07837161,0.22071663,0.16394494,0.42119503,0.5112469,0.109433785,0.29345012,0.29430854,0.0
0.15672992,0.3188815,0.36630788,0.52682245,0.71574616,0.082820915,0.2562733,-0.013264746,0.0
0.49870318,0.5867745,0.6977068,0.8055086,0.4706548,1.0,0.36969715,0.2933988,3.0
0.175322,0.45504722,0.3445863,0.5594157,0.3852564,0.43987566,0.20826524,0.38970357,0.0
0.94395995,0.8092855,1.0,0.99999994,0.55333304,1.0000002,1.0000001,0.30981258,4.0
0.92952776,0.9547014,1.0,1.0000001,0.3559913,1.0,1.0,0.1691294,2.0
1.0000002,0.89672005,0.99999994,0.9999999,0.3852564,1.0,1.0000001,0.2827658,2.0
0.15133405,0.30175444,0.32747728,0.5042012,0.41828626,0.115328714,0.360922,-0.020138511,0.0
0.11305724,0.3191244,0.4012529,0.5974442,0.29535645,0.057873987,0.34463084,1.0000001,0.0
0.05078616,0.28973585,0.25215787,0.489141,0.4651202,0.3012904,0.36969715,0.37851205,0.0
0.8942048,0.8016296,1.0000001,1.0,0.39837074,1.0,1.0000001,0.26792857,3.0
0.92086613,0.8237636,1.0,1.0,0.58956575,1.0000001,1.0,0.48152423,2.0
0.3890158,0.4025281,0.53265965,0.60744244,1.0000002,0.17351913,1.0000001,0.35238892,0.0
0.61817455,0.68994474,0.6833683,0.7985882,0.58900136,0.4579961,1.0000001,0.45699638,0.0
0.9168963,0.89839816,1.0000001,1.0,0.5296198,1.0,1.0000001,0.2677811,2.0
0.8955466,0.85255945,1.0,1.0000001,0.41828626,1.0,1.0,0.27552846,2.0
0.89046884,0.7700063,1.0,1.0,0.558216,1.0,1.0000001,0.3201664,4.0
0.48731095,0.6599692,0.6977068,0.8055086,0.45439246,1.0,0.36969715,0.3253179,3.0
0.8787241,0.833156,1.0,1.0,0.5659551,1.0000001,1.0000001,0.6356957,2.0
0.934947,0.9367854,1.0,1.0,0.26874602,1.0,1.0,0.12388573,2.0
0.46816826,0.6066846,0.6977068,0.8055086,0.4556765,1.0000001,0.36969715,0.015137643,2.0
-0.032178238,0.19382334,0.17070116,0.4089886,0.41828626,0.084576786,0.117881544,0.046457622,0.0
0.9295044,0.8572984,0.99999994,0.9999999,0.55272484,1.0,1.0000001,-0.03935621,3.0
0.34574178,0.5440152,0.5574626,0.76987594,0.39837086,0.3017821,0.2082653,0.06076283,1.0
0.92576766,0.99999994,1.0000001,1.0,1.0000001,1.0,1.0000001,0.7082058,1.0
0.9248423,0.9179751,1.0,1.0,0.39892256,1.0000001,1.0,0.4338043,3.0
0.17724043,0.3288622,0.40417647,0.5360343,0.40717554,0.13462152,0.1541862,0.24628459,0.0
0.11862458,0.37296763,0.43631285,0.6421515,0.43357915,0.3085571,0.36969715,0.44177794,0.0
0.42660046,0.6419393,0.73662615,0.845186,0.55272484,0.3017821,0.34463084,0.41055667,0.0
0.14921632,0.39602798,0.32686695,0.45543864,0.4818779,0.45449784,0.2060901,0.10542542,0.0
0.69943404,0.6628079,0.55691886,0.69140387,1.0000001,0.22988069,1.0000001,0.7596801,0.0
0.9164515,0.907712,1.0,1.0,0.432464,1.0000002,1.0,0.45487815,2.0
0.603264,0.68705714,0.6977068,0.8055086,0.45439246,1.0,0.36969715,0.44641972,3.0
0.46260437,0.42365235,0.53265965,0.60744244,0.26874602,0.17351913,1.0000001,0.36537263,0.0
0.16853464,0.37633353,0.31688654,0.52392316,0.41828626,0.3474036,0.34463084,0.45699638,0.0
0.21912393,0.37487644,0.35910666,0.51090527,0.4651202,0.19157328,0.23263696,0.29381585,0.0
0.81483454,0.88130754,1.0,1.0,0.4556765,1.0,1.0000001,0.41004872,2.0
0.1612706,0.29141724,0.34950137,0.49655902,1.0,0.0691079,0.34463084,-0.03279061,0.0
0.9090071,0.8130889,1.0000001,1.0,0.29535645,1.0,1.0000001,0.41708517,2.0
0.9378814,0.9220716,1.0,1.0,0.6080557,1.0000001,1.0,0.36537263,3.0
0.13577235,0.30049247,0.24123377,0.5212563,0.34442002,0.16421753,0.29510218,0.14076346,0.0
0.2534362,0.34603253,0.45176926,0.60380423,0.5659551,0.016146723,0.20826524,-0.07876809,0.0
0.22366637,0.37325367,0.43721497,0.5940509,0.4818779,0.37942123,0.30226368,0.2159991,0.0
0.5118712,0.5998413,0.6597399,0.75252545,0.4483546,0.066684715,0.20826524,0.41708517,1.0
0.19267164,0.39292192,0.35203755,0.5426289,0.55333304,0.06882768,0.20826524,0.44822967,0.0
0.9101841,0.8294402,0.99999994,1.0,0.40647385,1.0,1.0,0.046457622,2.0
0.13622764,0.31117922,0.3846401,0.5424134,0.30736488,0.040000543,0.24090596,0.2951004,0.0
0.15553188,0.43893397,0.23730679,0.5193403,1.0,0.0066492893,0.20826524,0.4468939,0.0
0.9150789,0.8068154,1.0,1.0,0.4556765,1.0,1.0000001,0.27450788,2.0
0.16410986,0.31909877,0.36546093,0.5321528,0.5659551,0.31029254,0.30226368,0.35993445,0.0
0.91558534,0.9549421,1.0000001,1.0,0.432464,1.0,1.0000001,0.7082058,3.0
0.25728163,0.3646415,0.40855527,0.63566566,0.5296198,0.117263705,0.22620225,0.29339886,0.0
0.8307966,0.72399145,1.0,1.0,0.4706548,0.99999994,1.0,0.5993047,3.0
0.92572904,0.9583659,1.0,1.0,0.45439246,1.0,1.0,0.44822967,4.0
0.06839965,0.3208385,0.2400779,0.4238007,0.4071756,0.589694,0.33964914,0.2634442,0.0
-0.048864473,0.21506508,0.25942948,0.45433825,0.5296198,0.16484451,0.16697864,0.42598838,0.0
0.28411517,0.4583621,0.20572755,0.4088051,0.6080557,0.17291795,1.0,1.0000001,0.0
0.20462349,0.40917957,0.5219674,0.67012554,1.0000001,0.3869536,0.33964914,0.47158292,0.0
1.0000001,0.89164585,1.0,1.0000002,1.0000001,1.0000001,1.0,0.15374845,3.0
0.84793997,0.7789961,1.0,1.0000001,1.0000002,0.99999994,1.0,0.06088537,3.0
0.9229985,0.90041125,1.0,1.0,0.32253432,1.0000001,1.0000001,0.049851146,2.0
0.88852656,0.9225494,1.0,1.0000001,0.3852564,1.0,1.0,0.26416042,3.0
0.33694112,0.52923834,0.5770662,0.74441123,0.4651202,0.3017821,0.34463084,0.10418082,0.0
0.05983421,0.32562792,0.2548074,0.45089808,0.41828632,0.15795241,0.29345015,0.28712094,0.0
0.93487346,0.7515857,0.9999999,1.0000001,0.4818779,1.0,1.0,-0.013264746,2.0
0.062068693,0.32731915,0.24748418,0.5353142,0.5296198,0.0783663,0.1577716,0.3933973,0.0
0.41744477,0.47438458,0.40262133,0.58627903,0.432464,0.37867743,1.0000001,0.2159991,0.0
0.8791411,0.8599819,0.99999994,1.0,0.30736488,1.0000001,1.0,0.21675837,4.0
0.8893149,0.8622334,1.0,1.0,0.39892256,1.0000001,1.0,0.37721395,3.0
0.09625835,0.34179994,0.28387547,0.4167172,0.4398378,0.01668911,0.22447549,0.28587365,0.0
0.8107735,0.7413902,1.0,1.0,0.55333304,1.0000001,1.0000001,0.47158292,2.0
-0.056702174,0.19955954,0.19438508,0.46317035,0.26874602,0.07385005,0.16697864,0.396608,0.0
0.36416566,0.6196418,0.5574626,0.76987594,1.0,0.3017821,0.20826524,0.015137643,0.0
0.8886567,0.79510236,1.0,1.0,0.26874602,1.0000001,1.0000001,0.47158292,3.0
0.88744557,0.9614587,1.0000001,1.0000001,0.39892256,1.0,1.0000001,0.2190891,1.0
0.8943581,0.84889734,1.0000001,1.0,0.39892256,1.0,1.0000001,0.67553765,3.0
-0.0031871926,0.25923103,0.25687024,0.54152554,0.4818779,0.16072917,0.29419428,0.67553765,0.0
0.049582656,0.23323777,0.30854818,0.4752176,0.5659551,0.012339317,0.22095497,0.34923184,0.0
0.8307966,0.68186796,1.0,1.0000001,0.30736482,0.99999994,1.0,0.2047317,3.0
0.9160602,0.90582216,1.0,1.0,0.4483546,1.0000001,1.0,0.34545612,1.0
0.20951575,0.2964609,0.3820181,0.5948716,0.40647385,0.057873987,0.20826524,0.35799563,0.0
0.13666134,0.22903964,0.30041456,0.393591,0.37660405,0.28501648,0.32592627,0.28045052,0.0
0.21473181,0.39172217,0.53668475,0.6380856,0.37660405,0.37859404,0.30226368,0.27294677,0.0
0.013864583,0.48314682,0.25083002,0.48180646,0.31490907,0.17917877,0.2117667,0.4664908,0.0
0.17808662,0.4030914,0.37302834,0.48790282,0.5659551,0.029400706,0.1290364,0.3607095,0.0
-0.006924562,0.19155894,0.18261406,0.46799687,1.0000002,0.0783663,0.1577716,0.31823343,1.0
0.07736635,0.36228502,0.28215337,0.43900108,0.30736488,0.04394047,0.12177644,0.38750705,0.0
0.88393116,0.786132,1.0,1.0,0.40717554,1.0000001,1.0000001,0.3752967,4.0
0.3929866,0.41099077,0.50309104,0.67829704,1.0000001,0.4579962,0.36969715,0.08400017,0.0
0.002277961,0.27921748,0.20492701,0.45381773,0.37660405,0.06660693,0.051014528,0.99999994,0.0
1.0,1.0,0.99999994,1.0,0.3852564,1.0000001,1.0,0.4362871,2.0
0.50465024,0.5211377,0.6977068,0.8055086,0.55333304,1.0,0.36969715,0.33892828,4.0
0.0976211,0.2506773,0.4043771,0.48287478,0.45439246,0.15040499,0.1541862,0.26792857,0.0
0.47206387,0.65931594,0.6977068,0.8055086,0.41828626,1.0,0.36969715,0.3297413,2.0
0.7268399,1.0000001,1.0,1.0000001,0.5256206,1.0,0.9999999,0.12388573,3.0
0.9004575,0.95067453,1.0,1.0000001,0.4556765,1.0,1.0,0.9999999,4.0
0.9485394,0.8690121,1.0000001,1.0,0.432464,1.0,1.0000001,-0.059279382,3.0
0.2924628,0.43100542,0.49422398,0.69229805,0.4556765,0.14396694,0.1577716,0.3922518,0.0
0.10912242,0.23565744,0.29816592,0.5216072,0.46512017,0.082820915,0.2562733,0.21675837,0.0
0.23979585,0.42355776,0.49876294,0.6530659,0.55272484,0.5358374,0.23263696,0.33937234,0.0
0.9579014,0.7618,1.0,1.0,0.5112469,1.0000002,1.0000001,0.26774698,2.0
0.46720085,0.44500557,0.4419096,0.6371074,0.41828626,0.050781287,1.0,0.4901057,0.0
0.26550606,0.31009537,0.28930217,0.5253725,0.51124686,0.21398818,0.36969715,0.3201664,0.0
0.092385426,0.36296862,0.24613065,0.5120658,0.55272484,0.10973179,0.20826524,0.36829793,0.0
0.9311103,0.8858562,1.0,1.0,0.55333304,1.0,1.0,0.41190463,3.0
0.7259717,0.8121053,1.0,1.0000001,0.6080557,1.0,1.0,0.26774698,3.0
0.48731095,0.68705714,0.6977068,0.8055086,0.558216,1.0,0.36969715,0.4292168,2.0
0.86218834,0.8309375,0.99999994,0.9999999,0.432464,1.0,1.0000001,0.3280713,3.0
0.1468573,0.28384063,0.27235767,0.5300844,0.58956575,0.115213156,0.20826524,0.30420136,0.0
0.9408138,0.90316576,1.0,1.0,0.40717554,1.0,1.0,0.32971883,1.0
0.1536196,0.34141707,0.33029437,0.6022856,1.0,0.07934281,0.2117667,0.2874078,0.0
0.9069892,0.8336024,1.0,1.0,1.0000001,1.0000001,1.0000001,0.26792854,3.0
0.06769461,0.26521784,0.28387547,0.4167173,0.4818779,0.016689122,0.22447549,0.99999994,0.0
0.9254471,0.8317493,1.0000001,1.0,0.4706549,1.0000001,1.0,0.4292168,4.0
0.20662694,0.34168118,0.30372417,0.595433,0.4706549,0.037520185,0.29510218,0.7878543,0.0
0.9066112,0.94837177,1.0,1.0,1.0000001,1.0000002,1.0,0.51565516,3.0
0.07907334,0.29269207,0.31802058,0.46105132,0.38525632,0.306795,0.24090596,0.25249887,1.0
0.8946109,0.9755615,1.0000001,1.0,0.4360875,1.0000001,1.0000001,0.12388573,3.0
0.26072505,0.36679047,0.53668475,0.6380856,0.43983787,0.37859404,0.30226368,0.2159991,0.0
0.40541986,0.5884998,0.6977068,0.8055086,0.5112469,1.0000001,0.36969715,0.30498147,3.0
0.08715267,0.26140615,0.27421016,0.45512024,0.32253432,0.08038469,0.1577716,0.3481918,0.0
0.44427088,0.49735242,0.46595666,0.56576693,0.40717554,0.33829704,1.0000001,0.36922672,0.0
0.4546348,0.7154424,0.6977068,0.8055086,0.558216,1.0000001,0.36969715,0.30498147,2.0
0.95409083,0.9772799,1.0000001,1.0,0.71574616,1.0,1.0000001,0.3439222,3.0
0.9298795,0.71916807,1.0,1.0000001,1.0,0.99999994,1.0,0.42695543,1.0
0.07978072,0.26175135,0.24846172,0.4958983,0.558216,0.024745896,0.1498338,0.35238895,0.0
0.09152498,0.3073539,0.40437704,0.48287475,0.4651202,0.15040499,0.1541862,0.2645597,0.0
0.24283683,0.35814574,0.5538543,0.62991595,0.5256206,0.17287268,0.27592617,0.34862694,0.0
0.33873683,0.4646998,0.41243306,0.62340474,0.58956575,0.30855718,1.0,0.27173215,0.0
0.026524968,0.16878133,0.28018704,0.3715244,0.43983787,0.19157328,0.1541862,0.59534883,0.0
0.8977103,0.8112267,1.0,1.0000001,0.32253432,1.0000001,1.0000001,-0.013264746,3.0
0.052740015,0.34501463,0.2448517,0.4832354,1.0000001,0.0108355805,0.42110774,0.23341814,0.0
-0.0516369,0.43637967,0.19438508,0.46317035,0.3852564,0.07385005,0.16697864,0.0676812,1.0
0.12407873,0.36111295,0.24123377,0.5212563,0.5256206,0.16421753,0.29510218,0.27102408,0.0
0.07125819,0.53395593,0.30854818,0.4752176,0.6080557,0.012339317,0.22095497,0.28007436,0.0
0.22179942,0.4989711,0.28981066,0.44579548,0.5754386,0.1733189,0.36969715,0.34545606,0.0
0.032787353,0.3516118,0.2400779,0.4238007,0.4483546,0.589694,0.33964914,0.33892828,0.0
0.071491815,0.32980436,0.25913718,0.43539762,0.4818779,0.30600256,0.1217764,0.19469394,0.0
0.30420405,0.350763,0.613614,0.76929295,0.26874602,0.15365767,0.36969715,0.56882894,0.0
0.8612799,0.97583973,1.0,1.0,0.71574616,1.0000001,1.0000001,1.0,3.0
0.002831865,0.22041148,0.28695208,0.47001046,1.0,0.15149507,0.16697864,0.2715199,0.0
0.9209677,0.8922069,1.0,1.0,0.4483546,1.0,1.0000001,0.30807334,4.0
0.20579028,0.4039998,0.5235024,0.6313906,0.5256206,0.21336101,0.33964914,0.27173215,0.0
0.9095404,0.80595803,1.0000001,1.0,0.6080557,1.0,1.0000001,0.41795135,3.0
0.07724865,0.2958249,0.29337442,0.4925987,0.45567653,0.05276989,0.1217764,0.17891881,0.0
0.13366143,0.3262565,0.26460925,0.59217954,0.5754386,0.08153154,0.29510218,0.2047317,0.0
0.46053872,0.660672,0.6977068,0.8055086,0.4818779,1.0,0.36969715,0.7463634,3.0
0.03427893,0.16712601,0.33662,0.52185965,0.26874602,0.1499984,0.1577716,0.46734154,0.0
0.09394616,0.29702258,0.3789597,0.55987823,1.0000001,0.3790593,0.33982134,0.38482207,0.0
0.1198778,0.27277112,0.28086954,0.5295992,0.5754386,0.12791133,0.2046035,0.084250316,0.0
0.07110063,0.37915403,0.20116113,0.43953568,0.4818779,-0.090652704,0.36969715,0.32906568,0.0
0.16788077,0.26582536,0.33029437,0.6022856,0.4360875,0.07934281,0.2117667,0.3477045,0.0
-0.018015437,0.29691565,0.2286784,0.47166,0.6080557,0.09952273,0.117881544,0.36537263,1.0
0.40308052,0.6566452,0.7104496,0.85994256,0.39837074,1.0000001,0.2956028,0.34792453,0.0
0.32826602,0.52681977,0.50309104,0.6782969,0.5296198,0.4579961,0.36969715,0.56882894,0.0
0.28937078,0.37518114,0.15936688,0.44361964,0.39837074,0.28639913,1.0,0.67553765,1.0
0.79618585,0.8919907,1.0,1.0,0.5256206,1.0000002,1.0,0.42598832,2.0
0.8397569,0.8625751,1.0,1.0000001,0.26874602,1.0,1.0,0.3448121,3.0
0.87209535,0.70040363,1.0,1.0,0.43357915,1.0000001,1.0000001,0.046755284,3.0
0.044202816,0.22335461,0.30011508,0.48215058,0.29535645,0.14590293,0.24090596,0.07984673,0.0
0.8964066,0.7675714,1.0,1.0,0.41828632,1.0,1.0000001,0.72916394,4.0
0.14438474,0.3043459,0.24177831,0.46631494,0.5256206,0.23985414,0.20826524,0.59534883,0.0
0.109590925,0.49277094,0.2777338,0.56814975,1.0,0.15521373,0.2117667,1.0,0.0
0.18719809,0.38983,0.33208495,0.5497376,0.4360875,0.002428988,0.36969715,0.34862694,0.0
-0.004161909,0.22841509,0.28695208,0.47001046,1.0,0.15149507,0.16697864,0.35881388,0.0
0.44988394,0.4251274,0.40262133,0.5862789,0.71574616,0.37867743,1.0000001,0.119472966,0.0
0.9277952,0.9329767,1.0,1.0,0.5296198,1.0,1.0,0.47480065,3.0
0.47439384,0.55694944,0.6977068,0.8055086,0.5296198,1.0,0.36969715,0.10040698,3.0
0.94591415,0.8633499,1.0000001,1.0,0.45567653,1.0,1.0000001,0.3579956,4.0
0.13716808,0.3616223,0.43561167,0.57774734,0.55272484,0.47739255,0.24090596,0.3144312,0.0
0.943599,0.8999274,0.9999999,1.0000001,0.4071756,1.0,1.0,0.4362871,3.0
0.06885433,0.17003043,0.2086919,0.44551325,0.34442002,0.09252523,0.21399234,0.36077702,0.0
0.28144467,0.3344267,0.45176926,0.6038041,0.4360875,0.016146723,0.20826524,-0.033832975,0.0
0.18321067,0.33302397,0.28981066,0.44579548,0.39892256,0.17331886,0.36969715,0.26792857,0.0
-0.0031308448,0.18793766,0.29205173,0.47937375,0.41828626,0.031506687,0.360922,0.3374651,0.0
0.85884345,0.6968705,1.0000001,0.9999999,0.4706548,1.0,1.0,0.14529349,3.0
0.3375318,0.47085372,0.4533803,0.6115664,1.0,0.13128424,0.36969715,0.35799563,0.0
0.9381843,0.68562424,1.0000001,0.9999999,0.31490907,1.0,1.0,0.27512532,4.0
0.5421401,0.4311207,0.5236163,0.670569,0.55333304,0.046236508,1.0,0.2047317,0.0
0.109816775,0.25632918,0.30664062,0.50226796,0.3559913,0.06392142,0.27592617,0.30498147,0.0
0.86620593,0.9670172,1.0000002,1.0,0.39892256,1.0000001,0.9999999,0.9999999,3.0
0.35554457,0.553053,0.5574626,0.76987594,0.4818779,0.30178207,0.20826524,0.22667372,0.0
0.82012916,0.9143476,1.0,1.0000002,0.5112469,1.0000001,1.0,0.3439222,2.0
0.12653753,0.26699314,0.43520632,0.5935098,0.4398378,0.29240194,0.33964914,0.30498147,0.0
0.44907486,0.55989236,0.3936598,0.6542418,0.43357915,0.13030137,1.0,0.24893007,0.0
0.33977914,0.5558219,0.5770662,0.74441123,0.4706548,0.3017821,0.34463084,0.10310209,0.0
0.9082912,0.9252187,1.0,1.0,1.0,1.0,1.0,0.3481918,2.0
0.2918734,0.4155507,0.4903938,0.6086416,0.55272484,0.21336101,0.30226368,0.37721395,0.0
0.71180767,0.7808885,1.0,1.0,0.39837086,0.99999994,1.0,0.24866715,3.0
0.88623095,0.75304043,1.0000001,0.9999999,0.55333304,1.0,1.0,0.47158283,4.0
0.9150789,0.80050015,1.0,1.0,0.4398378,1.0,1.0000001,0.4468939,3.0
0.7068738,0.7799727,1.0,1.0,0.6080557,1.0000001,1.0000001,-0.033832975,2.0
0.93236333,0.91231805,0.9999999,1.0000001,0.5256206,1.0,1.0,0.59534883,2.0
0.6926514,0.9999999,1.0,1.0000001,0.58900136,0.99999994,1.0,0.62410575,3.0
0.1985563,0.4604144,0.32096067,0.5252631,0.40647385,0.09042546,0.2956029,0.26792854,0.0
0.9312967,0.90378404,1.0000001,1.0,0.37660405,1.0,1.0000001,0.47388792,2.0
0.12059542,0.26313636,0.31743342,0.52260125,0.5296198,0.37905926,0.17025715,0.4063791,0.0
0.1430023,0.43201384,0.24846172,0.49589822,0.45439246,0.024745919,0.1498338,0.1207681,0.0
0.20567101,0.37578088,0.36728448,0.53770995,0.4071756,0.020808224,0.24090596,0.3290656,0.0
0.09692555,0.33338076,0.24912453,0.51521766,0.40717554,0.0786598,0.051014528,0.47480065,0.0
0.8057805,0.8611087,1.0,1.0,0.4071756,0.99999994,1.0,0.69707763,3.0
0.489125,0.58376133,0.6977068,0.8055086,0.26874602,1.0,0.36969715,0.28045052,4.0
0.20983803,0.4843486,0.3599269,0.6350756,0.43357915,0.16744213,0.2956029,0.004283052,0.0
0.00913066,0.2867617,0.28869334,0.50026697,0.4483546,0.0786598,0.050903007,0.36537263,0.0
0.354069,0.38861346,0.15936688,0.44361964,0.30736488,0.28639913,1.0,0.25108284,0.0
0.9234936,0.9345912,1.0000001,1.0,0.55333304,1.0,1.0000001,0.4901057,3.0
0.18952101,0.34580764,0.4001966,0.6021725,0.34441996,0.6317419,0.33964914,0.3607095,0.0
0.11050825,0.50091743,0.4477912,0.5608705,0.34442002,0.12236779,0.27592617,0.39309052,0.0
0.3865193,0.45800996,0.45458016,0.5561203,0.38525632,0.16233966,0.36969715,0.30499306,0.0
0.27667683,0.33941,0.45458016,0.5561203,0.43357915,0.16233967,0.36969715,0.0648841,0.0
0.89922607,0.8467753,1.0,1.0000001,0.5754386,1.0,1.0,0.3481918,3.0
0.93629175,0.91188866,1.0,1.0000001,0.38525632,1.0,1.0,0.26758543,3.0
0.17183164,0.38202518,0.37967676,0.61796474,0.34442002,0.18490632,0.22620225,0.3439222,0.0
0.85998577,0.7769158,1.0,1.0,0.43357915,1.0,1.0,0.028913233,4.0
0.90857863,0.83349895,1.0000001,0.9999999,0.30736488,1.0,1.0,0.2827658,2.0
0.030012265,0.21747862,0.18261406,0.46799687,0.5112469,0.0783663,0.1577716,0.19758959,1.0
0.20811445,0.44515556,0.44208837,0.5500388,0.55333304,0.44722715,0.23263696,0.4560963,0.0
0.49729025,0.5486009,0.6977068,0.8055086,0.4398378,1.0,0.36969715,0.47416973,3.0
0.9061167,0.8286158,0.99999994,1.0,0.30736482,1.0,1.0,0.0450882,4.0
0.08971429,0.26476267,0.31579724,0.44566402,0.34442002,0.28389025,0.2359551,0.53960526,0.0
-0.012031872,0.32038122,0.25687024,0.54152554,0.39892256,0.16072917,0.29419428,0.2645597,0.0
0.9271783,0.88506603,1.0000001,1.0,0.32253432,1.0,1.0000001,0.3810777,3.0
0.73053706,0.8141346,1.0,1.0000001,0.3559913,1.0,0.9999999,0.17891881,2.0
0.09899437,0.2914371,0.34950137,0.49655902,0.39837086,0.0691079,0.34463084,0.36861652,0.0
0.106861986,0.23025745,0.27207685,0.4148534,0.4818779,0.29184896,0.114486545,0.34204847,0.0
0.8799143,0.78330815,1.0,1.0000001,0.432464,1.0,1.0,0.2782482,4.0
0.934947,0.90204537,1.0,1.0,0.3559913,1.0,1.0,0.368298,3.0
0.99999994,0.869887,1.0,1.0,0.5754386,1.0,1.0,0.2159991,1.0
0.11723658,0.28792506,0.24635278,0.4002596,0.4706549,0.10952671,0.42110777,-0.059279382,0.0
0.18456039,0.46016598,0.40819147,0.5022254,0.39837074,0.11475614,0.4017225,0.0689341,1.0
0.9422551,0.7479597,1.0,0.99999994,0.43357915,1.0000002,1.0000001,0.2827658,2.0
0.9027338,0.8137163,1.0,1.0000001,0.31490907,1.0,1.0000001,0.16671354,2.0
0.91013944,0.9330439,1.0,1.0,0.58956575,1.0000001,1.0,0.30650443,2.0
1.0,0.863522,1.0000002,1.0,0.58900136,1.0000001,1.0,0.3629601,2.0
0.15248735,0.47059578,0.32847235,0.45667824,0.6080557,0.04615789,0.34463084,0.3290656,0.0
0.94896626,0.8421217,1.0000001,1.0000001,0.40717554,1.0,1.0,0.3752967,2.0
0.5200264,0.59371835,0.6977068,0.8055086,1.0000001,1.0,0.36969715,0.34509918,1.0
0.9417834,0.791054,1.0,0.99999994,0.4651202,1.0000002,1.0000001,0.2044552,4.0
0.11098063,0.39267224,0.25472856,0.48304635,1.0000002,0.14927575,0.33964914,0.2911833,0.0
0.8395597,0.7760167,1.0,0.99999994,0.5533329,1.0000002,1.0000001,0.34862697,2.0
0.19443518,0.27479205,0.29727843,0.52155095,0.5256206,0.04776568,0.16786185,0.45598447,0.0
0.10591353,0.17770897,0.26799834,0.42293286,0.71574616,0.026751049,0.32592627,0.32979262,0.0
0.058206737,0.28094327,0.18137243,0.41683495,0.45439246,0.13819778,0.2359551,0.2524094,0.0
0.945843,0.93307674,1.0,1.0000002,0.43983787,1.0,1.0,0.59534883,3.0
0.9410069,0.7769977,1.0,1.0000001,0.4651202,1.0000001,1.0000001,0.046755284,2.0
0.38259712,0.65931594,0.6977068,0.8055086,0.41828626,1.0000001,0.36969715,0.29892138,3.0
0.4958701,0.56062293,0.6977068,0.8055086,0.5112469,1.0,0.36969715,0.21482947,2.0
0.19308388,0.44577926,0.25584775,0.53471565,0.30736482,0.18584827,0.22620225,0.5331073,1.0
0.14016517,0.37516642,0.28869334,0.50026697,0.5659551,0.0786598,0.050903007,0.3448121,0.0
0.8177892,0.825083,0.99999994,0.9999999,0.39837074,1.0,1.0000001,0.36313426,4.0
0.09594979,0.39208412,0.2548074,0.45089808,0.32253432,0.15795241,0.29345012,0.32906568,0.0
0.008884091,0.21421464,0.26707643,0.48373935,1.0000001,0.11862859,0.16697864,0.42695543,0.0
0.9691486,0.7750473,1.0,1.0,0.4360875,1.0000002,1.0000001,0.27194485,3.0
0.18773057,0.32064146,0.3483297,0.485009,0.55272484,0.30499893,0.2060901,0.31223956,0.0
0.0965341,0.24378103,0.29727843,0.521551,0.34441996,0.04776568,0.16786185,0.51565516,0.0
0.8670479,0.91375583,0.99999994,0.9999999,0.6080557,1.0,1.0000001,0.2645597,4.0
0.111164376,0.34373653,0.43520632,0.5935098,0.5296198,0.29240197,0.33964914,0.65253776,0.0
0.11786612,0.27295583,0.3441469,0.5277725,0.5296198,0.06502896,0.22095497,0.4238788,0.0
0.12175579,0.28144753,0.27359125,0.53119624,0.58956575,0.15521377,0.29345012,0.3428315,0.0
0.1404719,0.3003793,0.3180551,0.4649248,0.40717554,0.30600256,0.42110774,0.41004872,0.0
0.1848058,0.32700628,0.40305942,0.61431754,0.40717554,0.0815316,0.12177644,0.048788823,0.0
0.12880486,0.18814872,0.19306609,0.42961866,0.5112469,0.031030426,0.051014528,0.26792857,1.0
0.3747085,0.57174397,0.5001203,0.62342286,0.32253432,0.48710448,0.2562733,0.41004872,0.0
0.31069988,0.35379207,0.31961536,0.5885645,0.40647385,0.25207424,0.36969715,0.29381585,0.0
0.067616254,0.25336272,0.27421016,0.45512024,0.31490907,0.08038469,0.1577716,0.5622984,0.0
0.94473517,0.8710282,1.0000001,1.0,0.40647385,1.0,1.0000001,0.41708517,3.0
0.8843297,0.8863299,1.0000002,1.0,1.0,1.0000001,1.0,-0.022529328,2.0
0.80747825,0.9741308,1.0,1.0,0.5296198,1.0,1.0,0.65253776,4.0
0.064058974,0.22766837,0.24912453,0.51521766,0.4360875,0.07865974,0.051014528,0.4387716,0.0
0.91197145,0.75060594,1.0000001,0.9999999,0.4651202,1.0,1.0,0.4945503,2.0
0.45898753,0.53257203,0.5223072,0.70536685,0.71574616,0.43277085,0.36969715,0.26287916,0.0
0.17894757,0.4792319,0.32096067,0.5252631,0.40647385,0.09042546,0.2956029,0.59534883,0.0
0.089523844,0.22353259,0.36785176,0.54734147,0.37660405,0.010113312,0.21399234,0.2903461,0.0
0.8773614,0.9202873,0.99999994,1.0,0.558216,1.0,1.0,0.38482207,1.0
0.8069694,0.8895077,1.0000001,1.0000001,0.558216,1.0,1.0000001,0.10526821,2.0
0.06993045,0.3667031,0.26286605,0.622425,0.3559913,0.077673,0.29510218,0.47388792,1.0
0.8768046,0.8513948,0.9999999,1.0000001,1.0,1.0,1.0,-0.07876809,1.0
-0.035686076,0.26268232,0.20486504,0.46645862,0.29535645,0.09952273,0.117881544,0.4536053,0.0
0.89121234,0.9150609,1.0,1.0,0.55333304,1.0000002,1.0,0.3011943,2.0
0.2278876,0.3593166,0.53668475,0.6380856,0.5112469,0.37859404,0.30226368,0.066853404,0.0
0.06871353,0.28714365,0.23808864,0.43646097,0.55333304,-0.021365585,0.117881544,0.40402454,0.0
0.015430581,0.2528424,0.32585806,0.5469179,0.55272484,0.10966985,0.1577716,0.107287124,0.0
0.87585795,0.87500155,1.0000001,1.0,0.5659551,1.0000001,1.0000001,0.48497993,3.0
0.29858255,0.5427545,0.2734532,0.48753032,0.45439246,-0.0020789308,1.0,0.20115468,0.0
0.08739869,0.30622533,0.37493834,0.54893583,0.6080557,0.16951978,0.117881544,0.25810048,0.0
0.887426,0.841461,1.0,1.0000001,0.39837074,1.0000001,1.0000001,0.18975917,2.0
0.041578688,0.29781735,0.42891818,0.6710299,0.3852564,0.122202456,0.1577716,0.42831627,0.0
0.26626813,0.40743044,0.35203755,0.5426289,0.39892256,0.068827696,0.20826524,0.38970366,0.0
0.8920211,0.74957454,1.0000001,0.9999999,0.46512017,1.0,1.0,0.37354594,3.0
1.0,0.9101336,0.99999994,0.9999999,0.6080557,1.0,1.0000001,0.26758543,3.0
0.07924195,0.28189158,0.31505176,0.49446878,0.55272484,0.23976043,0.22447549,0.16671354,1.0
0.80075294,0.8044846,1.0,1.0000001,0.4818779,0.99999994,1.0,0.2719448,2.0
0.91663486,0.7536113,0.99999994,1.0,0.4556765,1.0000001,1.0,0.21951464,3.0
0.25365442,0.37023985,0.5538543,0.62991595,0.39892256,0.17287268,0.27592617,0.65253776,0.0
0.22970992,0.49682656,0.4420883,0.5500387,1.0000001,0.44722718,0.23263696,0.031669773,0.0
0.08713882,0.19629148,0.28086954,0.5295992,0.32253432,0.12791133,0.2046035,0.048788823,0.0
0.13670515,0.26732218,0.38103575,0.55718756,0.58956575,0.18955627,0.23263696,0.43174052,0.0
0.46435556,0.4203351,0.36050022,0.5448673,0.51124686,0.10038003,1.0000001,0.3439222,1.0
0.9238938,0.8192112,1.0,1.0,0.29535645,1.0000001,1.0,0.4946146,3.0
0.825604,0.64898944,1.0000001,0.9999999,0.39837074,1.0,1.0,0.14529349,2.0
-0.028779339,0.17115974,0.25942948,0.45433825,0.34442002,0.16484451,0.16697864,0.3339054,0.0
0.87898004,0.88429666,0.99999994,1.0,0.4818779,1.0,1.0,0.2159991,2.0
0.8823154,0.66096246,1.0000001,0.9999999,0.32253432,1.0,1.0,0.23893514,3.0
0.079763025,0.23906295,0.19690672,0.51305866,0.31490907,0.045618318,0.29510218,0.3649295,1.0
0.29315108,0.40553582,0.4683593,0.6927743,0.46512017,0.30855724,0.36969715,0.34204847,0.0
0.5682931,0.61872333,0.6597399,0.75252545,0.5754386,0.066684715,0.20826524,0.26792857,0.0
0.4422208,0.6193682,0.43603313,0.57927614,0.4071756,0.16564932,1.0000001,0.14342114,0.0
0.4935115,0.5839401,0.6977068,0.8055086,0.432464,1.0,0.36969715,0.004283093,1.0
0.85655427,0.7941078,1.0,1.0000001,0.58900136,1.0000001,1.0000001,0.08240561,3.0
0.08700375,0.38000327,0.32747728,0.5042012,1.0000001,0.11532871,0.360922,0.0676812,0.0
0.18286741,0.42297795,0.3483297,0.485009,1.0,0.30499893,0.2060901,0.41795135,0.0
0.45131686,0.45323908,0.46595666,0.56576693,0.4818779,0.33829704,1.0000001,0.42107305,0.0
0.0025945855,0.263968,0.26707646,0.48373944,0.39837074,0.11862858,0.16697864,0.5331073,0.0
0.8434241,0.9027025,1.0,1.0,0.5296198,1.0000001,1.0,0.41708517,2.0
0.07454784,0.23657334,0.21031523,0.4735061,0.38525635,0.0065333284,0.2117667,0.34204847,0.0
0.07359284,0.18795978,0.30011508,0.48215058,0.5112469,0.14590293,0.24090596,0.3922518,0.0
0.30643034,0.48514825,0.47139454,0.6609851,0.4706549,0.1303014,0.2956028,0.26287916,0.0
0.8535923,0.8979192,1.0,1.0000001,0.6080557,1.0,1.0,0.3448121,4.0
1.0000001,0.82184196,1.0000001,1.0,0.6080557,1.0000001,1.0,0.33892828,2.0
0.48229223,0.53914124,0.6977068,0.8055086,0.55333304,1.0,0.36969715,0.29430854,4.0
0.90276515,0.9108236,1.0000001,1.0,0.71574616,1.0,1.0000001,0.41708517,3.0
0.5301912,0.5218481,0.37365258,0.5872777,1.0,0.04549759,1.0,0.7107409,0.0
0.4445706,0.53140724,0.6977068,0.8055086,0.432464,1.0000001,0.36969715,0.37943572,4.0
1.0000001,0.83031905,1.0000001,1.0,1.0000001,1.0,1.0000001,0.441778,1.0
0.22837585,0.49766073,0.45544893,0.5787882,0.4651202,0.16330108,0.30226368,0.09707988,0.0
0.45801932,0.59234715,0.6977068,0.8055086,0.432464,1.0,0.36969715,0.32906568,3.0
0.08625668,0.26345837,0.23012763,0.5948465,0.37660405,0.07767302,0.20826524,0.4741698,0.0
0.905735,0.8401172,1.0,1.0,0.43983787,1.0,1.0000001,0.41708517,3.0
0.20067337,0.4694323,0.35624212,0.5420294,0.558216,0.08509736,0.1541862,0.3011943,0.0
0.9248423,0.8631199,1.0,1.0,0.39892256,1.0000001,1.0,0.40402454,3.0
0.11962294,0.2092464,0.3052777,0.5231009,0.34441996,0.14484672,0.27592617,0.39339727,0.0
0.89082956,0.87696123,1.0,1.0,0.558216,1.0,1.0000001,0.44822973,3.0
1.0000002,0.9187858,1.0000001,1.0,0.38525632,1.0,1.0000001,0.5622984,2.0
0.13386206,0.33071566,0.43561167,0.57774734,0.71574616,0.47739255,0.24090596,0.26792857,0.0
0.8886567,0.79853755,1.0,1.0,0.26874602,1.0000001,1.0000001,0.36077708,3.0
0.40268448,0.48802233,0.6977068,0.8055086,1.0,1.0,0.36969715,0.0648841,1.0
0.4757545,0.5603749,0.6977068,0.8055086,0.39892256,1.0,0.36969715,0.0689341,2.0
0.04701814,0.25137007,0.2712788,0.44189048,1.0000001,0.011198251,0.114486545,0.32906568,0.0
0.14106189,0.34318897,0.31331882,0.5393015,1.0,0.05276989,0.29510218,0.425102,0.0
0.8959852,0.8930549,1.0,1.0,0.37660405,1.0,1.0000001,0.29381585,2.0
0.17828046,0.29068178,0.40305942,0.61431754,0.31490907,0.08153154,0.1217764,0.28248125,1.0
0.9190713,0.83324057,1.0,1.0,0.41828626,1.0000001,1.0000001,0.22803235,2.0
0.91267127,0.9307303,1.0000001,1.0,1.0,1.0,1.0000001,0.7596801,3.0
0.81070745,0.94190574,1.0,1.0000001,0.34441996,0.99999994,1.0,0.34637472,3.0
0.2528622,0.32292253,0.28930217,0.5253725,0.55272484,0.21398818,0.36969715,0.39309052,0.0
0.26384825,0.39577514,0.44168526,0.61230206,1.0,0.29240197,0.36969715,0.4536053,1.0
0.21317387,0.3312164,0.33208495,0.5497375,0.4398378,0.002429002,0.36969715,0.26758543,0.0
0.02754151,0.20833623,0.3546989,0.45475268,0.3559913,0.08089022,0.33964914,-0.03935621,0.0
0.2985802,0.51555324,0.54390526,0.6332089,1.0000002,0.09380914,0.36969715,0.33205926,0.0
0.051274896,0.23012632,0.28086954,0.5295992,0.5533329,0.12791133,0.2046035,0.14076346,0.0
0.94255376,0.92365015,1.0000001,1.0,0.5296198,1.0,1.0000001,-0.017849598,4.0
0.9597349,0.7578261,1.0,0.99999994,0.5112469,1.0000002,1.0000001,-0.03383302,4.0
0.17866117,0.335836,0.46809793,0.6648564,0.30736482,0.40012532,0.360922,0.35993445,1.0
0.42416042,0.5716084,0.5574626,0.76987594,0.6080557,0.3017821,0.20826524,0.3922518,0.0
0.9430571,0.9643707,1.0000001,1.0,0.51124686,1.0000001,1.0,0.48321638,4.0
0.18777978,0.38203198,0.34950137,0.49655902,0.32253432,0.0691079,0.34463084,0.41830277,0.0
0.8712008,0.6702908,1.0000001,0.9999999,0.5754386,1.0,1.0,0.051158436,2.0
1.0,0.94517446,0.99999994,0.9999999,0.5256206,1.0,1.0000001,0.5345298,2.0
0.12008009,0.3082223,0.31637475,0.4762337,0.43357915,0.029312998,0.1541862,0.20115468,0.0
0.9538828,0.8694123,1.0000001,1.0,0.71574616,1.0,1.0000001,0.54221153,2.0
0.86696553,0.9670172,1.0000002,1.0,0.4071756,1.0000001,0.9999999,0.3636563,1.0
0.08199615,0.31212524,0.32732022,0.56444705,0.32253432,0.34313983,0.17025715,0.066766,0.0
0.934258,0.86377037,0.99999994,1.0,0.4556765,1.0000001,1.0,0.69707763,1.0
0.4875958,0.642772,0.6977068,0.8055086,0.5754386,1.0,0.36969715,0.47416973,2.0
0.15009391,0.18809767,0.27834284,0.45539507,0.4651202,0.13439971,0.11534762,0.39339727,0.0
0.49355575,0.68085116,0.4799455,0.62848735,0.4360875,0.08390109,1.0,0.3201664,1.0
0.9146164,0.8837062,1.0,1.0,0.43357915,1.0000002,1.0,0.3253179,3.0
1.0,0.8307549,1.0,1.0,0.6080557,1.0000001,1.0000001,0.53960526,2.0
-0.009617791,0.23560059,0.28695205,0.47001037,0.55333304,0.1514951,0.16697864,0.62410575,1.0
0.93829083,0.94535357,1.0,1.0,1.0000001,1.0,1.0000001,0.38970366,3.0
0.030455293,0.33996683,0.27187628,0.50970054,0.71574616,0.18539642,0.117881544,1.0000001,0.0
-0.009925742,0.2542382,0.31802058,0.4610514,1.0000001,0.306795,0.24090596,0.0689341,0.0
0.9460633,0.95983577,1.0,1.0,0.6080557,1.0,1.0,0.47480065,3.0
0.09904188,0.33343685,0.30725834,0.43492556,0.71574616,0.11023046,0.22095497,0.4901057,0.0
0.89566404,0.86390525,1.0,1.0,0.3559913,1.0000001,1.0,0.17891881,4.0
0.52107906,0.51366127,0.6977068,0.8055086,0.55272484,1.0,0.36969715,0.08400017,3.0
0.9092119,0.74917495,1.0,1.0000001,0.30736482,1.0,1.0,0.066853404,3.0
0.8512276,0.9321812,1.0,1.0,0.43983787,1.0000001,1.0000001,0.12388573,4.0
0.9165931,0.9230725,1.0,1.0,1.0000001,1.0000001,1.0000001,0.12137157,2.0
0.880361,0.8920868,1.0,1.0000001,0.40647385,1.0000001,1.0000001,0.12421048,1.0
0.8444588,0.9370294,1.0000002,1.0,0.58956575,1.0000001,1.0,0.3636563,2.0
0.9016527,0.98479134,1.0,1.0000001,0.30736488,1.0000001,1.0000001,0.7522148,3.0
0.08449211,0.22268464,0.3180551,0.4649248,0.71574616,0.30600256,0.42110777,0.2634442,0.0
0.9439405,0.8154631,1.0,1.0,0.4706548,1.0000002,1.0000001,0.47158292,4.0
0.92827845,0.86744815,1.0,1.0,0.71574616,1.0,1.0000001,0.41708517,2.0
0.90857875,0.6999926,1.0000001,0.9999999,0.5296198,1.0,1.0,0.21951464,3.0
0.90036905,0.8851375,1.0000002,1.0,0.3852564,1.0,1.0,0.3481918,3.0
0.865051,0.60359323,1.0000001,0.9999999,0.55333304,1.0,1.0,-0.013264746,3.0
0.30479196,0.40556568,0.5684273,0.71258426,0.46512017,0.43055624,0.20826524,0.066766,0.0
0.16045265,0.36015797,0.28882664,0.44039094,0.5296198,0.096192494,0.30226368,0.12388573,0.0
0.15894279,0.5108141,0.32096067,0.5252631,0.29535645,0.09042545,0.2956028,1.0,0.0
0.07726291,0.3668139,0.23857573,0.5536287,0.5112469,0.077673,0.34463084,0.34212545,0.0
1.0,0.9782151,1.0,1.0000001,1.0000001,1.0,1.0,0.38750705,3.0
0.48919758,0.6512986,0.6977068,0.8055086,0.5296198,1.0,0.36969715,0.44462287,2.0
0.9306525,0.94975084,1.0,1.0000001,0.41828626,1.0,1.0,0.7522148,2.0
0.07058184,0.2516172,0.21910718,0.45859444,0.55333304,0.024745896,0.38121843,0.4560963,0.0
0.17908995,0.394549,0.27235767,0.5300844,0.5112469,0.115213156,0.20826524,0.3439222,0.0
0.32882094,0.2697515,0.4007666,0.5354778,0.5256206,0.32299632,0.22447549,0.27935255,0.0
0.9036009,0.94999146,1.0000001,0.9999999,0.55333304,1.0,1.0,0.19010958,2.0
0.9133314,0.86775786,1.0,1.0,0.40717554,1.0000001,1.0,0.36829793,3.0
0.06839546,0.28254858,0.30416846,0.45900017,0.46512017,0.5049076,0.050903037,0.41564944,0.0
0.079993576,0.42241263,0.28387547,0.4167172,0.38525635,0.01668911,0.22447549,0.066766,0.0
0.118504986,0.22633716,0.30011508,0.48215058,0.6080557,0.14590293,0.24090596,0.27102408,0.0
0.0516735,0.28481603,0.24833304,0.43715516,0.55333304,0.08457679,0.117881544,0.2538785,0.0
0.88180995,0.7989166,1.0,1.0,0.58956575,1.0,1.0000001,-0.05198829,3.0
0.1367818,0.2906908,0.35910675,0.5109053,0.35599113,0.19157328,0.23263696,0.47724825,1.0
0.95866615,0.94764316,1.0,1.0,0.5112469,1.0,1.0,0.7082058,3.0
0.8535887,0.5862547,1.0000001,0.9999999,0.39837086,1.0,1.0,0.046377435,3.0
0.91042703,0.8492571,1.0,1.0000001,0.5296198,1.0000001,1.0000001,0.27512532,2.0
0.020000484,0.3292204,0.23857573,0.5536287,1.0000001,0.07767302,0.34463084,0.43019584,0.0
0.8556606,0.84851414,1.0000002,1.0,0.432464,1.0000001,1.0,0.24376565,2.0
0.067880094,0.24074718,0.27207685,0.41485333,0.4398378,0.29184896,0.114486545,0.4664908,0.0
0.48829943,0.44569698,0.43603313,0.57927614,0.4398378,0.16564932,1.0000001,0.33937234,0.0
0.2028662,0.44024673,0.43631285,0.6421515,0.58900136,0.30855715,0.36969715,0.42510968,0.0
0.46775356,0.696084,0.6977068,0.8055086,0.38525632,1.0,0.36969715,0.7463634,2.0
0.26717424,0.59685564,0.4683593,0.6927743,0.4556765,0.30855718,0.36969715,0.26792857,1.0
0.8731213,0.86693525,1.0,1.0,1.0000001,1.0000001,1.0,0.22803235,2.0
0.83216876,0.8210057,1.0000002,1.0,0.55272484,1.0000001,1.0,0.10765773,4.0
0.2190556,0.42723238,0.43721497,0.5940509,1.0,0.37942123,0.30226368,0.24866715,0.0
0.8331056,0.76208866,0.99999994,1.0,0.432464,1.0,1.0,0.2719448,2.0
0.16944382,0.22302167,0.37751365,0.47655043,0.5296198,0.024819592,0.4017225,0.046377435,0.0
0.30320024,0.326824,0.48240787,0.6544773,1.0000001,0.29240194,0.33964914,-0.03935621,0.0
0.26554286,0.38194144,0.28930217,0.5253725,0.43983787,0.21398818,0.36969715,0.25019377,0.0
0.037995853,0.13283461,0.23302242,0.44944972,0.46512017,0.1338974,0.23263696,0.3607095,0.0
1.0000001,0.7231366,1.0,1.0000001,1.0000001,0.99999994,1.0,0.19390142,1.0
0.9284131,0.80659246,1.0000002,1.0,0.31490907,1.0000001,1.0,0.3339054,4.0
0.931771,1.0,1.0000001,1.0,0.5754386,1.0,1.0000001,0.44462284,3.0
0.22589314,0.35365123,0.32973143,0.46312076,0.3852564,0.22215326,0.33964914,0.33937234,0.0
0.90881705,0.9035762,1.0000002,1.0,0.58900136,1.0000001,1.0,0.091384,3.0
0.3161378,0.39657444,0.40855527,0.63566566,0.5256206,0.11726366,0.22620225,0.2578912,0.0
0.88697696,0.86565566,0.99999994,0.9999999,0.5296198,1.0,1.0000001,0.18435243,3.0
0.92591727,0.7539086,1.0000001,1.0,0.558216,1.0000001,1.0,0.34923184,3.0
0.13999125,0.37849838,0.38103575,0.55718756,0.31490907,0.18955627,0.23263696,0.67553765,0.0
0.09281559,0.20471522,0.32732022,0.56444705,0.58956575,0.34313983,0.17025715,0.0767778,0.0
0.5193218,0.5997964,0.5236163,0.670569,1.0000001,0.046236515,1.0,0.42510965,0.0
-0.012360208,0.19822982,0.28086954,0.5295992,0.43357915,0.12791133,0.2046035,0.074028715,0.0
0.10944711,0.34576428,0.24123377,0.5212564,0.35599113,0.16421753,0.29510218,0.3619361,0.0
0.9810246,0.77731943,1.0000001,1.0,0.4556765,1.0000001,1.0,0.65146184,2.0
0.20581222,0.359236,0.49876294,0.6530659,0.5754386,0.5358374,0.23263696,0.2719449,0.0
0.3352818,0.43572754,0.26954365,0.498812,0.4818779,-0.0020789308,1.0,0.26758543,0.0
0.93735164,0.8739555,1.0,1.0000002,1.0000001,1.0,1.0,0.3649295,3.0
0.07318004,0.28465313,0.44116342,0.6237925,0.39837074,0.15460788,0.07367286,0.21993211,0.0
0.19587415,0.510672,0.5219674,0.67012554,0.4818779,0.3869536,0.33964914,1.0000001,1.0
0.9187156,0.9364158,1.0,1.0000002,0.58956575,1.0000001,1.0,0.59534883,4.0
0.8763921,0.86565566,0.99999994,0.9999999,0.71574616,1.0,1.0000001,0.18975917,3.0
0.4489588,0.68245155,0.6977068,0.8055086,0.40717554,1.0000001,0.36969715,0.42107314,4.0
0.066459045,0.3125014,0.23808864,0.43646097,0.43357915,-0.021365564,0.117881544,0.59534883,0.0
0.09920438,0.41126114,0.23808864,0.43646097,1.0,-0.021365585,0.117881544,0.34545612,0.0
0.871747,0.83951235,1.0,1.0,0.32253432,1.0000002,1.0,0.28876558,3.0
0.8177892,0.7977681,0.99999994,0.9999999,0.34441996,1.0,1.0000001,0.3144312,3.0
0.8136157,0.9702437,1.0,1.0,0.30736488,1.0,1.0,1.0000001,1.0
0.21473181,0.39172217,0.53668475,0.6380856,0.37660405,0.37859404,0.30226368,0.27294677,0.0
0.0650326,0.38251352,0.23433378,0.50327986,0.29535645,0.0108355805,0.24090596,0.40014625,0.0
0.96611166,0.86206436,1.0,1.0,0.58900136,1.0000001,1.0000001,0.38482207,3.0
0.1301242,0.33059406,0.24846172,0.4958983,1.0000001,0.024745896,0.1498338,0.31847277,0.0
0.45771515,0.7455279,0.7104496,0.85994256,0.45439246,1.0,0.2956029,0.425102,0.0
0.49680725,0.6176454,0.6977068,0.8055086,0.55272484,1.0,0.36969715,0.26758543,1.0
0.8959852,0.71330714,1.0,1.0,0.432464,1.0,1.0000001,0.2887656,3.0
0.89983606,0.7542016,1.0,1.0,0.41828626,1.0000001,1.0000001,0.33892828,4.0
0.93144345,0.9018907,1.0,1.0,0.26874602,1.0,1.0,0.29381585,1.0
0.2253671,0.4278152,0.4949477,0.6387526,1.0,0.6400837,0.12177644,0.5762742,0.0
0.9313047,0.83577764,1.0,1.0000002,0.5754386,1.0,1.0,0.4536053,2.0
0.03075012,0.24315636,0.25503397,0.46857306,0.55333304,0.045618236,0.42110777,0.34235144,0.0
0.94395995,0.78455305,1.0,0.99999994,0.5533329,1.0000002,1.0000001,0.24866715,3.0
1.0000001,0.76371956,1.0000001,1.0000001,0.4483546,1.0000001,1.0,0.39339727,2.0
0.94762796,0.82679737,1.0000001,1.0,0.47065473,1.0,1.0,0.42107305,4.0
0.17235857,0.32382566,0.23433378,0.50327986,0.558216,0.010835564,0.24090596,0.37721395,0.0
0.033719845,0.2783501,0.2286784,0.47166,0.5659551,0.099522755,0.117881544,0.41795135,0.0
0.95462984,0.7524711,1.0,0.99999994,0.30736488,1.0000002,1.0000001,0.19390142,2.0
0.9313319,0.7646261,1.0,1.0000002,0.4651202,1.0,1.0,0.37721395,3.0
0.94861686,0.8951123,1.0000001,1.0,0.558216,1.0,1.0000001,0.41795135,3.0
0.09044209,0.310894,0.31637475,0.4762337,0.565955,0.029312998,0.1541862,0.45204934,0.0
0.24676009,0.31974423,0.48240787,0.6544773,0.5256206,0.29240197,0.33964914,0.30487594,0.0
0.18593991,0.24831754,0.31688654,0.52392316,0.71574616,0.3474036,0.34463084,0.0045092627,0.0
0.14016517,0.35815698,0.28869334,0.50026697,0.5659551,0.0786598,0.050903007,0.3428315,0.0
0.20086777,0.44201416,0.5107913,0.66293395,1.0,0.17287272,0.22620225,0.43174052,1.0
0.17294657,0.37552112,0.39277005,0.5839281,1.0000002,0.078463405,0.29510218,0.42598838,0.0
0.83905876,0.82453525,1.0,1.0,0.4556765,1.0,1.0,0.27552846,2.0
0.9374179,0.8920868,1.0,1.0000001,0.58956575,1.0000001,1.0000001,0.2578912,3.0
1.0000001,0.85419065,1.0000001,1.0,0.6080557,1.0000001,1.0000001,0.45487815,3.0
0.09816365,0.2703765,0.39639592,0.49093908,0.5296198,0.18955627,0.1541862,0.6019701,0.0
0.8819227,0.88407826,1.0,1.0000002,0.5256206,1.0000001,1.0,0.17891881,2.0
1.0000001,0.8157207,1.0,1.0000001,0.5754386,1.0000001,1.0000001,0.14529347,4.0
0.81572545,0.7494241,1.0000001,1.0000001,0.55333304,1.0,1.0000001,0.4456833,2.0
0.42780817,0.6451266,0.5643232,0.70272624,0.58900136,0.42033064,0.32592618,0.09682163,1.0
0.8764339,0.8328686,1.0,1.0,0.565955,1.0,1.0000001,0.3448121,3.0
0.16572773,0.34561068,0.2869972,0.54927766,0.4818779,0.30129045,0.36969715,0.37176937,0.0
0.92462975,0.94076353,1.0000001,1.0,0.3559913,1.0,1.0000001,0.99999994,3.0
0.101721935,0.37614638,0.32099697,0.54260176,0.41828632,0.05858847,0.22095497,0.39749324,0.0
1.0000001,0.8358432,1.0,1.0,0.5754386,1.0000002,1.0000001,0.2578912,1.0
0.77654743,0.8219998,1.0000002,1.0,0.3559913,1.0,0.9999999,0.37721395,3.0
-0.02605448,0.24637385,0.2286784,0.47166,0.31490907,0.099522755,0.117881544,0.3253179,0.0
0.07236813,0.19248666,0.37325487,0.5715569,0.4360875,0.06502897,0.2562733,0.34408277,0.0
0.9195167,0.8597299,1.0,1.0000002,0.4071756,1.0,1.0,0.28477052,1.0
0.8877437,0.8117469,1.0000001,1.0,0.40647385,1.0,1.0000001,0.48497993,3.0
