pair_id,project_A_id,project_B_id,same_semantic_family,baseline_lexical_overlap_proxy,expert_similarity_label,similarity_category,title_similarity,abstract_similarity,problem_similarity,objectives_similarity,methodology_similarity,dataset_similarity,algorithm_similarity,technology_similarity
PAIR-0001,SYN-0033,SYN-0119,0,0.7778,0,Not Similar,0.00617971644502742,0.29865307658244467,0.524604011870906,0.44816951274978134,0.040157584397110896,0.0,0.0,0.21537551927794102
PAIR-0002,SYN-0368,SYN-0009,0,0.6512,0,Not Similar,0.0041998540131229336,0.23970640760371797,0.34340571731446357,0.3011525460002192,0.04581509736903244,0.11165288794774934,0.0,0.017200597411476875
PAIR-0003,SYN-0309,SYN-0337,0,0.7368,0,Not Similar,0.005283038708642234,0.25099130522046786,0.48998486001649594,0.44133399095650827,0.0029950390026826923,0.0,0.0,0.019750041312171514
PAIR-0004,SYN-0510,SYN-0295,0,0.725,0,Not Similar,0.06074158389443032,0.2184125402973847,0.42179261089689,0.39753370491029105,0.0444595271076699,0.05064771195628793,0.0,0.024159678645707627
PAIR-0007,SYN-0132,SYN-0496,0,0.6829,0,Not Similar,0.005336955888665162,0.22628759605319004,0.4189085984579357,0.3724708948062756,0.02503632546002444,0.0,0.0,0.018409388231407465
PAIR-0008,SYN-0363,SYN-0144,0,0.6829,0,Not Similar,0.004897587952746115,0.2320023032181113,0.45902179213893174,0.41111716441808516,0.042053812304518705,0.0,0.0,0.02665464178516917
PAIR-0010,SYN-0553,SYN-0375,0,0.725,0,Not Similar,0.0783869496203988,0.2939095944540526,0.4344665973423876,0.3871458814877095,0.0444595271076699,0.09199070778261428,1.0,0.02364082291340125
PAIR-0011,SYN-0507,SYN-0227,0,0.7568,0,Not Similar,0.00473955021453317,0.23108113559275612,0.49976876757660094,0.4250766977326459,0.03708340816645848,0.0,0.0,0.0
PAIR-0014,SYN-0123,SYN-0405,0,0.7568,0,Not Similar,0.007990554819758147,0.2819705815482961,0.5499456710897258,0.5013187710201709,0.02503632546002444,0.0,0.0,0.016409223945179695
PAIR-0025,SYN-0384,SYN-0072,0,0.7436,0,Not Similar,0.07341486047997438,0.2839690913422453,0.5146680543122369,0.4714855662487583,0.06827013080437296,0.03734041686399041,0.0,0.03497808560968547
PAIR-0026,SYN-0323,SYN-0040,0,0.7368,0,Not Similar,0.004522155088367766,0.23659057365112568,0.43335907309126054,0.38607940355818227,0.0030491727376322384,0.09516791999056616,0.0,0.08303417564128915
PAIR-0027,SYN-0203,SYN-0187,0,0.6512,0,Not Similar,0.003913596241972353,0.20977100069500346,0.3511777754767111,0.30854067799870555,0.015562708906446683,0.0,0.0,0.0
PAIR-0028,SYN-0049,SYN-0546,0,0.8108,0,Not Similar,0.14879393980088343,0.26746168329872494,0.4730570113864039,0.42468009348681957,0.03905908140646072,0.0,1.0,0.44926535322823086
PAIR-0031,SYN-0359,SYN-0573,0,0.7,0,Not Similar,0.005448832290597934,0.21632146122282436,0.4608839482125023,0.4128097282723312,0.03708340816645848,0.037926987238790115,0.0,0.019871130360628916
PAIR-0033,SYN-0374,SYN-0113,0,0.7368,0,Not Similar,0.005474446525843728,0.22687384057020243,0.44544930964844565,0.39781457340277854,0.042053812304518705,0.0,0.0,0.017875046878487164
PAIR-0035,SYN-0578,SYN-0037,0,0.7368,0,Not Similar,0.005433009212559285,0.20533698911347986,0.44431378872209576,0.3967187062300534,0.014864848687586085,0.03071281763612688,0.0,0.02343978103979647
PAIR-0036,SYN-0059,SYN-0079,0,0.8056,0,Not Similar,0.06515766489738209,0.3277403599290326,0.5646217979238033,0.5211191475547577,0.040157584397110896,0.0,0.0,0.02625863999715187
PAIR-0037,SYN-0364,SYN-0028,0,0.7838,0,Not Similar,0.07052740324355218,0.2855313823416312,0.5592938258233069,0.5157383563843324,0.015562708906446683,0.0,0.0,0.02174242090845897
PAIR-0041,SYN-0443,SYN-0312,0,0.8056,0,Not Similar,0.05663396460729304,0.24440148680563378,0.5592938258233069,0.5157383563843324,0.023892081866768083,0.0,0.0,0.03497808560968547
PAIR-0044,SYN-0208,SYN-0080,0,0.8056,0,Not Similar,0.05547994919939345,0.28586384527544306,0.5592938258233069,0.5157383563843324,0.013112892679882186,0.0,0.0,0.015172806274924506
PAIR-0045,SYN-0094,SYN-0329,0,0.7,0,Not Similar,0.004843377495596516,0.2412908217304686,0.3882288647949541,0.34289103082054395,0.042053812304518705,0.046291527794522724,0.0,0.02665464178516917
PAIR-0049,SYN-0235,SYN-0270,0,0.7568,0,Not Similar,0.004993340926751109,0.27067775996864474,0.47645757718901105,0.4280107491901335,0.02086270648700225,0.0,0.0,1.0000000000000002
PAIR-0050,SYN-0437,SYN-0293,0,0.7436,0,Not Similar,0.058113850613122124,0.1914917329359065,0.4411426390796242,0.39363155614324646,0.023892081866768083,0.0,0.0,0.017742892563273268
PAIR-0051,SYN-0161,SYN-0069,0,0.6829,0,Not Similar,0.005297440703009637,0.2703279139788426,0.4060318238998258,0.3619530537903923,0.9999999999999989,0.0,0.0,0.0
PAIR-0052,SYN-0455,SYN-0116,0,0.7778,0,Not Similar,0.006029752635048249,0.19864166270134836,0.5009545252288986,0.42617240118542826,0.014864848687586085,0.0,0.0,0.02585968519858831
PAIR-0053,SYN-0259,SYN-0512,0,0.7632,0,Not Similar,0.06091393773760505,0.27880216568539395,0.5298792275420138,0.4867662938172736,0.02655764372180957,0.03734041686399041,0.0,0.4574852573905224
PAIR-0059,SYN-0427,SYN-0063,0,0.7568,0,Not Similar,0.006558376282522429,0.19672862048717904,0.4725462034905211,0.4241721657197217,0.02503632546002444,0.0,0.0,0.017200597411476875
PAIR-0061,SYN-0461,SYN-0316,0,0.6512,0,Not Similar,0.004604360916518487,0.19061823579435486,0.36429525079286457,0.3211057014736018,0.0444595271076699,0.0,0.0,0.020154420298496907
PAIR-0063,SYN-0321,SYN-0510,0,0.7,0,Not Similar,0.005496837207626518,0.21672472685476257,0.42179261089689,0.39753370491029105,0.06001087285043441,0.05064771195628793,0.0,0.0
PAIR-0065,SYN-0468,SYN-0099,0,0.7895,0,Not Similar,0.15189096334143845,0.3149783615585688,0.47809925691500105,0.4296210089114079,0.03905908140646072,0.0,1.0,0.036177268971577074
PAIR-0066,SYN-0059,SYN-0130,0,0.7632,0,Not Similar,0.0920434844717209,0.2944766127230635,0.4969187299197578,0.4481725008104974,0.040157584397110896,0.0,0.0,0.020655225107562996
PAIR-0067,SYN-0453,SYN-0436,0,0.7179,0,Not Similar,0.005714030432861749,0.23175955777492593,0.45710042279617624,0.40910747405939385,1.0000000000000013,0.0,0.0,0.0
PAIR-0070,SYN-0034,SYN-0409,0,0.7,0,Not Similar,0.0050976721352195345,0.2291294398432285,0.44584471397933656,0.3982112391968711,0.0531946842739727,0.04436352704187294,0.0,0.02370454317952591
PAIR-0072,SYN-0256,SYN-0287,0,0.8611,0,Not Similar,0.22548683438859918,0.35598022827963394,0.4730570113864039,0.42468009348681957,1.0000000000000016,0.0,1.0,0.0
PAIR-0079,SYN-0481,SYN-0264,0,0.6829,0,Not Similar,0.004403354818872781,0.2016155378664186,0.3959582833996004,0.33151044551688696,0.03708340816645848,0.0,0.0,0.022557989739406925
PAIR-0082,SYN-0098,SYN-0414,0,0.7436,0,Not Similar,0.06916291408971847,0.2461485375134486,0.5298792275420138,0.4867662938172736,0.0690597706857835,0.03734041686399041,0.0,0.024159678645707627
PAIR-0083,SYN-0057,SYN-0125,0,0.7073,0,Not Similar,0.19489405856414177,0.24420204553407335,0.36429525079286457,0.3211057014736018,0.07191136188695764,0.0,0.0,0.022233220731288215
PAIR-0084,SYN-0445,SYN-0069,0,0.6829,0,Not Similar,0.0052196509247498645,0.22108613000860347,0.4060318238998258,0.3619530537903923,0.014864848687586085,0.0,0.0,0.02948221512356881
PAIR-0085,SYN-0173,SYN-0499,0,0.8571,0,Not Similar,0.21194607880547234,0.3780641461312841,0.5938363583482169,0.5511505399506074,0.049443921584745434,0.0,1.0,0.0
PAIR-0089,SYN-0461,SYN-0161,0,0.6512,0,Not Similar,0.00466160950567953,0.19055762093520168,0.36429525079286457,0.3211057014736018,0.019224050344583375,0.0,0.0,0.0
PAIR-0092,SYN-0250,SYN-0022,0,0.7368,0,Not Similar,0.006353015737088621,0.25313516617968473,0.5094694975280976,0.46114939375016023,0.046501162710801125,0.0,0.0,0.29655670359380454
PAIR-0094,SYN-0553,SYN-0387,0,0.7436,0,Not Similar,0.05804687837044585,0.22328009426063458,0.49523522346705984,0.451571685986528,0.0444595271076699,0.0,0.0,0.02364082291340125
PAIR-0095,SYN-0008,SYN-0379,0,0.6829,0,Not Similar,0.004339507578104091,0.21426287513997444,0.41036704463592794,0.3639727276687344,0.013112892679882186,0.03837997978693925,0.0,0.020568054634403816
PAIR-0096,SYN-0409,SYN-0485,0,0.7436,0,Not Similar,0.07146869490844049,0.35824243657826926,0.5522900853919535,0.5092840117409115,1.0000000000000013,0.05350850773039705,0.0,0.023129804867103716
PAIR-0101,SYN-0194,SYN-0152,0,0.7632,0,Not Similar,0.18629214397960647,0.23495544985891897,0.4442995718499327,0.39664367558937247,0.07191136188695764,0.03030094937905793,0.0,0.020568054634403816
PAIR-0102,SYN-0442,SYN-0025,0,0.7179,0,Not Similar,0.007134828410745034,0.2357989048361325,0.4990444018903101,0.4503020421345302,0.028472967256605038,0.0,0.0,0.6317035890563092
PAIR-0104,SYN-0537,SYN-0183,0,0.7568,0,Not Similar,0.00727324279880403,0.27158666113896557,0.5228903707324287,0.47400263933451325,0.028472967256605038,0.0,0.0,0.021471168273774932
PAIR-0106,SYN-0281,SYN-0470,0,0.7179,0,Not Similar,0.004021277007252007,0.2048473878150475,0.4005095065481745,0.3546861623944933,0.08287688990740738,0.04040556075001738,0.0,0.0
PAIR-0107,SYN-0207,SYN-0089,0,0.7179,0,Not Similar,0.0060709034637171635,0.2587569240747017,0.48651245241570834,0.4379194779822781,0.06827013080437296,0.03831187095366925,0.0,0.018220553083533337
PAIR-0108,SYN-0357,SYN-0599,0,0.7179,0,Not Similar,0.005081222415834229,0.20242211528985607,0.46361037713722314,0.41546133029120713,0.039181891032583294,0.03192283410097138,0.0,0.03188682943148883
PAIR-0114,SYN-0279,SYN-0042,0,0.7,0,Not Similar,0.0057349948281662805,0.24348954933671388,0.4232159660657988,0.3763339749982376,0.06268000853599372,0.03230411421353332,0.0,0.32469294845640106
PAIR-0116,SYN-0530,SYN-0592,0,0.7632,0,Not Similar,0.08030710781397622,0.245908005807846,0.4442995718499327,0.39664367558937247,0.9999999999999999,0.03030094937905793,0.0,0.08303417564128915
PAIR-0117,SYN-0029,SYN-0217,0,0.7895,0,Not Similar,0.159530488930965,0.32224231719756735,0.47809925691500105,0.45525913780589694,0.015562708906446683,0.04478154128094414,1.0,0.016412815599009017
PAIR-0119,SYN-0595,SYN-0410,0,0.7,0,Not Similar,0.005437614567590636,0.28455816102204534,0.4771256256913217,0.4288010297453419,1.0000000000000004,0.0419916614064972,0.0,0.02470974697254518
PAIR-0121,SYN-0375,SYN-0145,0,0.7568,0,Not Similar,0.005462207515252569,0.2226434039435595,0.5009545252288986,0.42617240118542826,0.06268000853599372,0.0,0.0,0.028380790097580808
PAIR-0122,SYN-0337,SYN-0520,0,0.8108,0,Not Similar,0.12964544464176836,0.3175006372052821,0.4922296280484471,0.44354491679923197,0.039181891032583294,0.0,1.0,0.0
PAIR-0125,SYN-0311,SYN-0168,0,0.7,0,Not Similar,0.00600131418146108,0.26599403440430963,0.4745173136143628,0.4261752425857773,0.11073703106740922,0.03779809707262431,0.0,0.32469294845640106
PAIR-0127,SYN-0526,SYN-0216,0,0.7179,0,Not Similar,0.004190855780571644,0.19624927966231584,0.4202789453930888,0.37346683032938593,0.0444595271076699,0.0,0.0,0.026846898342445417
PAIR-0129,SYN-0380,SYN-0149,0,0.7568,0,Not Similar,0.008013879272035937,0.30934974445253266,0.5499456710897258,0.5013187710201709,0.0030491727376322384,0.0,0.0,0.0
PAIR-0130,SYN-0231,SYN-0454,0,0.7,0,Not Similar,0.005051402898953652,0.18511906421483187,0.4474850098685069,0.3998119716307699,0.03179744592877114,0.0,0.0,0.01801521310499749
PAIR-0132,SYN-0264,SYN-0021,0,0.6364,0,Not Similar,0.004026400877504301,0.24665636866786564,0.36429525079286457,0.3211057014736018,0.046501162710801125,0.0,0.0,0.029609142236370657
PAIR-0134,SYN-0002,SYN-0542,0,0.7436,0,Not Similar,0.05498778540376756,0.21554868189660065,0.5297091489444566,0.4858483035925779,0.019224050344583375,0.0,0.0,0.02470974697254518
PAIR-0139,SYN-0333,SYN-0424,0,0.6829,0,Not Similar,0.0050919301215376035,0.22300360144673365,0.45710042279617624,0.43352143411737726,0.03708340816645848,0.0419916614064972,0.0,0.2630418923512479
PAIR-0140,SYN-0381,SYN-0578,0,0.7,0,Not Similar,0.004359175156411085,0.373423984726344,0.39659248475232095,0.3508660177041546,0.02655764372180957,0.042895243667226246,0.0,1.0
PAIR-0145,SYN-0384,SYN-0149,0,0.7632,0,Not Similar,0.08056326383502391,0.3105380625978966,0.5522900853919535,0.5092840117409115,0.06827013080437296,0.05350850773039705,0.0,0.0
PAIR-0150,SYN-0320,SYN-0193,0,0.7368,0,Not Similar,0.006045252996035707,0.21954420916698345,0.44544930964844565,0.39781457340277854,0.042053812304518705,0.0,0.0,0.03568957878641582
PAIR-0153,SYN-0123,SYN-0340,0,0.7368,0,Not Similar,0.005465199302518996,0.33413367707695685,0.4975001122225733,0.4487683784200657,0.013112892679882186,0.21851121952349303,0.0,0.016409223945179695
PAIR-0155,SYN-0063,SYN-0571,0,0.8286,0,Not Similar,0.2488716308281026,0.3783512769685617,0.55549160753947,0.5121550585711435,0.014864848687586085,0.0,1.0,0.017724769246968242
PAIR-0156,SYN-0425,SYN-0133,0,0.7368,0,Not Similar,0.006219587942789791,0.2059443085070651,0.47645757718901105,0.4280107491901335,0.014864848687586085,0.03275334351532755,0.0,0.0
PAIR-0161,SYN-0093,SYN-0187,0,0.7,0,Not Similar,0.00455533485061892,0.28161555783999365,0.3959582833996004,0.33151044551688696,0.0640695419242022,0.0,0.0,0.029609142236370657
PAIR-0162,SYN-0267,SYN-0571,0,0.8056,0,Not Similar,0.058163737353550744,0.2239163006466852,0.4724774032441351,0.42440895149146396,0.02655764372180957,0.0,0.0,0.018243406146261985
PAIR-0169,SYN-0125,SYN-0599,0,0.7895,0,Not Similar,0.14708689872975153,0.3009006173538934,0.47809925691500105,0.4296210089114079,0.03992883593314474,0.047310991064681375,1.0,0.03614965955181639
PAIR-0171,SYN-0549,SYN-0322,0,0.6829,0,Not Similar,0.004509382517309825,0.18060992804264853,0.36304434709692474,0.31990216727338894,0.0444595271076699,0.0,0.0,0.02023816792343047
PAIR-0172,SYN-0489,SYN-0175,0,0.7368,0,Not Similar,0.006778484064998673,0.2510596005987245,0.48821221186537367,0.4396287964275035,0.028472967256605038,0.0,0.0,0.0
PAIR-0173,SYN-0451,SYN-0281,0,0.7568,0,Not Similar,0.0045119387321468085,0.2144518248830993,0.45553084809805267,0.4075741009852525,0.023892081866768083,0.03071281763612688,0.0,0.02612361736736085
PAIR-0175,SYN-0221,SYN-0388,0,0.7179,0,Not Similar,0.005818950174931345,0.275501546162811,0.46537681329910613,0.4173802735244017,0.02086270648700225,0.0,0.0,0.03047855538189337
PAIR-0176,SYN-0257,SYN-0124,0,0.7368,0,Not Similar,0.005011734930531814,0.2117882198383169,0.4614961245717988,0.4133903919104413,0.0030491727376322384,0.0,0.0,0.03047855538189337
PAIR-0178,SYN-0459,SYN-0120,0,0.7179,0,Not Similar,0.006342124425121244,0.2511174170546844,0.4541528856887506,0.4065042288916759,0.03992883593314474,0.046291527794522724,0.0,0.29655670359380454
PAIR-0180,SYN-0555,SYN-0357,0,0.8056,0,Not Similar,0.05303896982366178,0.23365584055336472,0.5082942078071163,0.46470306987841087,0.06001087285043441,0.025850726713370836,0.0,0.02023816792343047
PAIR-0184,SYN-0502,SYN-0472,0,0.7436,0,Not Similar,0.07537739362132874,0.25277849948651204,0.45710042279617624,0.43352143411737726,1.0000000000000004,0.0,0.0,0.0
PAIR-0185,SYN-0408,SYN-0497,0,0.6364,0,Not Similar,0.004315040611443594,0.2448319804543255,0.35325522089109906,0.3105225283008063,0.09426056986529957,0.14834632117724156,0.0,0.018123232741797057
PAIR-0186,SYN-0209,SYN-0508,0,0.725,0,Not Similar,0.055854127642846516,0.253888888683703,0.48577085974974804,0.44229674156712695,0.05903918098534239,0.0,0.0,0.0
PAIR-0188,SYN-0476,SYN-0426,0,0.7,0,Not Similar,0.00585053293878258,0.26722214513453113,0.46089540755965913,0.4374307226738937,0.09426056986529957,0.035777247660797,0.0,0.013055939814219647
PAIR-0189,SYN-0573,SYN-0142,0,0.7179,0,Not Similar,0.005833182033304254,0.21264640830794865,0.46471034493841296,0.4165322485902475,0.019224050344583375,0.03231411118351536,0.0,0.01957484174585062
PAIR-0191,SYN-0230,SYN-0579,0,0.7,0,Not Similar,0.005400076709686648,0.2076197455116971,0.44227005558321997,0.3947188955949849,0.02655764372180957,0.0,0.0,0.02291075697266481
PAIR-0195,SYN-0596,SYN-0489,0,0.8108,0,Not Similar,0.161123518425439,0.3587067187433984,0.48304012310994227,0.43451171542095623,0.060635219401191216,0.0,1.0,0.01901456396459118
PAIR-0196,SYN-0455,SYN-0401,0,0.8286,0,Not Similar,0.10113822905999523,0.24082834046687054,0.5153876793766773,0.4395640855831881,0.09426056986529957,0.0,0.0,0.028087370201234824
PAIR-0197,SYN-0329,SYN-0271,0,0.7179,0,Not Similar,0.005605231980119392,0.25813326382004514,0.40998053619065883,0.3637172639625172,0.02390512074852718,0.03654710732438736,0.0,0.044776474247134976
PAIR-0199,SYN-0485,SYN-0215,0,0.7,0,Not Similar,0.005295744473055063,0.23218166153763656,0.4639367077660931,0.41595873659864513,0.08287688990740738,0.042895243667226246,0.0,0.0
PAIR-0201,SYN-0221,SYN-0463,0,0.7179,0,Not Similar,0.005403188569249208,0.19625098363872084,0.4411426390796242,0.39363155614324646,0.03708340816645848,0.0,0.0,0.044776474247134976
PAIR-0203,SYN-0101,SYN-0393,0,0.7368,0,Not Similar,0.004253578402333169,0.2162903965591673,0.41108793424970025,0.3648851814480622,0.042053812304518705,0.0,0.0,0.014876932991756952
PAIR-0205,SYN-0266,SYN-0133,0,0.7632,0,Not Similar,0.06813759915711345,0.25219223389067336,0.537205164893244,0.4933765667215076,0.04581509736903244,0.0,0.0,0.02612361736736085
PAIR-0209,SYN-0302,SYN-0278,0,0.7778,0,Not Similar,0.00595137501661235,0.5156753562124198,0.5499456710897258,0.5013187710201709,0.0029950390026826923,0.0,0.0,1.0
PAIR-0210,SYN-0565,SYN-0300,0,0.7568,0,Not Similar,0.006487685448873825,0.2450563428079945,0.5153876793766773,0.4395640855831881,0.0444595271076699,0.0,0.0,0.03013518673394657
PAIR-0212,SYN-0183,SYN-0408,0,0.7838,0,Not Similar,0.07279369853402776,0.25867732230684676,0.540513334234945,0.49713850026419715,0.028472967256605038,0.0,0.0,0.023612261583476846
PAIR-0214,SYN-0590,SYN-0248,0,0.7778,0,Not Similar,0.005152541011654018,0.22462540270321085,0.49976876757660094,0.4250766977326459,0.03708340816645848,0.0,0.0,0.0
PAIR-0215,SYN-0107,SYN-0330,0,0.7179,0,Not Similar,0.007011522706093914,0.3031692113447566,0.4975001122225733,0.4487683784200657,0.06268000853599372,0.21851121952349303,0.0,0.02995514654924541
PAIR-0217,SYN-0119,SYN-0247,0,0.7568,0,Not Similar,0.005602933912468182,0.22352839492014231,0.4845956877720073,0.41111442341312393,0.06827013080437296,0.0,0.0,0.02995514654924541
PAIR-0218,SYN-0513,SYN-0114,0,0.8378,0,Not Similar,0.23240860172821184,0.3739833597844905,0.5307526027437022,0.5157770539176968,0.0531946842739727,0.05238135855837332,1.0,0.0
PAIR-0219,SYN-0413,SYN-0485,0,0.8611,0,Not Similar,0.2973601290633445,0.6883596972665459,0.6910971444099512,0.6599632682944753,0.08578634339055208,0.05064771195628793,1.0,1.0
PAIR-0221,SYN-0329,SYN-0450,0,0.7,0,Not Similar,0.005721404071759145,0.22930199279516056,0.42179261089689,0.39753370491029105,0.08287688990740738,0.05064771195628793,0.0,0.44926535322823086
PAIR-0224,SYN-0566,SYN-0524,0,0.7692,0,Not Similar,0.1475591782333861,0.29501738474207495,0.5639373393031739,0.5268744741314138,0.09426056986529957,0.0,0.19803432424759018,0.02059970172410225
PAIR-0225,SYN-0301,SYN-0122,0,0.7,0,Not Similar,0.004972132048455871,0.2235397381363242,0.3882288647949541,0.34289103082054395,0.06268000853599372,0.046291527794522724,0.0,0.024159678645707627
PAIR-0228,SYN-0042,SYN-0079,0,0.7838,0,Not Similar,0.058948233392380915,0.32160268301644557,0.5105625078370195,0.4671671021250803,0.0640695419242022,0.0,0.0,0.0
PAIR-0233,SYN-0267,SYN-0412,0,0.7368,0,Not Similar,0.004613005060701481,0.1902580581870244,0.4474850098685069,0.3998119716307699,0.02655764372180957,0.0,0.0,0.1883095710199688
PAIR-0234,SYN-0148,SYN-0576,0,0.7,0,Not Similar,0.0042832593097930005,0.17072167588669548,0.40660478138241213,0.36046674756274355,0.028472967256605038,0.0,0.0,0.015124399477681159
PAIR-0236,SYN-0482,SYN-0048,0,0.7,0,Not Similar,0.004683298997776852,0.20680379609829116,0.42072709112212037,0.3739320957976458,0.028472967256605038,0.03837997978693925,0.0,0.10895598826170594
PAIR-0237,SYN-0232,SYN-0451,0,0.7568,0,Not Similar,0.0068596482572437995,0.24982477558412972,0.49324807364925116,0.4445909033270863,0.023892081866768083,0.03626355297263521,0.0,0.016035885744959098
PAIR-0238,SYN-0045,SYN-0260,0,0.7368,0,Not Similar,0.006081731155349861,0.29961370711136387,0.5228903707324287,0.47400263933451325,0.11073703106740922,0.0,0.0,0.02948221512356881
PAIR-0241,SYN-0085,SYN-0332,0,0.7,0,Not Similar,0.005939777382398964,0.24816177991753663,0.482653749356181,0.4341033222836122,0.015562708906446683,0.0,0.0,0.03411335723846008
PAIR-0247,SYN-0191,SYN-0284,0,0.7436,0,Not Similar,0.09157889458479604,0.3242313584540271,0.46656616443686777,0.4185332147220707,0.04581509736903244,0.0,1.0,0.016409223945179695
PAIR-0252,SYN-0363,SYN-0081,0,0.7692,0,Not Similar,0.14082705108175667,0.3450191980241189,0.4922296280484471,0.44354491679923197,0.042053812304518705,0.047310991064681375,1.0,0.017673600647654962
PAIR-0255,SYN-0005,SYN-0247,0,0.7317,0,Not Similar,0.20459256607973125,0.3966787094558231,0.3425303216862907,0.3003229555045231,0.013112892679882186,0.291249776485723,1.0,0.027882694783023843
PAIR-0262,SYN-0479,SYN-0031,0,0.6512,0,Not Similar,0.004215509544615099,0.157702594021707,0.36429525079286457,0.3211057014736018,0.028472967256605038,0.0,0.0,0.026846898342445417
PAIR-0264,SYN-0351,SYN-0231,0,0.7,0,Not Similar,0.005047813976923627,0.35293891624542256,0.4474850098685069,0.3998119716307699,0.02086270648700225,0.0,0.0,0.01801521310499749
PAIR-0265,SYN-0445,SYN-0521,0,0.6512,0,Not Similar,0.004490868517589837,0.22852757514666697,0.3673106064383257,0.32401157587448426,0.08578634339055208,0.0,0.0,0.01767682796916962
PAIR-0267,SYN-0208,SYN-0103,0,0.7778,0,Not Similar,0.005871841350194498,0.2846687619443932,0.5245134742796265,0.4756225410108911,0.06827013080437296,0.0,0.0,0.016479869092091183
PAIR-0268,SYN-0132,SYN-0331,0,0.7,0,Not Similar,0.006376479143170385,0.230961925829774,0.46361037713722314,0.41546133029120713,0.11073703106740922,0.0,0.0,0.2595135950046855
PAIR-0272,SYN-0483,SYN-0238,0,0.6829,0,Not Similar,0.005239784334679523,0.36020101661073206,0.4060318238998258,0.3619530537903923,0.023892081866768083,0.0,0.0,0.0229437323631189
PAIR-0274,SYN-0359,SYN-0442,0,0.7,0,Not Similar,0.005596902531899532,0.21667272902455403,0.4608839482125023,0.4128097282723312,0.03708340816645848,0.0,0.0,0.018409388231407465
PAIR-0280,SYN-0550,SYN-0294,0,0.7,0,Not Similar,0.004810259175438613,0.18976106495554473,0.43088922579536637,0.38368598512983315,0.08287688990740738,0.0,0.0,1.0000000000000002
PAIR-0281,SYN-0009,SYN-0231,0,0.7436,0,Not Similar,0.05561569211973728,0.2374673349869522,0.49523522346705984,0.451571685986528,0.04581509736903244,0.0,0.0,0.017656306835392432
PAIR-0282,SYN-0414,SYN-0070,0,0.7,0,Not Similar,0.005502861378673394,0.22769454432577926,0.43425882172469293,0.38730481044073506,0.0690597706857835,0.05350850773039705,0.0,0.024188902129880382
PAIR-0285,SYN-0474,SYN-0533,0,0.8056,0,Not Similar,0.0727430147939752,0.25356901679982846,0.4845956877720073,0.41111442341312393,0.060635219401191216,0.0,0.0,0.0
PAIR-0286,SYN-0437,SYN-0276,0,0.7368,0,Not Similar,0.006457056242079218,0.45095933975545854,0.5229258229276684,0.474409768560522,0.03179744592877114,0.0,0.0,0.023129804867103716
PAIR-0288,SYN-0051,SYN-0532,0,0.7179,0,Not Similar,0.005423090973490826,0.22947668643870422,0.46537681329910613,0.4173802735244017,0.014864848687586085,0.0,0.0,0.023405360166157498
PAIR-0289,SYN-0330,SYN-0253,0,0.9143,0,Not Similar,0.39705750115056915,0.4003095210880789,0.6420266544314015,0.608900674954166,0.0029950390026826923,0.03610457478966602,1.0,0.037015988051066345
PAIR-0290,SYN-0447,SYN-0297,0,0.7,0,Not Similar,0.005418991924051359,0.20264660367583953,0.4691372912738197,0.4208780045683838,0.0444595271076699,0.0,0.0,0.02593961011781908
PAIR-0292,SYN-0598,SYN-0311,0,0.7692,0,Not Similar,0.15294404059881223,0.33973638141764095,0.4922296280484471,0.44354491679923197,0.023892081866768083,0.0,1.0,0.0
PAIR-0295,SYN-0063,SYN-0215,0,0.7368,0,Not Similar,0.005508517830697247,0.2371772975465699,0.44431378872209576,0.3967187062300534,0.11073703106740922,0.03071281763612688,0.0,0.0
PAIR-0297,SYN-0312,SYN-0299,0,0.7568,0,Not Similar,0.004673482890020761,0.2717741415499174,0.4724774032441351,0.42440895149146396,0.0029950390026826923,0.0,0.0,0.02399865501054785
PAIR-0298,SYN-0170,SYN-0232,0,0.7179,0,Not Similar,0.00613980637765197,0.23144594179213984,0.46537681329910613,0.4173802735244017,0.06268000853599372,0.0,0.0,0.027485872840346967
PAIR-0301,SYN-0544,SYN-0185,0,0.7895,0,Not Similar,0.14967747776650453,0.33413232726024694,0.4922296280484471,0.44354491679923197,0.019224050344583375,0.047310991064681375,1.0,0.0
PAIR-0303,SYN-0063,SYN-0480,0,0.7368,0,Not Similar,0.005416238295929497,0.213067778850177,0.44431378872209576,0.3967187062300534,0.014864848687586085,0.0,0.0,0.02764828167290212
PAIR-0305,SYN-0301,SYN-0007,0,0.8108,0,Not Similar,0.1802390658338191,0.3205493695957376,0.4903984337877252,0.4469113031413651,0.11073703106740922,0.0,1.0,0.023666036849184644
PAIR-0312,SYN-0193,SYN-0361,0,0.7568,0,Not Similar,0.006374547776344023,0.19789507434868575,0.4742847361471279,0.42587725607476545,0.06827013080437296,0.0,0.0,0.020805130054180096
PAIR-0313,SYN-0283,SYN-0465,0,0.7368,0,Not Similar,0.006767423189998008,0.21794952145813576,0.4967685557078483,0.44805743423964034,0.03708340816645848,0.0,0.0,0.02057481448225616
PAIR-0315,SYN-0500,SYN-0563,0,0.7179,0,Not Similar,0.005806843634814731,0.2828032010760766,0.4639367077660931,0.41595873659864513,0.060635219401191216,0.042895243667226246,0.0,0.027440039945625008
PAIR-0316,SYN-0162,SYN-0103,0,0.7179,0,Not Similar,0.005342237364646817,0.25612730515321597,0.4771256256913217,0.4288010297453419,1.0000000000000002,0.0,0.0,0.01841980314797995
PAIR-0322,SYN-0358,SYN-0536,0,0.7,0,Not Similar,0.005566931572405319,0.2322862210525353,0.42179261089689,0.37514641046626596,0.08287688990740738,0.05350850773039705,0.0,0.01769903821319596
PAIR-0328,SYN-0171,SYN-0384,0,0.7568,0,Not Similar,0.0060667172310811665,0.2683279534647749,0.5153876793766773,0.4395640855831881,0.06827013080437296,0.0,0.0,0.023030653080536746
PAIR-0329,SYN-0470,SYN-0406,0,0.725,0,Not Similar,0.09634737533719587,0.33313510540749136,0.3695729472805736,0.3252427518472361,0.09426056986529957,0.04873465668549458,1.0,0.29856181174611696
PAIR-0337,SYN-0509,SYN-0404,0,0.8108,0,Not Similar,0.18166476200836335,0.4059418754023374,0.536979942109825,0.49408931103676806,0.09426056986529957,0.0,1.0,0.018145154556774637
PAIR-0344,SYN-0086,SYN-0156,0,0.7,0,Not Similar,0.005282690670946767,0.28189131359032144,0.45902179213893174,0.41111716441808516,0.0640695419242022,0.04436352704187294,0.0,0.044776474247134976
PAIR-0350,SYN-0446,SYN-0050,0,0.7,0,Not Similar,0.004409797131926556,0.18916934560526555,0.45878212927590284,0.4107520072573971,0.03905908140646072,0.10777665272185173,0.0,0.02470974697254518
PAIR-0354,SYN-0520,SYN-0069,0,0.7838,0,Not Similar,0.07528939206141261,0.2959475100303332,0.5882327072650068,0.5454596610549527,0.014864848687586085,0.0,0.0,0.0
PAIR-0355,SYN-0099,SYN-0109,0,0.6667,0,Not Similar,0.003930629314670472,0.24046346125583393,0.36429525079286457,0.3211057014736018,1.0000000000000002,0.0,0.0,0.03659426228379095
PAIR-0358,SYN-0033,SYN-0517,0,0.7368,0,Not Similar,0.006767788889796723,0.2564526551048883,0.5037984229923048,0.4550001244515577,0.02503632546002444,0.0,0.0,0.022619169202971405
PAIR-0359,SYN-0237,SYN-0313,0,0.7,0,Not Similar,0.005555050212118083,0.25004688938434527,0.4189085984579357,0.3724708948062756,0.02086270648700225,0.0,0.0,0.0268674096194347
PAIR-0362,SYN-0114,SYN-0484,0,0.7,0,Not Similar,0.005699389214105126,0.3351649719912121,0.42179261089689,0.39753370491029105,0.03905908140646072,0.05064771195628793,0.0,0.5738460809602193
PAIR-0363,SYN-0582,SYN-0047,0,0.7179,0,Not Similar,0.005780791928506394,0.22051774970527188,0.46089540755965913,0.41279660922287736,0.049443921584745434,0.03779809707262431,0.0,0.018555918925305972
PAIR-0364,SYN-0402,SYN-0231,0,0.7,0,Not Similar,0.005051402898953652,0.17639378725115698,0.4474850098685069,0.3998119716307699,0.039181891032583294,0.0,0.0,0.013440642456099295
PAIR-0365,SYN-0195,SYN-0066,0,0.7632,0,Not Similar,0.07105457553799042,0.23082563557473132,0.44584471397933656,0.3982112391968711,0.0640695419242022,0.0,0.0,0.0
PAIR-0366,SYN-0587,SYN-0582,0,0.7568,0,Not Similar,0.007297305404023438,0.26541874030148566,0.5136992660519404,0.46530781800778076,0.08578634339055208,0.0,0.0,0.44926535322823086
PAIR-0367,SYN-0166,SYN-0445,0,0.6512,0,Not Similar,0.00451990806216479,0.19635527436556882,0.36429525079286457,0.3402680543203483,0.014864848687586085,0.0,0.0,0.4462166495645672
PAIR-0374,SYN-0260,SYN-0368,0,0.6667,0,Not Similar,0.0044345257609417835,0.3651940714796761,0.386056554472821,0.34223075761296445,0.0029950390026826923,0.0,0.0,1.0000000000000002
PAIR-0375,SYN-0371,SYN-0342,0,0.6905,0,Not Similar,0.05321840333318647,0.24315734244416834,0.3425303216862907,0.3003229555045231,0.02086270648700225,0.0,0.0,0.0
PAIR-0376,SYN-0484,SYN-0474,0,0.7436,0,Not Similar,0.06451805860837238,0.253115899390293,0.39659248475232095,0.3508660177041546,0.9999999999999999,0.042895243667226246,0.0,0.01364408263644671
PAIR-0377,SYN-0361,SYN-0366,0,0.7632,0,Not Similar,0.0675414664589383,0.24873428682531556,0.5297091489444566,0.4858483035925779,0.02086270648700225,0.0,0.0,0.020805130054180096
PAIR-0380,SYN-0331,SYN-0136,0,0.7,0,Not Similar,0.005070451351677144,0.1842852758379291,0.44324791627901516,0.395623891474637,0.06268000853599372,0.0,0.0,0.02057481448225616
PAIR-0381,SYN-0260,SYN-0515,0,0.7368,0,Not Similar,0.006150521550333146,0.23065748771317657,0.4971997995263721,0.4485598693345456,0.08287688990740738,0.0,0.0,0.6584309197916636
PAIR-0382,SYN-0206,SYN-0233,0,0.8108,0,Not Similar,0.18161894382180235,0.3810962890681247,0.5703782210736287,0.5275866613013984,0.02390512074852718,0.05238135855837332,0.0,0.044776474247134976
PAIR-0387,SYN-0346,SYN-0155,0,0.7838,0,Not Similar,0.08198517449159246,0.31349191223424927,0.46656616443686777,0.4185332147220707,0.015562708906446683,0.0,1.0,0.02023816792343047
PAIR-0388,SYN-0196,SYN-0136,0,0.7,0,Not Similar,0.0045675486237855825,0.35635803883879474,0.42979082083158715,0.382629038240879,0.07191136188695764,0.0,0.0,1.0000000000000002
PAIR-0392,SYN-0380,SYN-0578,0,0.7368,0,Not Similar,0.00626080213193054,0.23331582618613284,0.4969242448237574,0.4488670659521536,0.039181891032583294,0.0,0.0,0.014751860857990545
PAIR-0393,SYN-0399,SYN-0314,0,0.8378,0,Not Similar,0.24728242848369142,0.36838802001078347,0.47809925691500105,0.45525913780589694,1.0000000000000002,0.04478154128094414,1.0,0.018194365981857377
PAIR-0398,SYN-0016,SYN-0555,0,0.7368,0,Not Similar,0.005255919174444164,0.27125973834651934,0.4349437884987923,0.38770151357238386,0.0690597706857835,0.35081986666090914,0.0,0.0
PAIR-0399,SYN-0456,SYN-0044,0,0.7,0,Not Similar,0.00487894141394487,0.20556892345288172,0.3882288647949541,0.34289103082054395,0.014864848687586085,0.046291527794522724,0.0,0.020568054634403816
PAIR-0400,SYN-0339,SYN-0182,0,0.7692,0,Not Similar,0.14306941327593853,0.3296346327391418,0.4922296280484471,0.44354491679923197,0.06268000853599372,0.0,1.0,0.027568465466162876
PAIR-0401,SYN-0418,SYN-0048,0,0.7,0,Not Similar,0.004542756043958533,0.30337232942919556,0.4005095065481745,0.3546861623944933,0.028472967256605038,0.04040556075001738,0.0,0.02665464178516917
PAIR-0405,SYN-0074,SYN-0349,0,0.7179,0,Not Similar,0.005112790211306266,0.20735981659620323,0.4442995718499327,0.39664367558937247,0.11073703106740922,0.03030094937905793,0.0,0.024159678645707627
PAIR-0408,SYN-0394,SYN-0508,0,0.6667,0,Not Similar,0.0036168763347297845,0.2076150652904166,0.3353068024704688,0.29349678394573964,0.023892081866768083,0.0,0.0,0.0
PAIR-0409,SYN-0423,SYN-0550,0,0.7,0,Not Similar,0.004838827443073306,0.23067527845307106,0.43088922579536637,0.38368598512983315,0.08578634339055208,0.0,0.0,0.034553118648998994
PAIR-0410,SYN-0386,SYN-0484,0,0.7368,0,Not Similar,0.004512115535651154,0.21144576965031903,0.4173442000794087,0.370831987643582,0.03179744592877114,0.0,0.0,0.01846975944677142
PAIR-0413,SYN-0268,SYN-0311,0,0.75,0,Not Similar,0.21020483892871084,0.2916662682877049,0.4601949019182254,0.41225280485438137,1.0000000000000002,0.0,0.0,0.0
PAIR-0415,SYN-0520,SYN-0394,0,0.6667,0,Not Similar,0.0039501952214009055,0.21726253946820914,0.3673106064383257,0.32401157587448426,0.08287688990740738,0.0,0.0,0.0
PAIR-0418,SYN-0086,SYN-0145,0,0.8056,0,Not Similar,0.18805775746575729,0.26089506348911523,0.4845956877720073,0.41111442341312393,0.0640695419242022,0.0,0.0,0.04631158407334182
PAIR-0419,SYN-0487,SYN-0343,0,0.7,0,Not Similar,0.005160305284937227,0.19307686884968353,0.45710042279617624,0.40910747405939385,0.023892081866768083,0.0,0.0,0.3054195385514388
PAIR-0420,SYN-0011,SYN-0233,0,0.7368,0,Not Similar,0.006263705287203113,0.26812564086646773,0.48651245241570834,0.4379194779822781,0.06827013080437296,0.03831187095366925,0.0,0.03047855538189337
PAIR-0421,SYN-0598,SYN-0241,0,0.7436,0,Not Similar,0.06436360219184431,0.20413783256509138,0.44953507330290887,0.40181488697022155,0.023892081866768083,0.0,0.0,0.035789003310186876
PAIR-0422,SYN-0061,SYN-0492,0,0.7,0,Not Similar,0.005605041155117628,0.2079585002380227,0.4601949019182254,0.41225280485438137,0.02503632546002444,0.0,0.0,0.0439313843031815
PAIR-0424,SYN-0514,SYN-0047,0,0.7,0,Not Similar,0.005114652188355796,0.2293091990026374,0.45710042279617624,0.40910747405939385,0.049443921584745434,0.04436352704187294,0.0,0.020143024595497844
PAIR-0428,SYN-0230,SYN-0154,0,0.7179,0,Not Similar,0.0058134566700181875,0.2153263886158232,0.47089967831269064,0.42256320259704133,0.046501162710801125,0.0,0.0,0.017673600647654962
PAIR-0429,SYN-0091,SYN-0449,0,0.7179,0,Not Similar,0.006114696229985499,0.3426080885414492,0.4469841474506278,0.399311229235136,0.014864848687586085,0.0,0.0,0.023129804867103716
PAIR-0430,SYN-0552,SYN-0593,0,0.7368,0,Not Similar,0.004995175308069629,0.22821866876679944,0.4411426390796242,0.39363155614324646,0.060635219401191216,0.0,0.0,0.03857693722241696
PAIR-0431,SYN-0503,SYN-0442,0,0.7368,0,Not Similar,0.006435330882548641,0.26203585859383627,0.47645757718901105,0.4280107491901335,0.060635219401191216,0.0,0.0,0.02775161313653176
PAIR-0432,SYN-0097,SYN-0130,0,0.7632,0,Not Similar,0.08402356304552683,0.3374274797244803,0.568613189364689,0.5257897773369411,0.040157584397110896,0.05350850773039705,0.0,0.028785296009195025
PAIR-0433,SYN-0062,SYN-0525,0,0.7179,0,Not Similar,0.006644849691389042,0.22540817175088565,0.482653749356181,0.4600089383949693,0.02503632546002444,0.0,0.0,0.6468175759612678
PAIR-0436,SYN-0399,SYN-0488,0,0.6829,0,Not Similar,0.005155838114827921,0.36270348031744565,0.45710042279617624,0.43352143411737726,0.023892081866768083,0.0419916614064972,0.0,0.01859603235572368
PAIR-0437,SYN-0387,SYN-0129,0,0.7368,0,Not Similar,0.006322958947642216,0.24485019852864248,0.4967685557078483,0.44805743423964034,0.06268000853599372,0.0,0.0,0.030263311439488134
PAIR-0438,SYN-0371,SYN-0496,0,0.6829,0,Not Similar,0.004518953741113283,0.29796765585081136,0.3906473008724352,0.34523939357946926,0.05903918098534239,0.04040556075001738,0.0,0.0
PAIR-0439,SYN-0238,SYN-0286,0,0.6829,0,Not Similar,0.004693255542653228,0.3974924758793074,0.386056554472821,0.34223075761296445,1.0000000000000002,0.0,0.0,0.0229437323631189
PAIR-0443,SYN-0521,SYN-0173,0,0.7838,0,Not Similar,0.06949795710838362,0.2692078574396891,0.5882327072650068,0.5454596610549527,0.049443921584745434,0.0,0.0,0.0
PAIR-0445,SYN-0479,SYN-0244,0,0.7368,0,Not Similar,0.005891160320573051,0.18204104407458477,0.4725462034905211,0.4241721657197217,0.0444595271076699,0.0,0.0,0.03047855538189337
PAIR-0446,SYN-0325,SYN-0043,0,0.7368,0,Not Similar,0.005857971542673424,0.23465810128497558,0.4969242448237574,0.4488670659521536,0.06268000853599372,0.0,0.0,0.030833828637999373
PAIR-0447,SYN-0578,SYN-0399,0,0.7,0,Not Similar,0.005467563017722337,0.21393310547936908,0.44584471397933656,0.42197495388026734,0.08287688990740738,0.0419916614064972,0.0,0.01514269391177691
PAIR-0448,SYN-0100,SYN-0558,0,0.7,0,Not Similar,0.0045062453212192915,0.1720134080372657,0.42979082083158715,0.382629038240879,0.019224050344583375,0.0,0.0,0.0
PAIR-0449,SYN-0524,SYN-0055,0,0.7,0,Not Similar,0.005180961042262643,0.17956035190753425,0.4608839482125023,0.4128097282723312,0.019224050344583375,0.0,0.0,0.0
PAIR-0454,SYN-0379,SYN-0489,0,0.7,0,Not Similar,0.005308854238750203,0.20130302749117976,0.4318395142799794,0.3846845326675656,0.03708340816645848,0.0,0.0,0.02995514654924541
PAIR-0460,SYN-0060,SYN-0244,0,0.7368,0,Not Similar,0.00545878876248678,0.2302935664674075,0.44431378872209576,0.3967187062300534,0.06268000853599372,0.03071281763612688,0.0,0.03047855538189337
PAIR-0462,SYN-0013,SYN-0304,0,0.8056,0,Not Similar,0.06337407955617352,0.24812401888739932,0.5522900853919535,0.5092840117409115,0.046501162710801125,0.0,0.0,0.024921709251399977
PAIR-0463,SYN-0281,SYN-0575,0,0.6667,0,Not Similar,0.0032160676390259493,0.18262041594578843,0.3511777754767111,0.30854067799870555,0.0444595271076699,0.0,0.0,0.041991165423474364
PAIR-0467,SYN-0526,SYN-0076,0,0.7179,0,Not Similar,0.005451816988152845,0.18477354617255545,0.4474850098685069,0.3998119716307699,0.019224050344583375,0.0,0.0,0.02240456882349668
PAIR-0468,SYN-0589,SYN-0545,0,0.8056,0,Not Similar,0.08619327019404058,0.33025579896320206,0.5228903707324287,0.47400263933451325,0.09426056986529957,0.0,0.0,0.0
PAIR-0469,SYN-0310,SYN-0446,0,0.7436,0,Not Similar,0.06131695393529957,0.2006344110344259,0.4771256256913217,0.4288010297453419,0.05903918098534239,0.0,0.0,0.014876932991756952
PAIR-0472,SYN-0127,SYN-0385,0,0.7,0,Not Similar,0.005093490140010295,0.20007827557204583,0.45227964022931977,0.4044024773600566,0.013112892679882186,0.0,0.0,0.030833828637999373
PAIR-0473,SYN-0314,SYN-0104,0,0.7895,0,Not Similar,0.1493606009940639,0.33410820690096005,0.4922296280484471,0.44354491679923197,0.11073703106740922,0.047310991064681375,1.0,0.013185775035384928
PAIR-0476,SYN-0551,SYN-0583,0,0.7179,0,Not Similar,0.006005282430903173,0.23747235219044346,0.482653749356181,0.4341033222836122,0.9999999999999999,0.0,0.0,0.04684538945405717
PAIR-0479,SYN-0120,SYN-0298,0,0.7179,0,Not Similar,0.0058596418373620725,0.2059034194886992,0.4364424285324676,0.38916012210584766,0.046501162710801125,0.0,0.0,0.02268516361993224
PAIR-0483,SYN-0421,SYN-0144,0,0.7179,0,Not Similar,0.005168615716708054,0.2110720373652416,0.4538174562261002,0.4060070940635866,0.0531946842739727,0.0,0.0,0.6584309197916636
PAIR-0485,SYN-0580,SYN-0475,0,0.7,0,Not Similar,0.006116800168014902,0.28455245597351403,0.4469841474506278,0.4231405870919293,0.09426056986529957,0.0,0.0,0.0
PAIR-0489,SYN-0041,SYN-0131,0,0.8,0,Not Similar,0.006044472710586047,0.3209746347932539,0.5461745418993542,0.46848233880067514,1.0,0.0,0.0,0.0
PAIR-0490,SYN-0039,SYN-0409,0,0.7632,0,Not Similar,0.06936809684535274,0.33642945590713796,0.5307526027437022,0.4875546528409253,0.03992883593314474,0.0,0.0,0.0293901845279424
PAIR-0491,SYN-0426,SYN-0196,0,0.7,0,Not Similar,0.00511446101776684,0.20762078971518153,0.43335907309126054,0.38607940355818227,0.028472967256605038,0.09516791999056616,0.0,0.014928963889200307
PAIR-0492,SYN-0121,SYN-0446,0,0.7179,0,Not Similar,0.005612192079567352,0.21075017432728968,0.5094694975280976,0.46114939375016023,0.049443921584745434,0.0,0.0,0.023172683650114097
PAIR-0494,SYN-0438,SYN-0386,0,0.7568,0,Not Similar,0.004912640353728157,0.1922111142223558,0.47089967831269064,0.42256320259704133,0.039181891032583294,0.0,0.0,0.023730221444348325
PAIR-0496,SYN-0395,SYN-0050,0,0.7368,0,Not Similar,0.003979476322373806,0.21438971578863847,0.45878212927590284,0.4107520072573971,0.042053812304518705,0.10777665272185173,0.0,0.0
PAIR-0501,SYN-0552,SYN-0125,0,0.7179,0,Not Similar,0.00479056638090409,0.21797323083666062,0.44584471397933656,0.3982112391968711,0.0690597706857835,0.04436352704187294,0.0,0.03810824594105467
PAIR-0505,SYN-0114,SYN-0597,0,0.7368,0,Not Similar,0.0067521317897126,0.25917934844498103,0.5024993795043401,0.480858374337503,0.0531946842739727,0.0,0.0,0.0
PAIR-0506,SYN-0100,SYN-0338,0,0.7568,0,Not Similar,0.004355935107960168,0.2399147234208429,0.48440547574719706,0.4360220330873913,0.013112892679882186,0.0,0.0,0.0
PAIR-0507,SYN-0495,SYN-0450,0,0.8378,0,Not Similar,0.233693754554099,0.35462273480707235,0.47809925691500105,0.45525913780589694,0.09426056986529957,0.04478154128094414,1.0,0.021036589832869997
PAIR-0509,SYN-0532,SYN-0285,0,0.7,0,Not Similar,0.005512650445377116,0.20592836749471422,0.45902179213893174,0.41111716441808516,0.08287688990740738,0.0,0.0,0.015371896674250487
PAIR-0511,SYN-0281,SYN-0059,0,0.7368,0,Not Similar,0.004614452720566273,0.2305757716126971,0.46527444334094065,0.41711664652546565,0.042053812304518705,0.0,0.0,0.03047855538189337
PAIR-0516,SYN-0526,SYN-0065,0,0.7179,0,Not Similar,0.005437448680835885,0.17748728834255162,0.44584471397933656,0.3982112391968711,0.028472967256605038,0.0,0.0,0.0
PAIR-0519,SYN-0334,SYN-0254,0,0.8333,0,Not Similar,0.12155890063137806,0.35771989756571165,0.46917355388502446,0.42087138076136593,0.0029950390026826923,0.0,1.0,0.02973217704967169
PAIR-0520,SYN-0006,SYN-0414,0,0.7,0,Not Similar,0.0052828831781307935,0.19550486303748316,0.4706101669046341,0.42236654348771796,0.0690597706857835,0.0,0.0,0.024555030060727595
PAIR-0522,SYN-0251,SYN-0540,0,0.7179,0,Not Similar,0.004113768877365709,0.20770268821877652,0.40660478138241213,0.36046674756274355,0.039181891032583294,0.042895243667226246,0.0,0.0
PAIR-0524,SYN-0449,SYN-0117,0,0.7179,0,Not Similar,0.005651163874423459,0.22273449802192918,0.4469841474506278,0.399311229235136,0.0531946842739727,0.0,0.0,0.022506665925524562
PAIR-0527,SYN-0442,SYN-0284,0,0.7,0,Not Similar,0.006476707087520975,0.2601120284258952,0.4990444018903101,0.4503020421345302,0.06001087285043441,0.0,0.0,0.017666833145278938
PAIR-0529,SYN-0445,SYN-0273,0,0.7317,0,Not Similar,0.20083834830309374,0.37087850498878927,0.3425303216862907,0.3003229555045231,0.039181891032583294,0.291249776485723,1.0,0.0
PAIR-0531,SYN-0007,SYN-0474,0,0.7179,0,Not Similar,0.005506243802450659,0.19562361814806178,0.4538174562261002,0.4060070940635866,0.02503632546002444,0.0,0.0,0.013150110655490693
PAIR-0532,SYN-0013,SYN-0128,0,0.7368,0,Not Similar,0.006347329786879603,0.21069660591590753,0.475918929143433,0.42747948917980316,0.07191136188695764,0.0,0.0,0.44926535322823086
PAIR-0539,SYN-0397,SYN-0493,0,0.7838,0,Not Similar,0.0682933589945541,0.2239922281816236,0.4724774032441351,0.42440895149146396,0.08287688990740738,0.0,0.0,0.020768854798246736
PAIR-0543,SYN-0056,SYN-0087,0,0.7436,0,Not Similar,0.1812706000758148,0.2544048473262601,0.39164566778389154,0.34619305800772504,0.9999999999999989,0.0,0.0,0.017132917569005604
PAIR-0545,SYN-0315,SYN-0583,0,0.7436,0,Not Similar,0.10529719672953344,0.25542055228810684,0.415469660444298,0.36913041650586303,0.05903918098534239,0.0,1.0,0.029397104641649064
PAIR-0546,SYN-0243,SYN-0108,0,0.6829,0,Not Similar,0.005109546241472201,0.25679416022376705,0.415469660444298,0.39115869957617455,0.046501162710801125,0.04770806801274207,0.0,0.01801521310499749
PAIR-0550,SYN-0478,SYN-0355,0,0.7179,0,Not Similar,0.005593961814515089,0.20872347168073263,0.40998053619065883,0.3637172639625172,0.03179744592877114,0.03654710732438736,0.0,0.029397104641649064
PAIR-0556,SYN-0531,SYN-0538,0,0.7436,0,Not Similar,0.0674662812822135,0.2567644331666186,0.5146680543122369,0.4714855662487583,0.09426056986529957,0.0,0.0,0.29655670359380454
PAIR-0562,SYN-0190,SYN-0146,0,0.7,0,Not Similar,0.0046334111643211145,0.24899196480735525,0.41036704463592794,0.3639727276687344,0.0640695419242022,0.03837997978693925,0.0,0.03034488162280204
PAIR-0563,SYN-0562,SYN-0159,0,0.7,0,Not Similar,0.005800191065321626,0.2818200258552966,0.42528388542685797,0.3785413310352686,0.03905908140646072,0.21851121952349303,0.0,0.02239644700210254
PAIR-0566,SYN-0513,SYN-0121,0,0.7368,0,Not Similar,0.007520344822551205,0.24468926660565352,0.5284996128282066,0.4799292609478634,0.03992883593314474,0.0,0.0,0.03152347753447504
PAIR-0568,SYN-0055,SYN-0472,0,0.7,0,Not Similar,0.005217344420695792,0.18416731643558762,0.4608839482125023,0.4128097282723312,0.019224050344583375,0.0,0.0,0.0
PAIR-0569,SYN-0012,SYN-0595,0,0.7632,0,Not Similar,0.08699473859710455,0.30485740925296806,0.48108686569344083,0.432667751957173,0.019224050344583375,0.035777247660797,1.0,0.029397104641649064
PAIR-0572,SYN-0453,SYN-0321,0,0.7632,0,Not Similar,0.07516004289082864,0.22100011975336364,0.5307526027437022,0.5157770539176968,0.039181891032583294,0.0,0.0,0.0
PAIR-0573,SYN-0222,SYN-0149,0,0.7568,0,Not Similar,0.006486719906871126,0.2587779782239512,0.5363016666926423,0.45915459860470625,0.06827013080437296,0.0,0.0,0.0
PAIR-0575,SYN-0046,SYN-0241,0,0.7,0,Not Similar,0.004971939961302772,0.2173079111929597,0.432333313643583,0.38508678053907075,0.11073703106740922,0.029934048770094288,0.0,0.024254099660720375
PAIR-0577,SYN-0051,SYN-0458,0,0.7,0,Not Similar,0.005265553761667126,0.24633893274935978,0.4402710068721421,0.39320515344544815,0.02503632546002444,0.05064771195628793,0.0,0.0
PAIR-0582,SYN-0574,SYN-0196,0,0.7436,0,Not Similar,0.06030761000078501,0.188791929538367,0.3906473008724352,0.34523939357946926,0.0531946842739727,0.0,0.0,0.020010090051812087
PAIR-0583,SYN-0356,SYN-0296,0,0.7368,0,Not Similar,0.0060267804672634664,0.4240733600131075,0.4917217206816971,0.44307669092648966,0.0029950390026826923,0.03704387701982834,0.0,0.022461289183700873
PAIR-0584,SYN-0029,SYN-0350,0,0.7179,0,Not Similar,0.006466373267793661,0.25699575443776024,0.47809925691500105,0.4296210089114079,0.06268000853599372,0.0,0.0,0.017346430906045464
PAIR-0586,SYN-0579,SYN-0010,0,0.7,0,Not Similar,0.005880914990075651,0.2194427648543919,0.4469841474506278,0.4231405870919293,0.014864848687586085,0.0,0.0,0.02268516361993224
PAIR-0589,SYN-0510,SYN-0209,0,0.725,0,Not Similar,0.06180614033191792,0.21299652544539674,0.42528388542685797,0.3785413310352686,0.03708340816645848,0.0,0.0,0.02365265560958043
PAIR-0590,SYN-0189,SYN-0442,0,0.7632,0,Not Similar,0.06482392777894347,0.26088932251549257,0.537205164893244,0.4933765667215076,0.0690597706857835,0.0,0.0,0.02959240064886849
PAIR-0594,SYN-0204,SYN-0518,0,0.7895,0,Not Similar,0.15506657792251932,0.28168150259960795,0.48304012310994227,0.43451171542095623,0.05903918098534239,0.0,1.0,0.0
PAIR-0595,SYN-0426,SYN-0424,0,0.7,0,Not Similar,0.005660179780011408,0.2770060415295507,0.46089540755965913,0.4374307226738937,1.0000000000000004,0.035777247660797,0.0,0.0
PAIR-0596,SYN-0469,SYN-0206,0,0.7179,0,Not Similar,0.006988721308895787,0.2604895450050382,0.4990444018903101,0.4503020421345302,0.0444595271076699,0.04478154128094414,0.0,0.02948221512356881
PAIR-0598,SYN-0479,SYN-0268,0,0.6829,0,Not Similar,0.0052338369537636995,0.1824398320511574,0.4469841474506278,0.399311229235136,0.0444595271076699,0.0,0.0,0.03047855538189337
PAIR-0600,SYN-0324,SYN-0424,0,0.7632,0,Not Similar,0.07401096622865821,0.23254767852628774,0.5307526027437022,0.5157770539176968,0.0444595271076699,0.0,0.0,0.0
PAIR-0601,SYN-0406,SYN-0224,0,0.7179,0,Not Similar,0.006110229508561132,0.2575323382358457,0.47011654073775194,0.4228681965584225,0.03708340816645848,0.0,0.0,0.0229641672356165
PAIR-0602,SYN-0452,SYN-0185,0,0.7179,0,Not Similar,0.0057505060982611005,0.21255288573409942,0.46471034493841296,0.4165322485902475,0.014864848687586085,0.03231411118351536,0.0,0.02335359825583299
PAIR-0603,SYN-0258,SYN-0400,0,0.7778,0,Not Similar,0.00545418561727438,0.286052623849739,0.49324807364925116,0.4445909033270863,0.02086270648700225,0.03626355297263521,0.0,0.024921709251399977
PAIR-0604,SYN-0087,SYN-0548,0,0.7,0,Not Similar,0.004988715415572345,0.2093660507050246,0.39164566778389154,0.34619305800772504,0.02503632546002444,0.0,0.0,0.0229641672356165
PAIR-0610,SYN-0220,SYN-0171,0,0.7568,0,Not Similar,0.005734864582202129,0.2355115595873697,0.5153876793766773,0.4395640855831881,0.06827013080437296,0.0,0.0,0.020068023254021204
PAIR-0614,SYN-0586,SYN-0493,0,0.7838,0,Not Similar,0.06630326960077089,0.3392612746198178,0.5105625078370195,0.4671671021250803,0.08578634339055208,0.0,0.0,0.03411335723846008
PAIR-0617,SYN-0091,SYN-0120,0,0.7179,0,Not Similar,0.005846369069182236,0.24078505484209492,0.4364424285324676,0.38916012210584766,0.0640695419242022,0.0,0.0,0.01762579776872631
PAIR-0618,SYN-0412,SYN-0589,0,0.7368,0,Not Similar,0.006836046129337084,0.29010723818857076,0.4952313086313782,0.44653141533545687,1.0000000000000013,0.0,0.0,0.0
PAIR-0620,SYN-0592,SYN-0473,0,0.7179,0,Not Similar,0.005504880013278299,0.2582693959650795,0.46527444334094065,0.41711664652546565,0.08578634339055208,0.0,0.0,0.0
PAIR-0621,SYN-0439,SYN-0128,0,0.7368,0,Not Similar,0.0069818149236215675,0.2187979416595181,0.4967685557078483,0.44805743423964034,0.03905908140646072,0.0,0.0,0.02726076139371382
PAIR-0623,SYN-0014,SYN-0280,0,0.7,0,Not Similar,0.005213189104938067,0.21965676038246365,0.44584471397933656,0.3982112391968711,0.11073703106740922,0.0,0.0,0.025776121337231905
PAIR-0625,SYN-0587,SYN-0171,0,0.8,0,Not Similar,0.007144595357680703,0.2570125268490418,0.574434607690771,0.49548034302497895,0.0531946842739727,0.0,0.0,0.6584309197916636
PAIR-0628,SYN-0212,SYN-0566,0,0.6364,0,Not Similar,0.0036314660427670736,0.1708911365012998,0.3511777754767111,0.30854067799870555,0.08287688990740738,0.0,0.0,0.025609473794955734
PAIR-0630,SYN-0064,SYN-0322,0,0.8056,0,Not Similar,0.13134886701776982,0.26765837957261435,0.5615250781515049,0.5225533614732119,0.11073703106740922,0.026167578183953193,0.0,0.014876932991756952
PAIR-0631,SYN-0594,SYN-0082,0,0.7,0,Not Similar,0.004777497714272108,0.18871682311879392,0.41699820425054857,0.37061424963732204,0.049443921584745434,0.0,0.0,0.013476869677009763
PAIR-0636,SYN-0345,SYN-0103,0,0.7179,0,Not Similar,0.006024508306342597,0.24256891767929661,0.46537681329910613,0.4173802735244017,0.042053812304518705,0.0419916614064972,0.0,0.0
PAIR-0637,SYN-0282,SYN-0401,0,0.7179,0,Not Similar,0.006037316800563578,0.25150247624173805,0.46917355388502446,0.42087138076136593,0.06001087285043441,0.15508534839533225,0.0,0.026846898342445417
PAIR-0638,SYN-0213,SYN-0585,0,0.7368,0,Not Similar,0.004837876838056207,0.19369453313980536,0.49682969612611455,0.42236372748077017,0.03179744592877114,0.0,0.0,0.015982698639397948
PAIR-0642,SYN-0400,SYN-0499,0,0.7778,0,Not Similar,0.0052805242262691,0.2183064282412616,0.4809964305807794,0.4324762624326133,0.03179744592877114,0.0,0.0,0.016524564100924604
PAIR-0644,SYN-0241,SYN-0378,0,0.8056,0,Not Similar,0.07662803898557434,0.25946772484014824,0.4845956877720073,0.41111442341312393,1.0000000000000002,0.0,0.0,0.035789003310186876
PAIR-0645,SYN-0135,SYN-0085,0,0.6667,0,Not Similar,0.004689485114262971,0.22867043594793776,0.3708096986380989,0.32739204700873015,0.0640695419242022,0.0,0.0,0.03411335723846008
PAIR-0650,SYN-0450,SYN-0468,0,0.7895,0,Not Similar,0.16476949612404734,0.3438043936244719,0.47809925691500105,0.45525913780589694,0.08578634339055208,0.0,1.0,0.025565012889029445
PAIR-0653,SYN-0027,SYN-0557,0,0.7568,0,Not Similar,0.006448566024058642,0.22146012535815374,0.5024993795043401,0.45377861259856356,0.03992883593314474,0.0,0.0,0.01767682796916962
PAIR-0656,SYN-0226,SYN-0455,0,0.7778,0,Not Similar,0.007061322609828169,0.236765840092445,0.5363016666926423,0.45915459860470625,0.039181891032583294,0.0,0.0,0.02820408159804729
PAIR-0657,SYN-0519,SYN-0251,0,0.7568,0,Not Similar,0.0049815426378709135,0.23936640418218452,0.4469885394073822,0.39982672272858727,0.06001087285043441,0.0,0.0,0.26127533205450887
PAIR-0659,SYN-0025,SYN-0504,0,0.7838,0,Not Similar,0.10313115154534536,0.2701176130597418,0.48108686569344083,0.432667751957173,0.0531946842739727,0.035777247660797,1.0,0.02867323508322166
PAIR-0663,SYN-0298,SYN-0154,0,0.7368,0,Not Similar,0.006390646916969738,0.19017464006494084,0.475918929143433,0.42747948917980316,0.046501162710801125,0.0,0.0,0.02268516361993224
PAIR-0664,SYN-0333,SYN-0470,0,0.6829,0,Not Similar,0.004581419399971673,0.37416305336589406,0.4005095065481745,0.3546861623944933,0.02655764372180957,0.04040556075001738,0.0,1.0
PAIR-0667,SYN-0148,SYN-0086,0,0.7436,0,Not Similar,0.1694181719066103,0.23994071535867387,0.39659248475232095,0.3508660177041546,0.040157584397110896,0.042895243667226246,0.0,0.02470974697254518
PAIR-0670,SYN-0555,SYN-0516,0,0.8056,0,Not Similar,0.0906413558404397,0.26062218063494197,0.4742847361471279,0.42587725607476545,0.060635219401191216,0.0,0.0,0.01819854017687902
PAIR-0672,SYN-0127,SYN-0600,0,0.7179,0,Not Similar,0.00534075544895155,0.19140040299689992,0.41108793424970025,0.3648851814480622,0.019224050344583375,0.0,0.0,0.036177268971577074
PAIR-0673,SYN-0184,SYN-0186,0,0.7,0,Not Similar,0.005349816641114234,0.265216235751831,0.4189085984579357,0.3724708948062756,0.07191136188695764,0.0,0.0,0.2630418923512479
PAIR-0677,SYN-0300,SYN-0423,0,0.7568,0,Not Similar,0.006273631806747087,0.2210139433051111,0.48583415607583114,0.4122500562778649,0.023892081866768083,0.0,0.0,0.029769058671394788
PAIR-0680,SYN-0547,SYN-0025,0,0.7,0,Not Similar,0.006308535107821468,0.23722796168782498,0.4990444018903101,0.4503020421345302,0.028472967256605038,0.04478154128094414,0.0,0.027330669734477668
PAIR-0681,SYN-0258,SYN-0366,0,0.7179,0,Not Similar,0.006988721308895787,0.5264796811641034,0.4990444018903101,0.4503020421345302,0.02086270648700225,0.04478154128094414,0.0,0.04247517197375908
PAIR-0682,SYN-0582,SYN-0560,0,0.7179,0,Not Similar,0.005773014626368679,0.25209777367235536,0.42422009358014995,0.37730403625542835,0.9999999999999999,0.032700064633338126,0.0,0.01622784826089571
PAIR-0683,SYN-0574,SYN-0205,0,0.7179,0,Not Similar,0.00545629120580331,0.19423380272542112,0.41699820425054857,0.37061424963732204,0.08287688990740738,0.0,0.0,0.023496559142264457
PAIR-0686,SYN-0371,SYN-0349,0,0.7632,0,Not Similar,0.07408239481046622,0.24562437570226878,0.43335907309126054,0.38607940355818227,0.02390512074852718,0.03030094937905793,0.0,0.0
PAIR-0687,SYN-0483,SYN-0270,0,0.8,0,Not Similar,0.005894198109766171,0.23154736453497637,0.5266848702051553,0.47813044119292764,0.05903918098534239,0.0,0.0,0.027882694783023843
PAIR-0689,SYN-0034,SYN-0417,0,0.7,0,Not Similar,0.005142514730278132,0.2089672273813571,0.44953507330290887,0.40181488697022155,0.028472967256605038,0.037926987238790115,0.0,0.016889367235519023
PAIR-0690,SYN-0290,SYN-0108,0,0.6667,0,Not Similar,0.0034844853970528436,0.20226483108811966,0.3191939973285748,0.27839078041905635,0.015562708906446683,0.0,0.0,0.029397104641649064
PAIR-0692,SYN-0543,SYN-0379,0,0.7,0,Not Similar,0.005685606218180688,0.2425390313810791,0.4555626212681222,0.40789345508408903,0.03708340816645848,0.045316403287440486,0.0,0.0
PAIR-0693,SYN-0319,SYN-0488,0,0.7436,0,Not Similar,0.04027958555804462,0.20663455542209977,0.42979082083158715,0.382629038240879,0.023892081866768083,0.035564144527949065,0.0,0.03034488162280204
PAIR-0694,SYN-0453,SYN-0502,0,0.8108,0,Not Similar,0.1649509867564205,0.2857304563508205,0.5307526027437022,0.5157770539176968,0.09426056986529957,0.0,0.0,0.01901456396459118
PAIR-0695,SYN-0389,SYN-0093,0,0.7568,0,Not Similar,0.006390080049181679,0.2807225739098849,0.5306201213473892,0.45381024606301157,0.11073703106740922,0.0,0.0,0.044776474247134976
PAIR-0705,SYN-0361,SYN-0574,0,0.7179,0,Not Similar,0.005486990768426809,0.19423380272542112,0.41699820425054857,0.37061424963732204,0.02655764372180957,0.0,0.0,0.013055939814219647
PAIR-0709,SYN-0333,SYN-0305,0,0.6829,0,Not Similar,0.005167251729804555,0.2543971206039333,0.44324791627901516,0.395623891474637,0.02086270648700225,0.029934048770094288,0.0,0.29856181174611696
PAIR-0710,SYN-0576,SYN-0331,0,0.7,0,Not Similar,0.005002554984530964,0.3412846135429343,0.44324791627901516,0.395623891474637,0.0444595271076699,0.0,0.0,1.0000000000000002
PAIR-0712,SYN-0130,SYN-0356,0,0.7436,0,Not Similar,0.07508152692921083,0.33177022926117855,0.568613189364689,0.5257897773369411,0.04581509736903244,0.05350850773039705,0.0,0.023118519368989027
PAIR-0715,SYN-0228,SYN-0077,0,0.7632,0,Not Similar,0.0812106397054477,0.3148505384229618,0.5540044485679793,0.5110244873330512,0.06827013080437296,0.05238135855837332,0.0,0.0
PAIR-0716,SYN-0584,SYN-0013,0,0.7,0,Not Similar,0.005120733709348216,0.16812624745860816,0.44584471397933656,0.3982112391968711,0.0690597706857835,0.0,0.0,0.6776969855938058
PAIR-0720,SYN-0163,SYN-0432,0,0.7179,0,Not Similar,0.0052626536453180195,0.2053472448962719,0.4293352455022354,0.3824907209273746,0.02503632546002444,0.0,0.0,0.036177268971577074
PAIR-0724,SYN-0366,SYN-0557,0,0.7179,0,Not Similar,0.006684261217958452,0.18003665606974564,0.47809925691500105,0.4296210089114079,0.039181891032583294,0.0,0.0,0.028087370201234824
PAIR-0725,SYN-0476,SYN-0101,0,0.8108,0,Not Similar,0.14688254037797813,0.2945579232726785,0.46917355388502446,0.445987365511047,0.0531946842739727,0.0,1.0,0.01769903821319596
PAIR-0726,SYN-0241,SYN-0451,0,0.7368,0,Not Similar,0.005433866397906675,0.20283442108437635,0.44431378872209576,0.3967187062300534,0.023892081866768083,0.03071281763612688,0.0,0.0230284513080049
PAIR-0729,SYN-0136,SYN-0528,0,0.7,0,Not Similar,0.005108459262323994,0.18394042310736142,0.45710042279617624,0.43352143411737726,0.03992883593314474,0.0,0.0,0.03152347753447504
PAIR-0730,SYN-0032,SYN-0212,0,0.6905,0,Not Similar,0.040887406614063884,0.1732440912227584,0.3511777754767111,0.30854067799870555,0.06268000853599372,0.0,0.0,0.030071554604071207
PAIR-0731,SYN-0170,SYN-0145,0,0.7568,0,Not Similar,0.005244333306666385,0.2398715472421862,0.4845956877720073,0.41111442341312393,1.0,0.0,0.0,0.04631158407334182
PAIR-0733,SYN-0089,SYN-0191,0,0.7368,0,Not Similar,0.006077992884574557,0.2571058460782436,0.44544930964844565,0.39781457340277854,0.040157584397110896,0.0,0.0,0.0165483478612762
PAIR-0734,SYN-0239,SYN-0061,0,0.7,0,Not Similar,0.004606743463313123,0.20667605250325227,0.43088922579536637,0.38368598512983315,0.04581509736903244,0.0,0.0,0.02914244679044633
PAIR-0735,SYN-0363,SYN-0067,0,0.7368,0,Not Similar,0.006100821429103743,0.26282649290955956,0.5306201213473892,0.45381024606301157,0.042053812304518705,0.0,0.0,0.0229641672356165
PAIR-0736,SYN-0278,SYN-0567,0,0.7368,0,Not Similar,0.006644255679474986,0.23201049315339808,0.48821221186537367,0.4396287964275035,0.0444595271076699,0.0,0.0,0.02973217704967169
PAIR-0738,SYN-0202,SYN-0366,0,0.7895,0,Not Similar,0.16037468561695545,0.35361270787053656,0.47809925691500105,0.4296210089114079,1.0000000000000016,0.047310991064681375,1.0,0.0
PAIR-0739,SYN-0214,SYN-0183,0,0.8056,0,Not Similar,0.07042329462417954,0.30751931365733576,0.5646217979238033,0.5211191475547577,0.042053812304518705,0.0,0.0,0.029769058671394788
PAIR-0740,SYN-0409,SYN-0267,0,0.7179,0,Not Similar,0.004558206526198811,0.22912943984322853,0.44584471397933656,0.3982112391968711,0.02655764372180957,0.04436352704187294,0.0,0.02370454317952591
PAIR-0742,SYN-0449,SYN-0292,0,0.7436,0,Not Similar,0.059546724283568775,0.23649197795841878,0.502243392272352,0.4585688298451008,0.08287688990740738,0.0,0.0,0.02625863999715187
PAIR-0745,SYN-0371,SYN-0237,0,0.7,0,Not Similar,0.00482110661182156,0.25218495504592897,0.3906473008724352,0.34523939357946926,0.02086270648700225,0.04040556075001738,0.0,0.0
PAIR-0746,SYN-0415,SYN-0013,0,0.7568,0,Not Similar,0.007002943388981094,0.2098258404971986,0.5024993795043401,0.45377861259856356,0.0690597706857835,0.0,0.0,0.02691970974354698
PAIR-0748,SYN-0545,SYN-0163,0,0.8056,0,Not Similar,0.0674015267618814,0.46534409495774803,0.5646217979238033,0.5211191475547577,0.019224050344583375,0.0,0.0,0.0
PAIR-0750,SYN-0337,SYN-0430,0,0.7179,0,Not Similar,0.004837132836008093,0.23722713943486526,0.4493416192430763,0.40177270291874917,0.03179744592877114,0.04787606432670763,0.0,0.035789003310186876
PAIR-0751,SYN-0299,SYN-0111,0,0.7179,0,Not Similar,0.005688211698298527,0.23140883885082847,0.4538174562261002,0.4060070940635866,0.015562708906446683,0.0,0.0,0.023405360166157498
PAIR-0752,SYN-0191,SYN-0532,0,0.7,0,Not Similar,0.005205614178411473,0.23390205270904293,0.4202789453930888,0.37346683032938593,0.014864848687586085,0.10765853138606218,0.0,0.017098920428964694
PAIR-0754,SYN-0216,SYN-0271,0,0.7838,0,Not Similar,0.07417576417981331,0.3229598138148313,0.4344665973423876,0.3871458814877095,0.02390512074852718,0.09199070778261428,1.0,0.029609142236370657
PAIR-0761,SYN-0408,SYN-0041,0,0.7568,0,Not Similar,0.006095637922263527,0.21506460172294087,0.49976876757660094,0.4250766977326459,0.0690597706857835,0.0,0.0,0.0
PAIR-0763,SYN-0388,SYN-0497,0,0.6512,0,Not Similar,0.004620372411218687,0.2024351563639898,0.3802547335389942,0.33656304071577825,0.039181891032583294,0.0,0.0,0.020154420298496907
PAIR-0765,SYN-0448,SYN-0093,0,0.7778,0,Not Similar,0.0052205041641528,0.221319205749732,0.4845956877720073,0.41111442341312393,0.019224050344583375,0.0,0.0,0.03072138281198905
PAIR-0769,SYN-0436,SYN-0525,0,0.7632,0,Not Similar,0.0769135662636626,0.2635076316183965,0.46527444334094065,0.41711664652546565,0.08578634339055208,0.0,0.0,0.0
PAIR-0770,SYN-0567,SYN-0065,0,0.7368,0,Not Similar,0.006185982204021104,0.4042506824357191,0.46917355388502446,0.42087138076136593,0.028472967256605038,0.15508534839533225,0.0,0.1665590708393702
PAIR-0773,SYN-0018,SYN-0204,0,0.7436,0,Not Similar,0.061247590924890814,0.22021567803655853,0.4173442000794087,0.370831987643582,0.046501162710801125,0.0,0.0,0.01841980314797995
PAIR-0774,SYN-0270,SYN-0390,0,0.8788,0,Not Similar,0.5753844157504697,0.6280995044529961,0.55549160753947,0.5121550585711435,0.02390512074852718,0.0,1.0,0.041991165423474364
PAIR-0775,SYN-0474,SYN-0018,0,0.7,0,Not Similar,0.004844465133159468,0.2053931059100234,0.39659248475232095,0.3508660177041546,0.049443921584745434,0.042895243667226246,0.0,0.01364408263644671
PAIR-0777,SYN-0012,SYN-0121,0,0.7568,0,Not Similar,0.006779796352334817,0.2799355357378927,0.5136992660519404,0.46530781800778076,0.0640695419242022,0.0,0.0,0.027568465466162876
PAIR-0778,SYN-0131,SYN-0557,0,0.7568,0,Not Similar,0.006448566024058642,0.21397106844379848,0.5024993795043401,0.45377861259856356,0.03992883593314474,0.0,0.0,0.019151713607621662
PAIR-0782,SYN-0047,SYN-0076,0,0.7179,0,Not Similar,0.005915892085842411,0.25618117184407707,0.475918929143433,0.42747948917980316,0.0640695419242022,0.0,0.0,0.16997474670636611
PAIR-0783,SYN-0429,SYN-0236,0,0.7368,0,Not Similar,0.0059962227898663,0.23463712419306335,0.519653661832466,0.44354195959159676,0.08287688990740738,0.0,0.0,0.02625863999715187
PAIR-0786,SYN-0154,SYN-0391,0,0.7436,0,Not Similar,0.06130982406221785,0.23966525600906202,0.5297091489444566,0.4858483035925779,0.015562708906446683,0.0,0.0,0.0179934482769695
PAIR-0788,SYN-0425,SYN-0570,0,0.7838,0,Not Similar,0.07747702261780741,0.27894411911769557,0.48651245241570834,0.4379194779822781,1.0000000000000013,0.03831187095366925,0.0,0.0
PAIR-0793,SYN-0496,SYN-0353,0,0.6829,0,Not Similar,0.0047604073372745,0.22969156132876611,0.3824090571147191,0.3373922966918376,0.023892081866768083,0.0436047211439854,0.0,0.02785537773126374
PAIR-0794,SYN-0014,SYN-0166,0,0.7,0,Not Similar,0.005207999959568728,0.24681724803129906,0.44584471397933656,0.42197495388026734,0.9999999999999989,0.0,0.0,0.028457286229059416
PAIR-0795,SYN-0511,SYN-0471,0,0.6667,0,Not Similar,0.004910400533474705,0.254093977995619,0.3790780377301894,0.335416755611831,1.0000000000000013,0.0,0.0,0.02291075697266481
PAIR-0796,SYN-0133,SYN-0408,0,0.7,0,Not Similar,0.006218894211257463,0.20013852256927198,0.46361037713722314,0.41546133029120713,0.019224050344583375,0.03192283410097138,0.0,0.6750587166765522
PAIR-0798,SYN-0006,SYN-0275,0,0.7436,0,Not Similar,0.055361644904095286,0.28477322227883906,0.42072709112212037,0.3739320957976458,0.015562708906446683,0.0,0.0,0.9999999999999998
PAIR-0805,SYN-0156,SYN-0211,0,0.7,0,Not Similar,0.005644480814920668,0.3119261835942185,0.4277489945195007,0.38109383964255955,0.06268000853599372,0.42769528954108654,0.0,0.6750587166765522
PAIR-0807,SYN-0297,SYN-0103,0,0.7632,0,Not Similar,0.09732590640594159,0.29950528279502797,0.48108686569344083,0.432667751957173,0.042053812304518705,0.035777247660797,1.0,0.020154420298496907
PAIR-0808,SYN-0332,SYN-0238,0,0.6364,0,Not Similar,0.004098119353834978,0.25036910474801377,0.36429525079286457,0.3211057014736018,0.0029950390026826923,0.0,0.0,0.029033107884805714
PAIR-0813,SYN-0154,SYN-0482,0,0.7632,0,Not Similar,0.059241587241024636,0.210833548980949,0.48355554633770803,0.4400920374682955,0.0690597706857835,0.0,0.0,0.10895598826170594
PAIR-0815,SYN-0351,SYN-0552,0,0.7179,0,Not Similar,0.004529280347509706,0.17606783894202802,0.4192075877165546,0.37243803433541417,0.03708340816645848,0.0,0.0,0.029397104641649064
PAIR-0816,SYN-0380,SYN-0374,0,0.7778,0,Not Similar,0.007088838040868402,0.31850071082488135,0.5266848702051553,0.47813044119292764,0.0029950390026826923,0.0,0.0,0.017724769246968242
PAIR-0817,SYN-0520,SYN-0369,0,0.6829,0,Not Similar,0.004770976757526809,0.19098436634558022,0.4608839482125023,0.4128097282723312,0.02655764372180957,0.0,0.0,0.0
PAIR-0818,SYN-0487,SYN-0001,0,0.7368,0,Not Similar,0.0069032423299371145,0.23859445414706568,0.5024993795043401,0.45377861259856356,0.03905908140646072,0.0,0.0,0.028163545882742766
PAIR-0819,SYN-0288,SYN-0281,0,0.7179,0,Not Similar,0.004661718878794221,0.2605183908410973,0.4608839482125023,0.4128097282723312,0.0029950390026826923,0.037926987238790115,0.0,0.026846898342445417
PAIR-0823,SYN-0347,SYN-0432,0,0.7,0,Not Similar,0.005666268941522828,0.23301067929657993,0.42179261089689,0.39753370491029105,0.03179744592877114,0.05064771195628793,0.0,0.0
PAIR-0826,SYN-0474,SYN-0326,0,0.7568,0,Not Similar,0.005560664485577639,0.2097327433074773,0.4845956877720073,0.41111442341312393,0.03179744592877114,0.0,0.0,0.021932350754337474
PAIR-0827,SYN-0530,SYN-0109,0,0.6829,0,Not Similar,0.004157208774289232,0.19408690830989725,0.35409335866312636,0.3113229499852709,0.03905908140646072,0.09869884875935345,0.0,0.02343978103979647
PAIR-0831,SYN-0506,SYN-0270,0,0.7568,0,Not Similar,0.004361343377848814,0.17598157354785585,0.44431378872209576,0.3967187062300534,0.05903918098534239,0.0,0.0,0.0
PAIR-0833,SYN-0531,SYN-0472,0,0.7179,0,Not Similar,0.005099510393209656,0.20550517542542499,0.45710042279617624,0.40910747405939385,1.0000000000000004,0.0,0.0,0.0
PAIR-0834,SYN-0185,SYN-0590,0,0.7,0,Not Similar,0.00579050150640909,0.21343450600214947,0.46361037713722314,0.41546133029120713,0.019224050344583375,0.03192283410097138,0.0,0.0
PAIR-0836,SYN-0308,SYN-0042,0,0.7368,0,Not Similar,0.004611527615743609,0.23841903540494627,0.4318395142799794,0.3846845326675656,0.015562708906446683,0.0,0.0,0.0
PAIR-0837,SYN-0061,SYN-0383,0,0.7436,0,Not Similar,0.08539372082244005,0.2693884478736707,0.43343821638858493,0.38615051651828275,0.11073703106740922,0.0,1.0,0.0
PAIR-0839,SYN-0308,SYN-0415,0,0.7778,0,Not Similar,0.005521100452890295,0.24339387426753056,0.4971997995263721,0.4485598693345456,0.06001087285043441,0.0,0.0,0.023192535148944763
PAIR-0840,SYN-0027,SYN-0547,0,0.7632,0,Not Similar,0.058700380118304335,0.27528455248852557,0.5592938258233069,0.5157383563843324,0.0690597706857835,0.0,0.0,0.017200597411476875
PAIR-0841,SYN-0144,SYN-0310,0,0.7179,0,Not Similar,0.005609918696908703,0.24149273246528838,0.46537681329910613,0.4173802735244017,0.06827013080437296,0.0,0.0,0.026958455208865445
PAIR-0842,SYN-0204,SYN-0582,0,0.7632,0,Not Similar,0.12154064975796444,0.22872620114619147,0.5575173698696188,0.5184870025395413,0.05903918098534239,0.0,0.0,0.01634489767629536
PAIR-0843,SYN-0492,SYN-0297,0,0.7,0,Not Similar,0.005792006492770855,0.21740437859697975,0.4745173136143628,0.4261752425857773,0.023892081866768083,0.03779809707262431,0.0,0.03152347753447504
PAIR-0844,SYN-0582,SYN-0313,0,0.7179,0,Not Similar,0.00625019351377081,0.38615672779422766,0.46471034493841296,0.4165322485902475,0.05903918098534239,0.0,0.0,0.021789019706487153
PAIR-0845,SYN-0411,SYN-0564,0,0.7692,0,Not Similar,0.22289490402441992,0.24464245510827487,0.4549551690646492,0.4070000770578482,0.08578634339055208,0.0,0.0,0.03810824594105467
PAIR-0846,SYN-0202,SYN-0490,0,0.7179,0,Not Similar,0.006324905373549773,0.21616640141803,0.475918929143433,0.42747948917980316,0.06001087285043441,0.0,0.0,0.29655670359380454
PAIR-0860,SYN-0146,SYN-0228,0,0.7,0,Not Similar,0.005470820052524005,0.24517624252862047,0.4364424285324676,0.38916012210584766,0.046501162710801125,0.04787606432670763,0.0,0.0
PAIR-0861,SYN-0541,SYN-0053,0,0.7568,0,Not Similar,0.006180889759828954,0.2408927429281018,0.4971997995263721,0.4485598693345456,0.0531946842739727,0.0,0.0,0.029033107884805714
PAIR-0863,SYN-0479,SYN-0560,0,0.7,0,Not Similar,0.005400993392260335,0.2268109040703712,0.4364424285324676,0.38916012210584766,0.060635219401191216,0.0,0.0,0.02665464178516917
PAIR-0866,SYN-0590,SYN-0348,0,0.7632,0,Not Similar,0.06190594697931601,0.22954571832377885,0.5082942078071163,0.46470306987841087,0.03708340816645848,0.025850726713370836,0.0,0.0
PAIR-0871,SYN-0230,SYN-0142,0,0.7632,0,Not Similar,0.11335932475228883,0.2646752380130852,0.5575173698696188,0.5184870025395413,0.013112892679882186,0.0,0.0,0.018194365981857377
PAIR-0875,SYN-0198,SYN-0166,0,0.7,0,Not Similar,0.005458272475993839,0.2947485397454644,0.4364424285324676,0.41238370094438126,0.9999999999999989,0.045316403287440486,0.0,0.018877505521054258
PAIR-0877,SYN-0340,SYN-0164,0,0.7179,0,Not Similar,0.00432661656951676,0.2218009933065702,0.44953507330290887,0.40181488697022155,0.046501162710801125,0.037926987238790115,0.0,0.012207117194679418
PAIR-0879,SYN-0010,SYN-0304,0,0.7838,0,Not Similar,0.06321207017685208,0.3121139113881225,0.5522900853919535,0.5387642301278939,0.013112892679882186,0.05064771195628793,0.0,0.016361853116629337
PAIR-0880,SYN-0116,SYN-0295,0,0.7,0,Not Similar,0.005459092569481121,0.23105912691199845,0.46089540755965913,0.4374307226738937,0.11073703106740922,0.035777247660797,0.0,0.30328049279748737
PAIR-0881,SYN-0030,SYN-0468,0,0.7,0,Not Similar,0.005726980389001875,0.21419184352910864,0.4189085984579357,0.3724708948062756,0.049443921584745434,0.0,0.0,0.028810367260630323
PAIR-0883,SYN-0501,SYN-0027,0,0.7632,0,Not Similar,0.05715581582689408,0.27026469118674684,0.5228945042147953,0.47935299433646333,0.0690597706857835,0.0,0.0,0.019069614920195408
PAIR-0888,SYN-0070,SYN-0496,0,0.725,0,Not Similar,0.09126792635087577,0.2925220769427875,0.3695729472805736,0.3252427518472361,0.049443921584745434,0.04873465668549458,1.0,0.01882676083188386
PAIR-0889,SYN-0055,SYN-0403,0,0.7568,0,Not Similar,0.006613247712117994,0.26717042673884,0.519653661832466,0.44354195959159676,0.019224050344583375,0.0,0.0,0.0
PAIR-0890,SYN-0336,SYN-0433,0,0.8611,0,Not Similar,0.3062924166942992,0.43970012019658367,0.6910971444099512,0.6599632682944753,0.023892081866768083,0.05064771195628793,1.0,0.0
PAIR-0891,SYN-0579,SYN-0417,0,0.7436,0,Not Similar,0.060831884116117285,0.2831596049142846,0.49750404499329737,0.4538338990289116,0.09426056986529957,0.0,0.0,0.021210303879264807
PAIR-0894,SYN-0067,SYN-0198,0,0.7568,0,Not Similar,0.005471388970078023,0.2843955174220105,0.47437619466175546,0.4017700242152868,0.040157584397110896,0.0,0.0,0.02399865501054785
PAIR-0897,SYN-0427,SYN-0184,0,0.7179,0,Not Similar,0.006691566095595257,0.19378384005293514,0.47809925691500105,0.4296210089114079,0.03905908140646072,0.0,0.0,0.0
PAIR-0898,SYN-0266,SYN-0109,0,0.6829,0,Not Similar,0.0044315248284048925,0.20126973290258077,0.3708096986380989,0.32739204700873015,0.0030491727376322384,0.0,0.0,0.027330669734477668
PAIR-0902,SYN-0285,SYN-0394,0,0.6667,0,Not Similar,0.004046414027590817,0.23761986576361832,0.3750621093926272,0.33151265578177797,1.0000000000000002,0.0,0.0,0.019068022511480518
PAIR-0910,SYN-0433,SYN-0411,0,0.7179,0,Not Similar,0.005969462118349891,0.2961717204260163,0.48821221186537367,0.4396287964275035,0.9999999999999999,0.0,0.0,0.029769058671394788
PAIR-0912,SYN-0111,SYN-0432,0,0.7179,0,Not Similar,0.005770419032418722,0.21569959827275081,0.4293352455022354,0.3824907209273746,0.049443921584745434,0.0,0.0,0.03528289438452101
PAIR-0914,SYN-0201,SYN-0129,0,0.8611,0,Not Similar,0.28513397408557695,0.4002747631867912,0.6440195688137114,0.6109815900003155,0.046501162710801125,0.03534403701153392,1.0,0.0
PAIR-0915,SYN-0184,SYN-0455,0,0.7568,0,Not Similar,0.006624221584738312,0.21428669395725963,0.519653661832466,0.44354195959159676,0.0531946842739727,0.0,0.0,0.0
PAIR-0916,SYN-0410,SYN-0335,0,0.7179,0,Not Similar,0.005578625458599065,0.18670126636107842,0.45878212927590284,0.4107520072573971,0.03708340816645848,0.0,0.0,0.08303417564128915
PAIR-0918,SYN-0082,SYN-0154,0,0.7179,0,Not Similar,0.005193202110295137,0.3781022826226548,0.41699820425054857,0.37061424963732204,1.0,0.0,0.0,0.01806377038989184
PAIR-0919,SYN-0456,SYN-0032,0,0.7,0,Not Similar,0.004427349396788684,0.1730342508335777,0.42072709112212037,0.3739320957976458,0.03992883593314474,0.0,0.0,0.037015988051066345
PAIR-0921,SYN-0268,SYN-0206,0,0.7436,0,Not Similar,0.09272375106629784,0.3527952244910486,0.46656616443686777,0.4185332147220707,1.0000000000000002,0.0,1.0,0.0336144559401412
PAIR-0922,SYN-0182,SYN-0042,0,0.7,0,Not Similar,0.005566918802576242,0.29580717327805334,0.4493416192430763,0.40177270291874917,1.0,0.04787606432670763,0.0,0.0
PAIR-0923,SYN-0588,SYN-0480,0,0.7,0,Not Similar,0.004814363503066003,0.39048302078636726,0.39659248475232095,0.3508660177041546,0.08578634339055208,0.0,0.0,0.028346502242523414
PAIR-0928,SYN-0171,SYN-0075,0,0.7778,0,Not Similar,0.0060087206497813255,0.40069278169542083,0.5099521737065799,0.4345088184395817,0.07191136188695764,0.0,0.0,0.023030653080536746
PAIR-0930,SYN-0594,SYN-0521,0,0.7436,0,Not Similar,0.059893243286038865,0.2573086481694005,0.5297091489444566,0.4858483035925779,0.9999999999999999,0.0,0.0,0.013150110655490693
PAIR-0932,SYN-0249,SYN-0495,0,0.7436,0,Not Similar,0.06212595113160164,0.23709737143221443,0.48577085974974804,0.44229674156712695,0.03708340816645848,0.04092990350042907,0.0,0.02593961011781908
PAIR-0934,SYN-0482,SYN-0104,0,0.7,0,Not Similar,0.005528226965794155,0.22394133803878014,0.4493416192430763,0.40177270291874917,0.019224050344583375,0.04787606432670763,0.0,0.010974174947864828
PAIR-0935,SYN-0574,SYN-0304,0,0.7368,0,Not Similar,0.004602979155070706,0.2747220177797178,0.4323290607683607,0.3855818384221957,0.02655764372180957,0.04873465668549458,0.0,0.016361853116629337
PAIR-0936,SYN-0502,SYN-0402,0,0.7,0,Not Similar,0.005396960559739614,0.2532518620317261,0.44584471397933656,0.42197495388026734,0.09426056986529957,0.0,0.0,0.013055939814219647
PAIR-0937,SYN-0393,SYN-0339,0,0.7,0,Not Similar,0.0043745590107276315,0.2575292991608179,0.4189085984579357,0.3724708948062756,1.0000000000000002,0.0,0.0,0.10895598826170594
PAIR-0939,SYN-0071,SYN-0336,0,0.8611,0,Not Similar,0.3091974494311172,0.44886029007659056,0.6910971444099512,0.6599632682944753,0.06268000853599372,0.05064771195628793,1.0,0.0
PAIR-0940,SYN-0031,SYN-0507,0,0.6829,0,Not Similar,0.004276388160885325,0.19523434297937634,0.3959582833996004,0.33151044551688696,0.028472967256605038,0.0,0.0,0.017826699135499675
PAIR-0942,SYN-0461,SYN-0175,0,0.7632,0,Not Similar,0.08222358549402745,0.48493734296582525,0.5522900853919535,0.5092840117409115,0.028472967256605038,0.05350850773039705,0.0,0.0
PAIR-0947,SYN-0084,SYN-0419,0,0.6364,0,Not Similar,0.0035306481887927453,0.16829846431675874,0.3511777754767111,0.30854067799870555,0.03905908140646072,0.0,0.0,0.041991165423474364
PAIR-0950,SYN-0015,SYN-0198,0,0.7568,0,Not Similar,0.005249224769980559,0.29999087035590194,0.47437619466175546,0.4017700242152868,0.0640695419242022,0.0,0.0,0.02399865501054785
PAIR-0953,SYN-0175,SYN-0400,0,0.7778,0,Not Similar,0.005468771671211799,0.2595569792143668,0.4917217206816971,0.44307669092648966,0.0030491727376322384,0.03704387701982834,0.0,0.0
PAIR-0954,SYN-0378,SYN-0046,0,0.7568,0,Not Similar,0.005890286267850841,0.22988028693977933,0.49976876757660094,0.4250766977326459,0.11073703106740922,0.0,0.0,0.6776969855938058
PAIR-0956,SYN-0367,SYN-0325,0,0.6829,0,Not Similar,0.004495527261403219,0.2244407386840773,0.3906473008724352,0.34523939357946926,1.0000000000000002,0.0,0.0,0.0394712892339555
PAIR-0957,SYN-0266,SYN-0507,0,0.7568,0,Not Similar,0.006255230510976803,0.23921313437616767,0.524604011870906,0.44816951274978134,0.06001087285043441,0.0,0.0,0.017346430906045464
PAIR-0958,SYN-0550,SYN-0336,0,0.7,0,Not Similar,0.005030772569551226,0.20514078655989762,0.4771256256913217,0.4288010297453419,0.08287688990740738,0.0,0.0,0.0
PAIR-0960,SYN-0285,SYN-0199,0,0.7368,0,Not Similar,0.006818710616857723,0.2741489738545186,0.5441195820399004,0.4954836465190938,0.042053812304518705,0.0,0.0,0.0
PAIR-0961,SYN-0473,SYN-0495,0,0.7632,0,Not Similar,0.06875978315151195,0.29151911284484894,0.537205164893244,0.4933765667215076,0.09426056986529957,0.0,0.0,0.029769058671394788
PAIR-0962,SYN-0301,SYN-0067,0,0.7568,0,Not Similar,0.005918593830034703,0.2345330499550434,0.47437619466175546,0.4017700242152868,0.042053812304518705,0.0,0.0,0.030833828637999373
PAIR-0963,SYN-0171,SYN-0361,0,0.8286,0,Not Similar,0.16163382210283322,0.33180812294529266,0.5172838290119737,0.44133104848958266,0.06827013080437296,0.0,1.0,0.013093739364313064
PAIR-0964,SYN-0369,SYN-0344,0,0.7436,0,Not Similar,0.057076299364155855,0.2612973075083556,0.46527444334094065,0.41711664652546565,0.02086270648700225,0.0,0.0,0.0
PAIR-0966,SYN-0520,SYN-0231,0,0.7436,0,Not Similar,0.05914532717266113,0.2345800667287682,0.5297091489444566,0.4858483035925779,0.039181891032583294,0.0,0.0,0.0
PAIR-0967,SYN-0059,SYN-0560,0,0.8108,0,Not Similar,0.17859397034414706,0.3159486939700055,0.4903984337877252,0.4469113031413651,0.03905908140646072,0.0,1.0,0.020010090051812087
PAIR-0968,SYN-0387,SYN-0411,0,0.7179,0,Not Similar,0.005660101569680281,0.19546184044854426,0.47089967831269064,0.42256320259704133,0.023892081866768083,0.0,0.0,0.02335359825583299
PAIR-0972,SYN-0314,SYN-0377,0,0.7436,0,Not Similar,0.08236341633655588,0.2480810681795068,0.44953507330290887,0.40181488697022155,0.0029950390026826923,0.0,0.0,0.017791013014680647
PAIR-0973,SYN-0482,SYN-0040,0,0.7,0,Not Similar,0.005102623504702208,0.35841044101705355,0.41036704463592794,0.3639727276687344,0.028472967256605038,0.0,0.0,1.0
PAIR-0974,SYN-0386,SYN-0226,0,0.7568,0,Not Similar,0.005495294493326021,0.28895452350952583,0.48821221186537367,0.4396287964275035,1.0000000000000016,0.0,0.0,0.017875046878487164
PAIR-0975,SYN-0435,SYN-0219,0,0.7368,0,Not Similar,0.005057690010465963,0.22604118145400853,0.46089540755965913,0.41279660922287736,0.08287688990740738,0.03779809707262431,0.0,0.018220553083533337
PAIR-0976,SYN-0522,SYN-0482,0,0.6829,0,Not Similar,0.004740996513433902,0.251892410412494,0.3824090571147191,0.3373922966918376,0.09426056986529957,0.0436047211439854,0.0,0.010974174947864828
PAIR-0977,SYN-0436,SYN-0577,0,0.7632,0,Not Similar,0.0769135662636626,0.27129476425344806,0.46527444334094065,0.41711664652546565,0.08578634339055208,0.0,0.0,0.0
PAIR-0980,SYN-0017,SYN-0115,0,0.7778,0,Not Similar,0.0060940060905319985,0.2989083299336345,0.5266848702051553,0.47813044119292764,0.07191136188695764,0.0,0.0,0.029769058671394788
PAIR-0981,SYN-0334,SYN-0572,0,0.8108,0,Not Similar,0.15733329912025615,0.2900877548730025,0.4730570113864039,0.42468009348681957,0.03179744592877114,0.0,1.0,0.01826966383131374
PAIR-0982,SYN-0161,SYN-0334,0,0.6667,0,Not Similar,0.004412940331674694,0.3204073346954924,0.360453232482165,0.3174127812475772,0.04581509736903244,0.0,0.0,0.1665590708393702
PAIR-0984,SYN-0392,SYN-0384,0,0.7895,0,Not Similar,0.16037468561695545,0.3753933260151498,0.47809925691500105,0.4296210089114079,0.9999999999999987,0.047310991064681375,1.0,0.023030653080536746
PAIR-0988,SYN-0221,SYN-0516,0,0.7179,0,Not Similar,0.005328827064556903,0.1816204651859222,0.4474850098685069,0.3998119716307699,0.05903918098534239,0.0,0.0,0.6750587166765522
PAIR-0991,SYN-0466,SYN-0012,0,0.7179,0,Not Similar,0.006002366013242166,0.34190493092151186,0.4745173136143628,0.4261752425857773,0.019224050344583375,0.03779809707262431,0.0,1.0
PAIR-0992,SYN-0218,SYN-0484,0,0.7368,0,Not Similar,0.005710633473481747,0.22446786469155236,0.4203442748707057,0.3737403266346453,0.05903918098534239,0.03704387701982834,0.0,0.03072138281198905
PAIR-0993,SYN-0242,SYN-0209,0,0.725,0,Not Similar,0.05719052274836846,0.3035944386617755,0.49750404499329737,0.4538338990289116,0.02390512074852718,0.0,0.0,0.017791013014680647
PAIR-0994,SYN-0183,SYN-0270,0,0.8529,0,Not Similar,0.19251615439086933,0.3799922732602238,0.55549160753947,0.5121550585711435,0.06827013080437296,0.0,1.0,0.036177268971577074
PAIR-0996,SYN-0047,SYN-0145,0,0.8056,0,Not Similar,0.2150959100635514,0.28489572180468437,0.5153876793766773,0.4395640855831881,1.0,0.0,0.0,0.03152347753447504
PAIR-0998,SYN-0150,SYN-0023,0,0.7179,0,Not Similar,0.006171633693452069,0.26321681558009713,0.4549551690646492,0.4070000770578482,0.040157584397110896,0.0,0.0,0.0
PAIR-1000,SYN-0229,SYN-0073,0,0.6829,0,Not Similar,0.005157794879486611,0.23857720526858267,0.45710042279617624,0.40910747405939385,0.013112892679882186,0.04436352704187294,0.0,0.025565012889029445
PAIR-1001,SYN-0501,SYN-0028,0,0.725,0,Not Similar,0.059309607426895006,0.23134392534935252,0.49750404499329737,0.4538338990289116,0.0690597706857835,0.0,0.0,0.02174242090845897
PAIR-1003,SYN-0437,SYN-0456,0,0.7179,0,Not Similar,0.00569768666929578,0.24092627743268058,0.4318395142799794,0.3846845326675656,0.08578634339055208,0.0,0.0,0.027767313317979162
PAIR-1005,SYN-0159,SYN-0384,0,0.7895,0,Not Similar,0.16028397909456576,0.3404156595855893,0.47809925691500105,0.4296210089114079,0.06827013080437296,0.047310991064681375,1.0,0.0293901845279424
PAIR-1007,SYN-0497,SYN-0192,0,0.6364,0,Not Similar,0.003956437046639863,0.19591793847979477,0.36429525079286457,0.3402680543203483,0.014864848687586085,0.0,0.0,0.026846898342445417
PAIR-1016,SYN-0145,SYN-0099,0,0.7568,0,Not Similar,0.0055302016148399144,0.29372849372011933,0.5153876793766773,0.4395640855831881,0.07191136188695764,0.0,0.0,0.036177268971577074
PAIR-1017,SYN-0179,SYN-0156,0,0.8108,0,Not Similar,0.16134795547671688,0.37178331587338187,0.48304012310994227,0.43451171542095623,0.07191136188695764,0.0,1.0,0.03047855538189337
PAIR-1019,SYN-0043,SYN-0193,0,0.7778,0,Not Similar,0.006724825572369192,0.2818548860708391,0.5266848702051553,0.47813044119292764,0.07191136188695764,0.0,0.0,0.03659426228379095
PAIR-1020,SYN-0072,SYN-0008,0,0.7,0,Not Similar,0.005107071010017615,0.2537058924589417,0.432333313643583,0.38508678053907075,0.040157584397110896,0.029934048770094288,0.0,0.01988627655647779
PAIR-1021,SYN-0322,SYN-0359,0,0.7368,0,Not Similar,0.005486096740543713,0.2627419873034352,0.45553084809805267,0.4075741009852525,0.02390512074852718,0.03071281763612688,0.0,0.01849634292151549
PAIR-1027,SYN-0098,SYN-0575,0,0.6512,0,Not Similar,0.00405244738597005,0.19755501711748458,0.35325522089109906,0.3105225283008063,0.0690597706857835,0.14834632117724156,0.0,0.028346502242523414
PAIR-1028,SYN-0179,SYN-0532,0,0.7179,0,Not Similar,0.005368976646765384,0.19539313812400802,0.4411426390796242,0.39363155614324646,0.0531946842739727,0.0,0.0,0.020911502818993555
PAIR-1029,SYN-0056,SYN-0275,0,0.7,0,Not Similar,0.004783426949478903,0.23635383791909714,0.3824090571147191,0.3373922966918376,0.04581509736903244,0.0436047211439854,0.0,0.01364408263644671
PAIR-1031,SYN-0431,SYN-0066,0,0.7368,0,Not Similar,0.006542927335872998,0.21574529951944324,0.4969242448237574,0.4488670659521536,0.02503632546002444,0.0,0.0,0.0
PAIR-1032,SYN-0246,SYN-0180,0,0.7568,0,Not Similar,0.005123892223797752,0.19422186534226013,0.475918929143433,0.42747948917980316,0.042053812304518705,0.0,0.0,0.027568465466162876
PAIR-1033,SYN-0192,SYN-0367,0,0.6829,0,Not Similar,0.004712951181183536,0.2523454291895934,0.415469660444298,0.39115869957617455,0.11073703106740922,0.04770806801274207,0.0,0.044776474247134976
PAIR-1041,SYN-0418,SYN-0384,0,0.7,0,Not Similar,0.005532178460016978,0.28570772550646534,0.415469660444298,0.36913041650586303,0.03708340816645848,0.42769528954108654,0.0,0.03497808560968547
PAIR-1042,SYN-0589,SYN-0364,0,0.7568,0,Not Similar,0.0071237248984185025,0.2711968602535238,0.5228903707324287,0.47400263933451325,0.039181891032583294,0.0,0.0,0.019069614920195408
PAIR-1044,SYN-0214,SYN-0263,0,0.7179,0,Not Similar,0.0056037153569296165,0.2759803553228101,0.4228992259638914,0.3763569507437564,0.02390512074852718,0.0,0.0,0.0
PAIR-1045,SYN-0210,SYN-0529,0,0.7368,0,Not Similar,0.0060602148077806995,0.2152851609484034,0.47645757718901105,0.4280107491901335,0.06001087285043441,0.03275334351532755,0.0,0.02764828167290212
PAIR-1048,SYN-0025,SYN-0330,0,0.8857,0,Not Similar,0.34586866090687296,0.6783745312641,0.6910971444099512,0.6599632682944753,0.042053812304518705,0.05064771195628793,1.0,0.0439313843031815
PAIR-1051,SYN-0323,SYN-0007,0,0.7568,0,Not Similar,0.00519078956113535,0.22984699375550932,0.4691372912738197,0.4208780045683838,0.04581509736903244,0.0,0.0,0.0
PAIR-1054,SYN-0326,SYN-0137,0,0.7778,0,Not Similar,0.0062654392877704934,0.2616415460510555,0.524604011870906,0.44816951274978134,0.0030491727376322384,0.0,0.0,0.02973217704967169
PAIR-1056,SYN-0395,SYN-0107,0,0.7179,0,Not Similar,0.004456016140737803,0.20507990091864678,0.4608839482125023,0.4128097282723312,0.06268000853599372,0.0,0.0,0.0
PAIR-1059,SYN-0249,SYN-0099,0,0.7,0,Not Similar,0.005483543020586435,0.25629459414201705,0.4364424285324676,0.38916012210584766,0.06827013080437296,0.04787606432670763,0.0,0.02625863999715187
PAIR-1062,SYN-0016,SYN-0358,0,0.7,0,Not Similar,0.005347839161759216,0.24846867845927342,0.4364424285324676,0.38916012210584766,0.06268000853599372,0.04787606432670763,0.0,0.0
PAIR-1063,SYN-0174,SYN-0011,0,0.7368,0,Not Similar,0.005207925632393873,0.2748114180617233,0.4203442748707057,0.3737403266346453,0.040157584397110896,0.03704387701982834,0.0,0.020911502818993555
PAIR-1067,SYN-0507,SYN-0230,0,0.7368,0,Not Similar,0.0054855749236245735,0.2271043621477538,0.5099521737065799,0.4345088184395817,0.03708340816645848,0.0,0.0,0.017875046878487164
PAIR-1068,SYN-0582,SYN-0577,0,0.7368,0,Not Similar,0.006537402361886236,0.2604774484839012,0.4691372912738197,0.4208780045683838,0.9999999999999999,0.0,0.0,0.02129531772760206
PAIR-1069,SYN-0286,SYN-0328,0,0.8286,0,Not Similar,0.079838927965247,0.5002784924110589,0.6182535658225787,0.5761308760229628,0.02390512074852718,1.0,0.0,0.02023816792343047
PAIR-1080,SYN-0489,SYN-0138,0,0.7632,0,Not Similar,0.06196529481458453,0.20011875236846904,0.4411426390796242,0.39363155614324646,0.028472967256605038,0.0,0.0,0.019871130360628916
PAIR-1082,SYN-0032,SYN-0165,0,0.7,0,Not Similar,0.004376242122374465,0.22280628490753876,0.43088922579536637,0.38368598512983315,0.0640695419242022,0.0,0.0,0.0230284513080049
PAIR-1087,SYN-0575,SYN-0354,0,0.6829,0,Not Similar,0.005019174794064853,0.42365319194443785,0.4060318238998258,0.3619530537903923,0.0444595271076699,0.0,0.0,1.0000000000000002
PAIR-1088,SYN-0191,SYN-0227,0,0.7632,0,Not Similar,0.07336694553351612,0.28385782565009415,0.43343821638858493,0.38615051651828275,0.013112892679882186,0.0,1.0,0.0
PAIR-1090,SYN-0395,SYN-0486,0,0.7179,0,Not Similar,0.00431487844507462,0.17897121137038796,0.44324791627901516,0.395623891474637,0.0444595271076699,0.0,0.0,0.0
PAIR-1091,SYN-0335,SYN-0552,0,0.7368,0,Not Similar,0.0052251403593900165,0.18670377892556939,0.4474850098685069,0.3998119716307699,0.03708340816645848,0.0,0.0,0.0
PAIR-1093,SYN-0229,SYN-0159,0,0.6829,0,Not Similar,0.005308067505324156,0.22896052300394504,0.4608839482125023,0.4128097282723312,0.06827013080437296,0.037926987238790115,0.0,0.020768854798246736
PAIR-1095,SYN-0255,SYN-0284,0,0.7,0,Not Similar,0.005430848222839415,0.2990653389469505,0.4771256256913217,0.4288010297453419,0.02086270648700225,0.0419916614064972,0.0,0.017550240307326243
PAIR-1096,SYN-0498,SYN-0287,0,0.7436,0,Not Similar,0.05984718248717373,0.19113103386145408,0.4608839482125023,0.4128097282723312,0.06001087285043441,0.0,0.0,0.0
PAIR-1097,SYN-0352,SYN-0349,0,0.8,0,Not Similar,0.005141708455627625,0.26373644758533327,0.5009545252288986,0.42617240118542826,0.02390512074852718,0.0,0.0,0.02196894710015036
PAIR-1098,SYN-0339,SYN-0462,0,0.6829,0,Not Similar,0.00509218274569778,0.19895959499713184,0.4608839482125023,0.4128097282723312,0.0444595271076699,0.0,0.0,0.01622784826089571
PAIR-1099,SYN-0216,SYN-0546,0,0.7632,0,Not Similar,0.05230472286089382,0.22743095296315585,0.49750404499329737,0.4538338990289116,0.023892081866768083,0.0,0.0,0.01634489767629536
PAIR-1100,SYN-0290,SYN-0329,0,0.6667,0,Not Similar,0.0035612436774483825,0.23054699083517213,0.32405174753761445,0.28292792279135487,0.0029950390026826923,0.0,0.0,0.044776474247134976
PAIR-1102,SYN-0214,SYN-0390,0,0.8286,0,Not Similar,0.05579881006565129,0.31369467670085616,0.5646217979238033,0.5211191475547577,1.0000000000000002,0.0,0.0,0.034553118648998994
PAIR-1104,SYN-0043,SYN-0367,0,0.7179,0,Not Similar,0.005491608915054458,0.252054533243475,0.4630691825877192,0.4160869174482741,0.06268000853599372,0.0,0.0,0.03857693722241696
PAIR-1106,SYN-0085,SYN-0517,0,0.7368,0,Not Similar,0.007224438304176282,0.24014406891726495,0.5037984229923048,0.4550001244515577,0.049443921584745434,0.0,0.0,0.03411335723846008
PAIR-1109,SYN-0156,SYN-0186,0,0.7,0,Not Similar,0.005396766767128163,0.3656692390471172,0.4277489945195007,0.38109383964255955,1.0,0.42769528954108654,0.0,0.0
PAIR-1111,SYN-0340,SYN-0063,0,0.7568,0,Not Similar,0.005068325786191217,0.24697454534538,0.47645757718901105,0.4280107491901335,0.013112892679882186,0.03275334351532755,0.0,0.016409223945179695
PAIR-1112,SYN-0069,SYN-0078,0,0.7368,0,Not Similar,0.007432108683411647,0.34901667557586824,0.5441195820399004,0.4954836465190938,0.9999999999999989,0.0,0.0,0.0
PAIR-1113,SYN-0580,SYN-0301,0,0.7,0,Not Similar,0.0059484817305788164,0.23419948987012576,0.4364424285324676,0.41238370094438126,0.08287688990740738,0.045316403287440486,0.0,0.0
PAIR-1118,SYN-0138,SYN-0001,0,0.7368,0,Not Similar,0.005759070452228022,0.2836643481471401,0.4724774032441351,0.42440895149146396,1.0000000000000002,0.0,0.0,0.02914244679044633
PAIR-1120,SYN-0387,SYN-0285,0,0.7179,0,Not Similar,0.00642737926197543,0.25717540695974017,0.48998486001649594,0.44133399095650827,1.0000000000000002,0.0,0.0,0.01514269391177691
PAIR-1123,SYN-0116,SYN-0488,0,0.7,0,Not Similar,0.004758192444336847,0.19442051454036255,0.4442995718499327,0.39664367558937247,0.02503632546002444,0.03030094937905793,0.0,0.3044657756145084
PAIR-1126,SYN-0564,SYN-0404,0,0.75,0,Not Similar,0.2095844996756506,0.25666887334426014,0.4232159660657988,0.3763339749982376,0.09426056986529957,0.03230411421353332,0.0,0.030263311439488134
PAIR-1127,SYN-0163,SYN-0103,0,0.7368,0,Not Similar,0.006517887255962592,0.49302884091819676,0.5037984229923048,0.4550001244515577,0.040157584397110896,0.0,0.0,0.023129804867103716
PAIR-1129,SYN-0016,SYN-0256,0,0.7179,0,Not Similar,0.005367779494294312,0.21844546003343077,0.4318395142799794,0.3846845326675656,0.015562708906446683,0.0,0.0,0.0
PAIR-1130,SYN-0038,SYN-0330,0,0.7838,0,Not Similar,0.09702299771065184,0.2855139483790154,0.479598145505097,0.43119414808797735,0.06268000853599372,0.03654710732438736,1.0,0.04631158407334182
PAIR-1134,SYN-0187,SYN-0500,0,0.6512,0,Not Similar,0.00385226138649773,0.16829588298148873,0.3425303216862907,0.3003229555045231,0.0690597706857835,0.0,0.0,0.018145154556774637
PAIR-1136,SYN-0574,SYN-0552,0,0.7179,0,Not Similar,0.0044589156278943345,0.25402490876337386,0.3906473008724352,0.34523939357946926,0.09426056986529957,0.04040556075001738,0.0,0.029397104641649064
PAIR-1141,SYN-0406,SYN-0235,0,0.6829,0,Not Similar,0.0052204855157600965,0.21306487359502782,0.42528388542685797,0.3785413310352686,0.06001087285043441,0.0,0.0,0.027568465466162876
PAIR-1142,SYN-0342,SYN-0056,0,0.6905,0,Not Similar,0.04347025344833364,0.182678349623001,0.3191939973285748,0.27839078041905635,0.04581509736903244,0.0,0.0,0.01988627655647779
PAIR-1143,SYN-0232,SYN-0354,0,0.7568,0,Not Similar,0.007785110083557069,0.3213034031404506,0.5516527569713473,0.5030320254415293,1.0000000000000002,0.0,0.0,0.025776121337231905
PAIR-1145,SYN-0022,SYN-0511,0,0.7179,0,Not Similar,0.005987087434726941,0.2340461019034534,0.4756491635344958,0.42734059537349584,0.03992883593314474,0.042895243667226246,0.0,0.017673600647654962
PAIR-1150,SYN-0333,SYN-0227,0,0.7,0,Not Similar,0.004144648165362166,0.25531925539438044,0.44324791627901516,0.395623891474637,0.9999999999999987,0.029934048770094288,0.0,0.0
PAIR-1151,SYN-0144,SYN-0412,0,0.7179,0,Not Similar,0.005170360168941429,0.19072304950047286,0.4474850098685069,0.3998119716307699,0.0531946842739727,0.0,0.0,0.0
PAIR-1153,SYN-0316,SYN-0459,0,0.6667,0,Not Similar,0.004950132363162783,0.20188562762153245,0.3790780377301894,0.335416755611831,0.08287688990740738,0.0,0.0,0.0
PAIR-1155,SYN-0487,SYN-0144,0,0.7,0,Not Similar,0.0052403730578110186,0.21163736560039795,0.44584471397933656,0.3982112391968711,0.03905908140646072,0.0,0.0,0.02691970974354698
PAIR-1158,SYN-0182,SYN-0410,0,0.7,0,Not Similar,0.005314037556540019,0.21505552637348968,0.4706101669046341,0.42236654348771796,0.0690597706857835,0.04436352704187294,0.0,0.023172683650114097
PAIR-1159,SYN-0040,SYN-0151,0,0.7,0,Not Similar,0.005572179148477751,0.24406704492622674,0.44584471397933656,0.3982112391968711,1.0000000000000002,0.0,0.0,0.014815370709584514
PAIR-1160,SYN-0525,SYN-0171,0,0.7778,0,Not Similar,0.00640059473737674,0.24498789275882235,0.524604011870906,0.44816951274978134,0.03905908140646072,0.0,0.0,0.019069614920195408
PAIR-1164,SYN-0081,SYN-0080,0,0.8378,0,Not Similar,0.2028898490336187,0.3636192218989318,0.5321359058931155,0.4882822302605152,0.040157584397110896,0.0,1.0,0.01638922662951344
PAIR-1167,SYN-0206,SYN-0177,0,0.7632,0,Not Similar,0.07494453772617476,0.4808919374854936,0.5540044485679793,0.5110244873330512,0.06268000853599372,0.05238135855837332,0.0,0.02881144378364917
PAIR-1169,SYN-0107,SYN-0500,0,0.7,0,Not Similar,0.005510643205194133,0.20896253839472936,0.44953507330290887,0.40181488697022155,0.0690597706857835,0.037926987238790115,0.0,0.01957484174585062
PAIR-1172,SYN-0480,SYN-0363,0,0.6829,0,Not Similar,0.00515693972128729,0.2033229939210811,0.45902179213893174,0.41111716441808516,0.08287688990740738,0.0,0.0,0.027568465466162876
PAIR-1175,SYN-0135,SYN-0204,0,0.6512,0,Not Similar,0.004212202806124337,0.19348908287113872,0.360453232482165,0.3174127812475772,0.013112892679882186,0.0,0.0,0.022557989739406925
PAIR-1177,SYN-0310,SYN-0376,0,0.7632,0,Not Similar,0.07615192013235497,0.34569601028560826,0.5540044485679793,0.5110244873330512,0.9999999999999987,0.0,0.0,0.01923129468731988
PAIR-1179,SYN-0273,SYN-0566,0,0.6829,0,Not Similar,0.004443043293045064,0.33997231429797253,0.42979082083158715,0.382629038240879,0.039181891032583294,0.0,0.0,0.0
PAIR-1180,SYN-0585,SYN-0159,0,0.7368,0,Not Similar,0.0060699609423704405,0.23463712419306332,0.519653661832466,0.44354195959159676,0.03905908140646072,0.0,0.0,0.02433537162065943
PAIR-1181,SYN-0550,SYN-0451,0,0.7368,0,Not Similar,0.004998633664055869,0.2319921535004978,0.45553084809805267,0.4075741009852525,0.08578634339055208,0.0,0.0,0.02612361736736085
PAIR-1186,SYN-0331,SYN-0438,0,0.7179,0,Not Similar,0.006076536984950686,0.18203003621750857,0.4614961245717988,0.4133903919104413,0.08287688990740738,0.0,0.0,0.024159678645707627
PAIR-1187,SYN-0254,SYN-0210,0,0.8108,0,Not Similar,0.12409756366239025,0.35686400368752474,0.47809925691500105,0.4296210089114079,0.0029950390026826923,0.047310991064681375,1.0,0.04631158407334182
PAIR-1188,SYN-0408,SYN-0292,0,0.7,0,Not Similar,0.006006345972256439,0.20661340916123971,0.4680268449057557,0.4197959131858295,0.0444595271076699,0.0,0.0,0.02057481448225616
PAIR-1190,SYN-0298,SYN-0275,0,0.7179,0,Not Similar,0.005959935632709154,0.2359538534181284,0.4364424285324676,0.38916012210584766,0.02086270648700225,0.0,0.0,0.023707082864656264
PAIR-1193,SYN-0545,SYN-0406,0,0.7179,0,Not Similar,0.005794090943746883,0.2905941091118675,0.4469885394073822,0.39982672272858727,1.0000000000000004,0.0,0.0,0.0
PAIR-1194,SYN-0591,SYN-0157,0,0.7368,0,Not Similar,0.006357350323466821,0.2364198329273326,0.5024993795043401,0.45377861259856356,0.03992883593314474,0.0,0.0,0.034553118648998994
PAIR-1196,SYN-0450,SYN-0409,0,0.8378,0,Not Similar,0.228636752098118,0.418171853700081,0.5307526027437022,0.5157770539176968,1.0000000000000013,0.05238135855837332,1.0,0.02129531772760206
PAIR-1197,SYN-0027,SYN-0340,0,0.8056,0,Not Similar,0.051577912404991294,0.29606054738055665,0.5592938258233069,0.5157383563843324,0.046501162710801125,0.0,0.0,0.016409223945179695
PAIR-1198,SYN-0029,SYN-0049,0,0.8108,0,Not Similar,0.1481354408532067,0.31652403492151254,0.4730570113864039,0.42468009348681957,0.07191136188695764,0.0,1.0,0.026958455208865445
PAIR-1199,SYN-0184,SYN-0435,0,0.7895,0,Not Similar,0.16065039763018152,0.30299827632704646,0.47809925691500105,0.4296210089114079,0.0531946842739727,0.0,1.0,0.0
PAIR-1200,SYN-0290,SYN-0309,0,0.6829,0,Not Similar,0.004025340637264901,0.21012784070104487,0.3656355201368392,0.3223964845064849,0.0029950390026826923,0.0,0.0,0.02470974697254518
PAIR-1205,SYN-0276,SYN-0093,0,0.7778,0,Not Similar,0.006571113098601263,0.33531951744228533,0.574434607690771,0.49548034302497895,0.04581509736903244,0.0,0.0,0.03857693722241696
PAIR-1206,SYN-0295,SYN-0548,0,0.6829,0,Not Similar,0.005167724661225029,0.2246460079807278,0.415469660444298,0.39115869957617455,0.023892081866768083,0.04770806801274207,0.0,0.0179934482769695
PAIR-1207,SYN-0543,SYN-0398,0,0.7436,0,Not Similar,0.091036893041887,0.29416731919669703,0.46656616443686777,0.4185332147220707,0.0444595271076699,0.0,1.0,0.0
PAIR-1208,SYN-0390,SYN-0128,0,0.8286,0,Not Similar,0.055036100000268214,0.24495273692772196,0.5567432176739078,0.5131675699385274,0.042053812304518705,0.0,0.0,0.44926535322823086
PAIR-1209,SYN-0566,SYN-0494,0,0.6829,0,Not Similar,0.005161401007684007,0.4283827766541246,0.4608839482125023,0.4128097282723312,0.09426056986529957,0.0,0.0,0.16997474670636611
PAIR-1210,SYN-0188,SYN-0099,0,0.7,0,Not Similar,0.004816525437658595,0.24508734231119864,0.45710042279617624,0.40910747405939385,0.040157584397110896,0.0,0.0,0.02129531772760206
PAIR-1211,SYN-0040,SYN-0551,0,0.7179,0,Not Similar,0.0057553537665454195,0.18427678135297143,0.4538174562261002,0.4060070940635866,0.03905908140646072,0.0,0.0,0.02343978103979647
PAIR-1213,SYN-0319,SYN-0364,0,0.7568,0,Not Similar,0.004807132425046468,0.27153620832662506,0.4724774032441351,0.42440895149146396,0.0029950390026826923,0.0,0.0,0.6468175759612678
PAIR-1218,SYN-0325,SYN-0174,0,0.7,0,Not Similar,0.004668235608356028,0.20692888095504608,0.39659248475232095,0.3508660177041546,0.11073703106740922,0.0,0.0,0.024555030060727595
PAIR-1223,SYN-0465,SYN-0303,0,0.7179,0,Not Similar,0.005437533580689669,0.24495896311722945,0.4402710068721421,0.39320515344544815,0.06001087285043441,0.05064771195628793,0.0,0.02059970172410225
PAIR-1224,SYN-0298,SYN-0166,0,0.7632,0,Not Similar,0.07593313023756398,0.2367302463231954,0.5307526027437022,0.5157770539176968,0.013112892679882186,0.0,0.0,0.023416544351291726
PAIR-1226,SYN-0585,SYN-0556,0,0.8333,0,Not Similar,0.2351439249987033,0.2785747312830848,0.5009545252288986,0.42617240118542826,0.9999999999999999,0.0,0.0,0.019871130360628916
PAIR-1231,SYN-0007,SYN-0327,0,0.8108,0,Not Similar,0.17758503161941136,0.32937253845597864,0.4903984337877252,0.4469113031413651,0.013112892679882186,0.0,1.0,0.018145154556774637
PAIR-1233,SYN-0335,SYN-0382,0,0.7568,0,Not Similar,0.005393959913959794,0.2808179996499274,0.4952313086313782,0.44653141533545687,0.9999999999999987,0.0,0.0,0.0
PAIR-1234,SYN-0569,SYN-0384,0,0.7436,0,Not Similar,0.07230128158286087,0.48990975652099594,0.5540044485679793,0.5110244873330512,0.05903918098534239,0.05238135855837332,0.0,1.0
PAIR-1235,SYN-0201,SYN-0272,0,0.8108,0,Not Similar,0.16496901536573982,0.25830156762073964,0.5146680543122369,0.4714855662487583,0.9999999999999987,0.0,0.0,0.0
PAIR-1238,SYN-0384,SYN-0031,0,0.6512,0,Not Similar,0.00451568656893369,0.36647867690804853,0.36429525079286457,0.3211057014736018,0.06827013080437296,0.0,0.0,0.023129804867103716
PAIR-1239,SYN-0177,SYN-0512,0,0.7436,0,Not Similar,0.06873715808437252,0.26355113870873265,0.5146680543122369,0.4714855662487583,0.03992883593314474,0.03734041686399041,0.0,0.017703896742666436
PAIR-1242,SYN-0252,SYN-0336,0,0.8611,0,Not Similar,0.316317085679176,0.6884849678762388,0.6910971444099512,0.6599632682944753,1.0000000000000002,0.05064771195628793,1.0,1.0000000000000002
PAIR-1244,SYN-0124,SYN-0320,0,0.7436,0,Not Similar,0.09159354606774778,0.27433449426979584,0.43343821638858493,0.38615051651828275,0.042053812304518705,0.0,1.0,0.025609473794955734
PAIR-1245,SYN-0554,SYN-0366,0,0.7895,0,Not Similar,0.16047502291517046,0.2867420730125198,0.47809925691500105,0.45525913780589694,0.06001087285043441,0.04478154128094414,1.0,0.03188682943148883
PAIR-1247,SYN-0359,SYN-0112,0,0.7436,0,Not Similar,0.04815360794915243,0.22840029232080478,0.42979082083158715,0.382629038240879,0.046501162710801125,0.035564144527949065,0.0,0.020911502818993555
PAIR-1248,SYN-0286,SYN-0495,0,0.7838,0,Not Similar,0.07001413760848765,0.42553395119117443,0.5592938258233069,0.5157383563843324,0.0444595271076699,0.0,0.0,0.0229437323631189
PAIR-1249,SYN-0536,SYN-0106,0,0.7,0,Not Similar,0.0056586954761265115,0.36157797789724266,0.42528388542685797,0.3785413310352686,0.03992883593314474,0.0,0.0,1.0
PAIR-1254,SYN-0292,SYN-0547,0,0.725,0,Not Similar,0.0567149875030082,0.24531661519133047,0.537205164893244,0.4933765667215076,0.0444595271076699,0.0,0.0,0.019611441047045947
PAIR-1256,SYN-0209,SYN-0035,0,0.725,0,Not Similar,0.05900698877429203,0.2669476390340125,0.49750404499329737,0.4538338990289116,0.046501162710801125,0.0,0.0,0.020143024595497844
PAIR-1258,SYN-0077,SYN-0548,0,0.7179,0,Not Similar,0.006060956530072235,0.24520882334256197,0.433671053031686,0.3868995624486233,0.03905908140646072,0.04770806801274207,0.0,0.01769903821319596
PAIR-1259,SYN-0152,SYN-0599,0,0.7,0,Not Similar,0.005183218639846517,0.20898101009098144,0.4608839482125023,0.4128097282723312,0.03992883593314474,0.037926987238790115,0.0,0.020805130054180096
PAIR-1260,SYN-0087,SYN-0400,0,0.7568,0,Not Similar,0.004513391545190372,0.23128616728233675,0.44544930964844565,0.39781457340277854,0.04581509736903244,0.0,0.0,0.021471168273774932
PAIR-1263,SYN-0156,SYN-0577,0,0.7179,0,Not Similar,0.0068330399301174795,0.2516475968888631,0.4969187299197578,0.4481725008104974,0.049443921584745434,0.0,0.0,0.03497808560968547
PAIR-1264,SYN-0389,SYN-0294,0,0.7,0,Not Similar,0.006045903718138616,0.27557766357834207,0.4601949019182254,0.41225280485438137,1.0000000000000002,0.0,0.0,1.0000000000000002
PAIR-1265,SYN-0024,SYN-0399,0,0.7179,0,Not Similar,0.006262568284539279,0.23324466571405583,0.475918929143433,0.4529898204159601,0.042053812304518705,0.0,0.0,0.027440039945625008
PAIR-1266,SYN-0223,SYN-0429,0,0.7778,0,Not Similar,0.004822429227535246,0.22064688541060495,0.47437619466175546,0.4017700242152868,0.08287688990740738,0.0,0.0,0.03152347753447504
PAIR-1267,SYN-0419,SYN-0063,0,0.6667,0,Not Similar,0.004351683747434675,0.1780831073049986,0.36304434709692474,0.31990216727338894,0.02503632546002444,0.0,0.0,0.02764828167290212
PAIR-1270,SYN-0356,SYN-0489,0,0.7179,0,Not Similar,0.006126568922224033,0.23765040640878018,0.48821221186537367,0.4396287964275035,0.06001087285043441,0.0,0.0,0.02433537162065943
PAIR-1271,SYN-0574,SYN-0460,0,0.7436,0,Not Similar,0.08205678190082122,0.2809945745629718,0.4028787813027274,0.356964419130856,1.0000000000000013,0.0340090290973682,0.0,0.01828789487709646
PAIR-1273,SYN-0015,SYN-0413,0,0.7778,0,Not Similar,0.0064908211044239295,0.2584821655198157,0.5379664002320221,0.4607237571753009,0.049443921584745434,0.0,0.0,0.023129804867103716
PAIR-1274,SYN-0139,SYN-0169,0,0.7179,0,Not Similar,0.005556270891626852,0.22356384404839988,0.4469841474506278,0.399311229235136,0.9999999999999989,0.0,0.0,0.026846898342445417
PAIR-1278,SYN-0588,SYN-0182,0,0.7,0,Not Similar,0.005421500663480504,0.4185318000600969,0.43425882172469293,0.38730481044073506,0.049443921584745434,0.05350850773039705,0.0,0.028346502242523414
PAIR-1280,SYN-0516,SYN-0367,0,0.7,0,Not Similar,0.005040256648928084,0.3562192349768232,0.41699820425054857,0.37061424963732204,0.023892081866768083,0.0,0.0,0.03022674924257162
PAIR-1281,SYN-0537,SYN-0106,0,0.7179,0,Not Similar,0.0068332046482831475,0.23971090881478355,0.4975001122225733,0.4487683784200657,0.0690597706857835,0.0,0.0,0.016361853116629337
PAIR-1286,SYN-0335,SYN-0161,0,0.6667,0,Not Similar,0.004594979606421258,0.21327731103119327,0.3656355201368392,0.3223964845064849,0.013112892679882186,0.0,0.0,0.26127533205450887
PAIR-1287,SYN-0387,SYN-0035,0,0.7632,0,Not Similar,0.06281709750275835,0.2356934469366332,0.49523522346705984,0.451571685986528,0.06268000853599372,0.0,0.0,0.02059970172410225
PAIR-1292,SYN-0379,SYN-0209,0,0.7949,0,Not Similar,0.24351526828259104,0.29422738241507823,0.48577085974974804,0.44229674156712695,0.9999999999999987,0.0,0.0,0.02775161313653176
PAIR-1293,SYN-0442,SYN-0282,0,0.7895,0,Not Similar,0.1501764615520289,0.2844493366490735,0.4730570113864039,0.42468009348681957,0.06001087285043441,0.0,1.0,0.026831718581607572
PAIR-1294,SYN-0512,SYN-0321,0,0.7436,0,Not Similar,0.07207471193564786,0.24963456821590613,0.5146680543122369,0.49877779836067865,0.039181891032583294,0.03534403701153392,0.0,0.0
PAIR-1295,SYN-0301,SYN-0250,0,0.8857,0,Not Similar,0.2792330487148898,0.4052116993834301,0.536979942109825,0.49408931103676806,0.02390512074852718,0.0,1.0,0.0
PAIR-1299,SYN-0250,SYN-0537,0,0.7568,0,Not Similar,0.007954159419878185,0.27266526809640734,0.5499456710897258,0.5013187710201709,0.03708340816645848,0.0,0.0,0.0
PAIR-1301,SYN-0073,SYN-0583,0,0.7436,0,Not Similar,0.06825085965571025,0.21900223955604514,0.5307526027437022,0.4875546528409253,0.02503632546002444,0.0,0.0,0.04631158407334182
PAIR-1306,SYN-0121,SYN-0377,0,0.7368,0,Not Similar,0.0063449681846674275,0.23506552454655252,0.4969242448237574,0.4488670659521536,0.015562708906446683,0.0,0.0,0.02775161313653176
PAIR-1309,SYN-0143,SYN-0134,0,0.7632,0,Not Similar,0.10672782363869471,0.31496674268826874,0.415469660444298,0.36913041650586303,0.040157584397110896,0.0,1.0,0.0336144559401412
PAIR-1310,SYN-0342,SYN-0362,0,0.6829,0,Not Similar,0.003779372787362256,0.2477515975101564,0.3802547335389942,0.33656304071577825,1.0000000000000016,0.0,0.0,0.02612361736736085
PAIR-1311,SYN-0432,SYN-0404,0,0.6829,0,Not Similar,0.004706334338735494,0.2602679299616889,0.3882288647949541,0.34289103082054395,0.060635219401191216,0.046291527794522724,0.0,0.028380790097580808
PAIR-1314,SYN-0102,SYN-0356,0,0.7179,0,Not Similar,0.006262325206725611,0.25432568010873235,0.4952313086313782,0.44653141533545687,0.04581509736903244,0.0,0.0,0.023405360166157498
PAIR-1316,SYN-0205,SYN-0201,0,0.7632,0,Not Similar,0.09577320663289253,0.22975301475078608,0.4614961245717988,0.4133903919104413,0.02390512074852718,0.0,0.0,0.0
PAIR-1319,SYN-0075,SYN-0453,0,0.7368,0,Not Similar,0.006410423817842435,0.25344647300834056,0.46917355388502446,0.42087138076136593,0.03992883593314474,0.15508534839533225,0.0,0.024952241022213738
PAIR-1320,SYN-0104,SYN-0121,0,0.7368,0,Not Similar,0.007061270797054607,0.2991549899751954,0.5441195820399004,0.4954836465190938,0.0640695419242022,0.0,0.0,0.020568054634403816
PAIR-1321,SYN-0458,SYN-0581,0,0.7895,0,Not Similar,0.20571185857671426,0.25395054600661915,0.4203442748707057,0.3737403266346453,0.9999999999999999,0.03704387701982834,0.0,0.0
PAIR-1322,SYN-0346,SYN-0310,0,0.7838,0,Not Similar,0.08175552129580299,0.5066805453807441,0.46656616443686777,0.4185332147220707,0.02086270648700225,0.0,1.0,1.0000000000000002
PAIR-1324,SYN-0524,SYN-0451,0,0.7838,0,Not Similar,0.06671786007170312,0.2268218004177919,0.45553084809805267,0.4075741009852525,0.060635219401191216,0.0,0.0,0.017656306835392432
PAIR-1325,SYN-0482,SYN-0156,0,0.7,0,Not Similar,0.005948297668775254,0.23952884990482357,0.4493416192430763,0.40177270291874917,0.0690597706857835,0.04787606432670763,0.0,0.02240456882349668
PAIR-1326,SYN-0520,SYN-0344,0,0.7632,0,Not Similar,0.06610461883647988,0.26745482121441494,0.537205164893244,0.4933765667215076,0.039181891032583294,0.0,0.0,0.0
PAIR-1328,SYN-0354,SYN-0470,0,0.7368,0,Not Similar,0.006275829509874612,0.2185782987763667,0.4630691825877192,0.4160869174482741,0.08287688990740738,0.0,0.0,0.0
PAIR-1329,SYN-0468,SYN-0281,0,0.7179,0,Not Similar,0.0046797930328641045,0.20442760474285596,0.4608839482125023,0.4128097282723312,0.023892081866768083,0.0,0.0,0.041991165423474364
PAIR-1330,SYN-0551,SYN-0470,0,0.7179,0,Not Similar,0.00573086254485463,0.2452588259177845,0.4228992259638914,0.3763569507437564,0.08578634339055208,0.0,0.0,0.0
PAIR-1333,SYN-0533,SYN-0452,0,0.7778,0,Not Similar,0.006322056542967785,0.26439099157313334,0.5009545252288986,0.42617240118542826,0.09426056986529957,0.0,0.0,0.0
PAIR-1334,SYN-0021,SYN-0540,0,0.7,0,Not Similar,0.00517229109176229,0.2212336047965285,0.45710042279617624,0.40910747405939385,0.03992883593314474,0.04436352704187294,0.0,1.0
PAIR-1335,SYN-0211,SYN-0389,0,0.7,0,Not Similar,0.005477831069196012,0.3467889566063824,0.4277489945195007,0.38109383964255955,1.0000000000000002,0.42769528954108654,0.0,0.6750587166765522
PAIR-1338,SYN-0465,SYN-0541,0,0.7368,0,Not Similar,0.006681334505855104,0.2984656092679731,0.48972767096964753,0.44113122566569685,0.09426056986529957,0.0,0.0,0.025609473794955734
PAIR-1341,SYN-0546,SYN-0343,0,0.7,0,Not Similar,0.005182493812006553,0.17986363856341286,0.4608839482125023,0.4128097282723312,0.023892081866768083,0.0,0.0,0.025565012889029445
PAIR-1346,SYN-0504,SYN-0251,0,0.7368,0,Not Similar,0.004601082437935225,0.21002258175166377,0.40998053619065883,0.3637172639625172,0.039181891032583294,0.03654710732438736,0.0,0.0
PAIR-1347,SYN-0025,SYN-0099,0,0.7632,0,Not Similar,0.07621583806276691,0.3480913068453215,0.5540044485679793,0.5110244873330512,1.0000000000000002,0.05238135855837332,0.0,0.03659426228379095
PAIR-1350,SYN-0376,SYN-0529,0,0.7368,0,Not Similar,0.005742178329419969,0.1954810330171976,0.4725462034905211,0.4241721657197217,0.03708340816645848,0.0,0.0,0.019069614920195408
PAIR-1358,SYN-0391,SYN-0211,0,0.6829,0,Not Similar,0.005144091153338091,0.43957952686645907,0.4189085984579357,0.3724708948062756,0.0029950390026826923,0.0,0.0,1.0000000000000002
PAIR-1359,SYN-0251,SYN-0158,0,0.7179,0,Not Similar,0.004817537580231045,0.2337103402161252,0.42528388542685797,0.3785413310352686,0.015562708906446683,0.0,0.0,0.0
PAIR-1362,SYN-0530,SYN-0191,0,0.7632,0,Not Similar,0.09083543003134495,0.2788742393259949,0.4344665973423876,0.3871458814877095,0.02503632546002444,0.09199070778261428,1.0,0.013752961573673577
PAIR-1365,SYN-0167,SYN-0031,0,0.725,0,Not Similar,0.06332958631299161,0.22233613405283767,0.36304434709692474,0.31990216727338894,1.0000000000000002,0.0,0.0,0.016479869092091183
PAIR-1367,SYN-0356,SYN-0408,0,0.8378,0,Not Similar,0.28309762273963707,0.3795643649199852,0.6420266544314015,0.608900674954166,0.06001087285043441,0.03610457478966602,1.0,0.023028519158923635
PAIR-1370,SYN-0157,SYN-0106,0,0.7838,0,Not Similar,0.06448377902650484,0.31084197476987585,0.5592938258233069,0.5157383563843324,1.0,0.0,0.0,0.02665464178516917
PAIR-1371,SYN-0155,SYN-0266,0,0.7368,0,Not Similar,0.007320060759683939,0.2708414160879951,0.5037984229923048,0.4550001244515577,0.015562708906446683,0.0,0.0,0.019611441047045947
PAIR-1373,SYN-0250,SYN-0600,0,0.7368,0,Not Similar,0.006350359554238193,0.2363978740360691,0.4630691825877192,0.4160869174482741,0.03708340816645848,0.0,0.0,0.0
PAIR-1374,SYN-0348,SYN-0146,0,0.7179,0,Not Similar,0.00492703596301243,0.309039874391358,0.4349437884987923,0.38770151357238386,0.046501162710801125,0.35081986666090914,0.0,0.03857693722241696
PAIR-1375,SYN-0436,SYN-0484,0,0.7436,0,Not Similar,0.0659699421868854,0.34818731490151006,0.40660478138241213,0.36046674756274355,0.08578634339055208,0.042895243667226246,0.0,0.0
PAIR-1378,SYN-0443,SYN-0027,0,0.7838,0,Not Similar,0.06613256324362483,0.25897386657580806,0.5592938258233069,0.5157383563843324,0.049443921584745434,0.0,0.0,0.6584309197916636
PAIR-1382,SYN-0389,SYN-0019,0,0.7632,0,Not Similar,0.08154282019679532,0.3250798211761265,0.568613189364689,0.5257897773369411,0.042053812304518705,0.05350850773039705,0.0,0.026846898342445417
PAIR-1383,SYN-0357,SYN-0183,0,0.8056,0,Not Similar,0.05838870419836178,0.28343201785144595,0.540513334234945,0.49713850026419715,0.0030491727376322384,0.0,0.0,0.02625863999715187
PAIR-1385,SYN-0443,SYN-0022,0,0.7,0,Not Similar,0.005571228589630202,0.21407140145981315,0.4608839482125023,0.4128097282723312,0.049443921584745434,0.037926987238790115,0.0,0.02665464178516917
PAIR-1388,SYN-0521,SYN-0115,0,0.7368,0,Not Similar,0.005741283477833892,0.3853387688195906,0.47645757718901105,0.4280107491901335,0.03905908140646072,0.03275334351532755,0.0,0.023129804867103716
PAIR-1392,SYN-0251,SYN-0263,0,0.7632,0,Not Similar,0.08540878694984626,0.4400415137662216,0.3695729472805736,0.3252427518472361,0.02086270648700225,0.04873465668549458,1.0,0.0
PAIR-1396,SYN-0499,SYN-0308,0,0.8056,0,Not Similar,0.0714996240860788,0.27648863995941786,0.5443771385223728,0.5021262644770622,0.03179744592877114,0.0,0.0,0.023192535148944763
PAIR-1397,SYN-0234,SYN-0325,0,0.7368,0,Not Similar,0.005792001470552275,0.2472137276013897,0.4724774032441351,0.42440895149146396,0.0029950390026826923,0.0,0.0,0.037015988051066345
PAIR-1398,SYN-0102,SYN-0338,0,0.8286,0,Not Similar,0.055997706261566485,0.2792509463282471,0.5567432176739078,0.5131675699385274,0.013112892679882186,0.0,0.0,0.017923556132335938
PAIR-1401,SYN-0249,SYN-0165,0,0.7436,0,Not Similar,0.05461110661167337,0.24271304688513334,0.45415647579683055,0.4110926884357364,0.013112892679882186,0.0,0.0,0.019611441047045947
PAIR-1402,SYN-0433,SYN-0056,0,0.7179,0,Not Similar,0.00545394643556329,0.24306724087726747,0.4323290607683607,0.3855818384221957,0.02503632546002444,0.04873465668549458,0.0,0.017132917569005604
PAIR-1404,SYN-0516,SYN-0317,0,0.7368,0,Not Similar,0.004808643366927575,0.19777451333734744,0.45878212927590284,0.4107520072573971,0.023892081866768083,0.10777665272185173,0.0,0.2595135950046855
PAIR-1407,SYN-0536,SYN-0581,0,0.7179,0,Not Similar,0.0050622787622687845,0.26105836966442386,0.4203442748707057,0.3737403266346453,0.08578634339055208,0.03704387701982834,0.0,0.01762579776872631
PAIR-1411,SYN-0335,SYN-0546,0,0.7632,0,Not Similar,0.06780333443138035,0.22633350633056448,0.5297091489444566,0.4858483035925779,0.05903918098534239,0.0,0.0,0.0
PAIR-1414,SYN-0059,SYN-0108,0,0.7179,0,Not Similar,0.005591755846074589,0.29973390974748443,0.4228992259638914,0.3763569507437564,0.07191136188695764,0.0,0.0,0.020010090051812087
PAIR-1416,SYN-0195,SYN-0572,0,0.7179,0,Not Similar,0.006586729987308975,0.20304093658449104,0.47809925691500105,0.4296210089114079,0.049443921584745434,0.0,0.0,0.4462166495645672
PAIR-1417,SYN-0113,SYN-0123,0,0.7632,0,Not Similar,0.09286089304984595,0.3846007622538593,0.46512237846446586,0.4171077510451236,0.040157584397110896,0.0,1.0,0.017750280459335636
PAIR-1419,SYN-0311,SYN-0404,0,0.6667,0,Not Similar,0.0050744885311022996,0.24748056499917587,0.4493416192430763,0.40177270291874917,0.0444595271076699,0.04787606432670763,0.0,0.0
PAIR-1420,SYN-0475,SYN-0435,0,0.7,0,Not Similar,0.005980472417244415,0.2787859126856929,0.4469841474506278,0.399311229235136,0.09426056986529957,0.0,0.0,0.017875046878487164
PAIR-1424,SYN-0448,SYN-0099,0,0.7179,0,Not Similar,0.004844553041721409,0.2359612142813808,0.44584471397933656,0.3982112391968711,0.028472967256605038,0.04436352704187294,0.0,0.02399865501054785
PAIR-1428,SYN-0016,SYN-0171,0,0.7568,0,Not Similar,0.005249224769980559,0.28215749972128035,0.47437619466175546,0.4017700242152868,0.07191136188695764,0.0,0.0,0.0
PAIR-1434,SYN-0225,SYN-0528,0,0.7,0,Not Similar,0.005609650797947706,0.2181871449653641,0.42179261089689,0.39753370491029105,0.02655764372180957,0.05064771195628793,0.0,0.03152347753447504
PAIR-1436,SYN-0185,SYN-0465,0,0.7179,0,Not Similar,0.006206798631599461,0.2510963066925413,0.4990444018903101,0.4503020421345302,0.019224050344583375,0.04478154128094414,0.0,0.02593961011781908
PAIR-1438,SYN-0404,SYN-0547,0,0.7949,0,Not Similar,0.25450376464796814,0.2976318823625414,0.48577085974974804,0.44229674156712695,1.0000000000000004,0.04092990350042907,0.0,0.017656306835392432
PAIR-1440,SYN-0551,SYN-0054,0,0.7632,0,Not Similar,0.06664833777379948,0.2452755290304972,0.537205164893244,0.4933765667215076,0.049443921584745434,0.0,0.0,0.0
PAIR-1443,SYN-0508,SYN-0168,0,0.7179,0,Not Similar,0.0056872856886634095,0.22280321267108544,0.42422009358014995,0.37730403625542835,0.02503632546002444,0.032700064633338126,0.0,0.32469294845640106
PAIR-1444,SYN-0431,SYN-0410,0,0.7368,0,Not Similar,0.00645641280907206,0.2785683407223868,0.5094694975280976,0.46114939375016023,0.060635219401191216,0.0,0.0,0.02240456882349668
PAIR-1445,SYN-0286,SYN-0120,0,0.7838,0,Not Similar,0.062385358848725966,0.2904638831639782,0.5105625078370195,0.4671671021250803,0.06268000853599372,0.0,0.0,0.01769903821319596
PAIR-1446,SYN-0361,SYN-0199,0,0.8056,0,Not Similar,0.07020483072368447,0.26546914630849466,0.5855501260033864,0.5427407236596321,0.06827013080437296,0.0,0.0,0.0
PAIR-1449,SYN-0531,SYN-0513,0,0.8108,0,Not Similar,0.14445877447346672,0.2707552951442298,0.5307526027437022,0.4875546528409253,0.09426056986529957,0.0,0.0,0.0
PAIR-1450,SYN-0328,SYN-0355,0,0.7838,0,Not Similar,0.07657235072891272,0.2947272651079102,0.47011654073775194,0.4228681965584225,0.02086270648700225,0.0,0.0,0.0336144559401412
PAIR-1452,SYN-0595,SYN-0429,0,0.7568,0,Not Similar,0.0063189194736211545,0.3217030178285262,0.5379664002320221,0.4607237571753009,0.09426056986529957,0.0,0.0,0.0336144559401412
PAIR-1455,SYN-0348,SYN-0463,0,0.7838,0,Not Similar,0.11946481811342037,0.3120803541088976,0.5716106348441017,0.5327751000153687,0.03708340816645848,0.0,0.0,0.03857693722241696
PAIR-1457,SYN-0394,SYN-0455,0,0.7179,0,Not Similar,0.004081549442281366,0.1861267958134842,0.3959582833996004,0.33151044551688696,0.08287688990740738,0.0,0.0,0.03614965955181639
PAIR-1459,SYN-0127,SYN-0443,0,0.8108,0,Not Similar,0.1588415362812376,0.256605143170851,0.4730570113864039,0.42468009348681957,0.02503632546002444,0.0,1.0,0.03497808560968547
PAIR-1463,SYN-0238,SYN-0222,0,0.6829,0,Not Similar,0.004205415205616117,0.23226617099552432,0.3959582833996004,0.33151044551688696,0.02390512074852718,0.0,0.0,0.03614965955181639
PAIR-1465,SYN-0179,SYN-0151,0,0.8108,0,Not Similar,0.15515875374338317,0.3727330140007101,0.46917355388502446,0.42087138076136593,1.0000000000000002,0.0,1.0,0.020154420298496907
PAIR-1466,SYN-0290,SYN-0147,0,0.7436,0,Not Similar,0.05004781124806997,0.24466732610486322,0.4060318238998258,0.3619530537903923,0.015562708906446683,0.0,0.0,0.03857693722241696
PAIR-1471,SYN-0265,SYN-0119,0,0.7568,0,Not Similar,0.005225677450004693,0.21187517273466375,0.49682969612611455,0.42236372748077017,0.06827013080437296,0.0,0.0,0.025530723622373182
PAIR-1472,SYN-0381,SYN-0426,0,0.7,0,Not Similar,0.004647685427500701,0.19669840465030136,0.40998053619065883,0.3637172639625172,0.03708340816645848,0.03654710732438736,0.0,0.010974174947864828
PAIR-1475,SYN-0400,SYN-0234,0,0.8529,0,Not Similar,0.1897502456294584,0.3957784113658697,0.55549160753947,0.5121550585711435,1.0000000000000016,0.0,1.0,0.025776121337231905
PAIR-1479,SYN-0379,SYN-0259,0,0.7,0,Not Similar,0.004442951226414118,0.47624058792155965,0.4493416192430763,0.40177270291874917,0.9999999999999987,0.04787606432670763,0.0,0.028346502242523414
PAIR-1482,SYN-0132,SYN-0589,0,0.7179,0,Not Similar,0.006939106956038675,0.25581905778825687,0.4975001122225733,0.4487683784200657,0.014864848687586085,0.0,0.0,0.017666833145278938
PAIR-1483,SYN-0487,SYN-0451,0,0.7368,0,Not Similar,0.006407778410965039,0.43094700963410226,0.4725462034905211,0.4241721657197217,0.9999999999999999,0.03831187095366925,0.0,0.19426651324061864
PAIR-1487,SYN-0059,SYN-0112,0,0.7179,0,Not Similar,0.005183963697153732,0.2488351005299042,0.4538174562261002,0.4060070940635866,0.07191136188695764,0.0,0.0,1.0000000000000002
PAIR-1491,SYN-0533,SYN-0482,0,0.7568,0,Not Similar,0.005819000429568319,0.2672337955177754,0.47437619466175546,0.4017700242152868,1.0000000000000004,0.0,0.0,0.0
PAIR-1492,SYN-0469,SYN-0378,0,0.7568,0,Not Similar,0.006651236172523774,0.2205288015104926,0.519653661832466,0.44354195959159676,0.0444595271076699,0.0,0.0,0.6584309197916636
PAIR-1493,SYN-0417,SYN-0575,0,0.6512,0,Not Similar,0.004492020913622871,0.21908900204292617,0.3673106064383257,0.32401157587448426,1.0000000000000004,0.0,0.0,0.025776121337231905
PAIR-1495,SYN-0578,SYN-0105,0,0.7368,0,Not Similar,0.005317203687451909,0.2183063498514011,0.4724774032441351,0.42440895149146396,0.014864848687586085,0.0,0.0,0.02470974697254518
PAIR-1497,SYN-0509,SYN-0290,0,0.7,0,Not Similar,0.004524837803848146,0.24832862177322002,0.4060318238998258,0.3619530537903923,0.039181891032583294,0.0,0.0,0.029609142236370657
PAIR-1498,SYN-0494,SYN-0180,0,0.7632,0,Not Similar,0.06699825539577246,0.22532498688621286,0.5297091489444566,0.4858483035925779,0.028472967256605038,0.0,0.0,0.10895598826170594
PAIR-1499,SYN-0198,SYN-0159,0,0.7436,0,Not Similar,0.05739927429351152,0.31386423960617527,0.48577085974974804,0.44229674156712695,0.040157584397110896,0.04092990350042907,0.0,0.023405360166157498
PAIR-1505,SYN-0530,SYN-0306,0,0.7179,0,Not Similar,0.00630088568881541,0.2074715800009805,0.46089540755965913,0.41279660922287736,0.023892081866768083,0.03779809707262431,0.0,0.02343978103979647
PAIR-1508,SYN-0419,SYN-0361,0,0.6512,0,Not Similar,0.004369978258716833,0.16089305691567685,0.3656355201368392,0.3223964845064849,0.05903918098534239,0.0,0.0,0.020568054634403816
PAIR-1510,SYN-0249,SYN-0595,0,0.7,0,Not Similar,0.005764832814270601,0.24321260762939548,0.4555626212681222,0.40789345508408903,0.03708340816645848,0.045316403287440486,0.0,0.0336144559401412
PAIR-1511,SYN-0135,SYN-0388,0,0.6667,0,Not Similar,0.0048582660477252005,0.22873006239497284,0.3802547335389942,0.33656304071577825,0.04581509736903244,0.0,0.0,0.025609473794955734
PAIR-1515,SYN-0363,SYN-0323,0,0.7179,0,Not Similar,0.004876550416590788,0.2909548398673774,0.4745173136143628,0.4261752425857773,0.0029950390026826923,0.03779809707262431,0.0,0.32469294845640106
PAIR-1516,SYN-0319,SYN-0341,0,0.7368,0,Not Similar,0.33572702752157957,0.25426049312068627,0.3906473008724352,0.34523939357946926,0.02390512074852718,0.04040556075001738,0.0,0.02959240064886849
PAIR-1517,SYN-0107,SYN-0040,0,0.7,0,Not Similar,0.005734524881847108,0.23437031785654006,0.44953507330290887,0.40181488697022155,0.07191136188695764,0.0,0.0,0.015982698639397948
PAIR-1518,SYN-0484,SYN-0311,0,0.725,0,Not Similar,0.06344569488311902,0.3467334664062091,0.43425882172469293,0.38730481044073506,0.023892081866768083,0.05350850773039705,0.0,0.5738460809602193
PAIR-1519,SYN-0191,SYN-0023,0,0.7179,0,Not Similar,0.00597559117802199,0.39686902796813783,0.44227005558321997,0.3947188955949849,0.040157584397110896,0.0,0.0,1.0000000000000002
PAIR-1520,SYN-0029,SYN-0291,0,0.7179,0,Not Similar,0.0050376420520084385,0.19986663226035808,0.4608839482125023,0.4128097282723312,0.046501162710801125,0.0,0.0,0.018220553083533337
PAIR-1522,SYN-0241,SYN-0560,0,0.7,0,Not Similar,0.005064784028904782,0.20120251222000174,0.41036704463592794,0.3639727276687344,0.023892081866768083,0.03837997978693925,0.0,0.023496559142264457
PAIR-1524,SYN-0493,SYN-0303,0,0.7368,0,Not Similar,0.00559036591296713,0.2400088605048707,0.4469885394073822,0.39982672272858727,0.039181891032583294,0.0,0.0,0.023056374395536327
PAIR-1525,SYN-0575,SYN-0580,0,0.6512,0,Not Similar,0.004528118607168763,0.25879325148473326,0.36429525079286457,0.3402680543203483,0.09426056986529957,0.0,0.0,0.0
PAIR-1528,SYN-0041,SYN-0125,0,0.7568,0,Not Similar,0.005659817821706206,0.46811259207477895,0.5153876793766773,0.4395640855831881,1.0,0.0,0.0,0.0
PAIR-1530,SYN-0178,SYN-0322,0,0.7368,0,Not Similar,0.0054330344185014945,0.2252882768287273,0.45553084809805267,0.4075741009852525,0.06268000853599372,0.03071281763612688,0.0,0.01769903821319596
PAIR-1533,SYN-0318,SYN-0337,0,0.7368,0,Not Similar,0.005522435408314161,0.2692495596779388,0.4969187299197578,0.4481725008104974,1.0000000000000016,0.0,0.0,0.035789003310186876
PAIR-1534,SYN-0335,SYN-0310,0,0.7368,0,Not Similar,0.006983121532158034,0.28478667750722064,0.4967685557078483,0.44805743423964034,0.9999999999999987,0.0,0.0,0.0
PAIR-1537,SYN-0062,SYN-0286,0,0.7368,0,Not Similar,0.006643449536622014,0.2664429233308563,0.5024993795043401,0.480858374337503,0.11073703106740922,0.0,0.0,0.02973217704967169
PAIR-1539,SYN-0596,SYN-0353,0,0.7,0,Not Similar,0.005947730356540647,0.244979566230324,0.4493416192430763,0.40177270291874917,0.023892081866768083,0.04787606432670763,0.0,0.02665464178516917
PAIR-1540,SYN-0165,SYN-0327,0,0.7436,0,Not Similar,0.053806953834008145,0.24966180952982228,0.45415647579683055,0.4110926884357364,0.013112892679882186,0.0,0.0,0.017656306835392432
PAIR-1541,SYN-0255,SYN-0350,0,0.7179,0,Not Similar,0.005446286063690425,0.22678257836749657,0.45710042279617624,0.40910747405939385,0.02390512074852718,0.0,0.0,0.017150942013167674
PAIR-1543,SYN-0524,SYN-0560,0,0.7436,0,Not Similar,0.06218620911696356,0.3526086135404851,0.42072709112212037,0.3739320957976458,0.060635219401191216,0.0,0.0,0.01801521310499749
PAIR-1545,SYN-0327,SYN-0075,0,0.7179,0,Not Similar,0.005671936926943402,0.23066594371647364,0.4318395142799794,0.3846845326675656,0.046501162710801125,0.0,0.0,0.02364082291340125
PAIR-1549,SYN-0183,SYN-0163,0,0.8056,0,Not Similar,0.06554993172576239,0.3403807154133761,0.5646217979238033,0.5211191475547577,0.040157584397110896,0.0,0.0,0.03013518673394657
PAIR-1551,SYN-0037,SYN-0009,0,0.7838,0,Not Similar,0.07385954502639645,0.24599120176177566,0.44544930964844565,0.39781457340277854,0.9999999999999989,0.0,0.0,0.027330669734477668
PAIR-1552,SYN-0120,SYN-0453,0,0.7179,0,Not Similar,0.005955940456665829,0.19597996581955673,0.4364424285324676,0.38916012210584766,0.03992883593314474,0.0,0.0,0.01901456396459118
PAIR-1553,SYN-0093,SYN-0317,0,0.7778,0,Not Similar,0.004961949737233549,0.22332010378992842,0.49682969612611455,0.42236372748077017,0.11073703106740922,0.0,0.0,0.02959240064886849
PAIR-1555,SYN-0414,SYN-0507,0,0.7368,0,Not Similar,0.006091790368800427,0.29655565408590234,0.5306201213473892,0.45381024606301157,1.0000000000000004,0.0,0.0,0.023764376287796887
PAIR-1557,SYN-0357,SYN-0568,0,0.7368,0,Not Similar,0.0050974678238227735,0.1944106265867924,0.4614961245717988,0.4133903919104413,0.039181891032583294,0.0,0.0,0.0
PAIR-1558,SYN-0144,SYN-0152,0,0.7436,0,Not Similar,0.1618182021450388,0.22497227552695398,0.42979082083158715,0.382629038240879,0.07191136188695764,0.0,0.0,0.01988627655647779
PAIR-1560,SYN-0148,SYN-0553,0,0.725,0,Not Similar,0.064062053469698,0.28138354010321137,0.5088604448206765,0.4715683506139831,0.028472967256605038,0.0,0.0,0.01930253910187343
PAIR-1562,SYN-0400,SYN-0020,0,0.8056,0,Not Similar,0.05461058346896954,0.25247179214871185,0.5082942078071163,0.46470306987841087,0.0030491727376322384,0.025850726713370836,0.0,0.02196894710015036
PAIR-1563,SYN-0455,SYN-0146,0,0.7568,0,Not Similar,0.005551005914336681,0.20737903529582508,0.47437619466175546,0.4017700242152868,0.03992883593314474,0.0,0.0,0.04684538945405717
PAIR-1564,SYN-0337,SYN-0555,0,0.7568,0,Not Similar,0.0050786457003924425,0.23040048314277517,0.48651245241570834,0.4379194779822781,0.06001087285043441,0.03831187095366925,0.0,0.023764376287796887
PAIR-1565,SYN-0346,SYN-0585,0,0.7568,0,Not Similar,0.004616218099404442,0.22587722584340028,0.48583415607583114,0.4122500562778649,0.03179744592877114,0.0,0.0,0.01923129468731988
PAIR-1566,SYN-0556,SYN-0274,0,0.7568,0,Not Similar,0.005968563470515337,0.22333267590681305,0.5009545252288986,0.42617240118542826,0.03179744592877114,0.0,0.0,0.023707082864656264
PAIR-1568,SYN-0193,SYN-0414,0,0.7368,0,Not Similar,0.006489300180596678,0.21879782382877017,0.48651245241570834,0.4379194779822781,0.028472967256605038,0.03831187095366925,0.0,0.037442648766512016
PAIR-1569,SYN-0520,SYN-0221,0,0.7,0,Not Similar,0.005400859188865157,0.21052090039725177,0.44953507330290887,0.40181488697022155,0.02655764372180957,0.0,0.0,0.0
PAIR-1572,SYN-0419,SYN-0060,0,0.6364,0,Not Similar,0.0037148494002191414,0.18170761469801774,0.3425303216862907,0.3003229555045231,0.049443921584745434,0.0,0.0,0.041991165423474364
PAIR-1574,SYN-0347,SYN-0253,0,0.7436,0,Not Similar,0.07422864655328003,0.312876568122253,0.5146680543122369,0.49877779836067865,1.0000000000000016,0.03534403701153392,0.0,0.0
PAIR-1575,SYN-0430,SYN-0123,0,0.7179,0,Not Similar,0.006321595281766017,0.25965526875226513,0.4541528856887506,0.4065042288916759,0.02503632546002444,0.046291527794522724,0.0,0.6584309197916636
PAIR-1579,SYN-0503,SYN-0572,0,0.7368,0,Not Similar,0.006435330882548641,0.2537622965324717,0.47645757718901105,0.4280107491901335,0.9999999999999999,0.0,0.0,0.028457286229059416
PAIR-1581,SYN-0276,SYN-0257,0,0.8056,0,Not Similar,0.05360716404283571,0.31538045780919927,0.5855501260033864,0.5427407236596321,1.0000000000000016,0.0,0.0,0.03497808560968547
PAIR-1584,SYN-0294,SYN-0350,0,0.7179,0,Not Similar,0.006026161320435278,0.2274630130752015,0.4469841474506278,0.399311229235136,1.0000000000000002,0.0,0.0,0.02612361736736085
PAIR-1585,SYN-0143,SYN-0210,0,0.7179,0,Not Similar,0.005848785479977483,0.19987574381527393,0.47809925691500105,0.4296210089114079,0.04581509736903244,0.0,0.0,0.03152347753447504
PAIR-1586,SYN-0008,SYN-0390,0,0.7568,0,Not Similar,0.004326723848993786,0.23746056281533048,0.4724774032441351,0.42440895149146396,0.11073703106740922,0.0,0.0,0.01988627655647779
PAIR-1587,SYN-0537,SYN-0486,0,0.8611,0,Not Similar,0.31014504416808447,0.4266886619847716,0.6420266544314015,0.608900674954166,1.0000000000000004,0.03610457478966602,1.0,0.015172806274924506
PAIR-1588,SYN-0346,SYN-0466,0,0.7179,0,Not Similar,0.00506268761124259,0.23260799530888393,0.4601949019182254,0.41225280485438137,0.06001087285043441,0.0,0.0,0.01769903821319596
PAIR-1591,SYN-0127,SYN-0100,0,0.7179,0,Not Similar,0.005056422844228981,0.2279184378594184,0.45227964022931977,0.4044024773600566,0.9999999999999989,0.0,0.0,0.0
PAIR-1593,SYN-0451,SYN-0472,0,0.7368,0,Not Similar,0.005052569819773843,0.23264134787140808,0.45553084809805267,0.4075741009852525,0.060635219401191216,0.0,0.0,0.0
PAIR-1594,SYN-0564,SYN-0303,0,0.6829,0,Not Similar,0.004631681156452051,0.2058683996220295,0.4090101136600721,0.362782134749899,0.039181891032583294,0.03610457478966602,0.0,0.030263311439488134
PAIR-1595,SYN-0579,SYN-0442,0,0.7895,0,Not Similar,0.14701693047898806,0.3009495737655906,0.49750404499329737,0.4538338990289116,0.09426056986529957,0.0,0.0,0.022835869682046105
PAIR-1599,SYN-0246,SYN-0503,0,0.7778,0,Not Similar,0.005015610774637777,0.38212904732564107,0.4725462034905211,0.4241721657197217,0.023892081866768083,0.0,0.0,1.0000000000000002
PAIR-1600,SYN-0490,SYN-0311,0,0.7,0,Not Similar,0.006102196265024668,0.22764135150686002,0.48998486001649594,0.44133399095650827,0.0444595271076699,0.0,0.0,0.32469294845640106
PAIR-1603,SYN-0156,SYN-0098,0,0.7436,0,Not Similar,0.06963523464544916,0.3182014384848876,0.5298792275420138,0.4867662938172736,1.0,0.03734041686399041,0.0,0.6750587166765522
PAIR-1607,SYN-0239,SYN-0584,0,0.6829,0,Not Similar,0.004136263763097644,0.171059906453384,0.42979082083158715,0.382629038240879,0.06001087285043441,0.0,0.0,0.018877505521054258
PAIR-1610,SYN-0344,SYN-0548,0,0.7179,0,Not Similar,0.005698184543569109,0.22053341547975994,0.4228992259638914,0.3763569507437564,0.03179744592877114,0.0,0.0,0.0229641672356165
PAIR-1611,SYN-0308,SYN-0087,0,0.7368,0,Not Similar,0.004496380217727963,0.3306849360132041,0.44227005558321997,0.3947188955949849,0.04581509736903244,0.0,0.0,1.0
PAIR-1612,SYN-0429,SYN-0421,0,0.7778,0,Not Similar,0.006486731860825619,0.3046634165744456,0.524604011870906,0.44816951274978134,1.0000000000000013,0.0,0.0,0.020068023254021204
PAIR-1613,SYN-0201,SYN-0548,0,0.7,0,Not Similar,0.005494453414704665,0.2085499207444611,0.4028787813027274,0.356964419130856,0.05903918098534239,0.0340090290973682,0.0,0.29856181174611696
PAIR-1616,SYN-0111,SYN-0464,0,0.7838,0,Not Similar,0.06647450008214684,0.23518350765877433,0.5347552900542748,0.49091724645822893,0.0690597706857835,0.0,0.0,0.023056374395536327
PAIR-1617,SYN-0575,SYN-0555,0,0.6829,0,Not Similar,0.004327940548911402,0.2161857855124411,0.36304434709692474,0.31990216727338894,1.0000000000000004,0.0,0.0,0.027882694783023843
PAIR-1618,SYN-0100,SYN-0227,0,0.7179,0,Not Similar,0.004114485959245743,0.22538690305204115,0.44324791627901516,0.395623891474637,0.013112892679882186,0.029934048770094288,0.0,0.0
PAIR-1620,SYN-0124,SYN-0429,0,0.7568,0,Not Similar,0.006416242995754298,0.21763642427691718,0.49976876757660094,0.4250766977326459,0.0531946842739727,0.0,0.0,1.0000000000000002
PAIR-1623,SYN-0594,SYN-0036,0,0.7,0,Not Similar,0.005824312588850158,0.20975077808695491,0.475918929143433,0.4529898204159601,0.03905908140646072,0.0,0.0,0.013055939814219647
PAIR-1626,SYN-0152,SYN-0066,0,0.7,0,Not Similar,0.004567515156944838,0.2256722644828023,0.42979082083158715,0.382629038240879,0.0640695419242022,0.0,0.0,0.0
PAIR-1627,SYN-0001,SYN-0152,0,0.7368,0,Not Similar,0.005497595757163314,0.2697750886349385,0.48440547574719706,0.4360220330873913,0.07191136188695764,0.0,0.0,0.020805130054180096
PAIR-1636,SYN-0430,SYN-0177,0,0.7,0,Not Similar,0.005458369246395562,0.2442418816631985,0.4364424285324676,0.38916012210584766,0.049443921584745434,0.04787606432670763,0.0,0.02612361736736085
PAIR-1637,SYN-0544,SYN-0299,0,0.7,0,Not Similar,0.0056888242781912455,0.3091369817916844,0.45902179213893174,0.41111716441808516,0.06001087285043441,0.0,0.0,0.0
PAIR-1638,SYN-0370,SYN-0457,0,0.8571,0,Not Similar,0.2348846511939715,0.3892681725139782,0.5938363583482169,0.5511505399506074,0.039181891032583294,0.0,1.0,0.022651724911938377
PAIR-1639,SYN-0311,SYN-0395,0,0.7,0,Not Similar,0.004165140600345038,0.3451489264185768,0.4706101669046341,0.42236654348771796,1.0000000000000002,0.0,0.0,1.0000000000000002
PAIR-1641,SYN-0438,SYN-0392,0,0.7632,0,Not Similar,0.06539660144241308,0.2203214307726632,0.5297091489444566,0.4858483035925779,0.02655764372180957,0.0,0.0,0.023564586367953232
PAIR-1643,SYN-0179,SYN-0329,0,0.7179,0,Not Similar,0.005569301498706897,0.22856491803819767,0.4173442000794087,0.370831987643582,0.042053812304518705,0.0,0.0,0.03047855538189337
PAIR-1648,SYN-0110,SYN-0077,0,0.7179,0,Not Similar,0.005587373622953221,0.25120963974011307,0.4771256256913217,0.4288010297453419,1.0000000000000002,0.0,0.0,0.02973217704967169
PAIR-1651,SYN-0527,SYN-0569,0,0.7436,0,Not Similar,0.09044881100537802,0.3239622744714694,0.46656616443686777,0.4185332147220707,0.060635219401191216,0.0,1.0,0.036177268971577074
PAIR-1652,SYN-0030,SYN-0168,0,0.7632,0,Not Similar,0.07692326356130565,0.27188359010199536,0.4038346565571866,0.3578845522471807,0.0640695419242022,0.0344258766004214,0.0,0.01828789487709646
PAIR-1654,SYN-0170,SYN-0472,0,0.7,0,Not Similar,0.004522360220178962,0.16800292986066556,0.42979082083158715,0.382629038240879,0.0690597706857835,0.0,0.0,0.0
PAIR-1655,SYN-0320,SYN-0409,0,0.7,0,Not Similar,0.006030995418319885,0.3358914831283666,0.4469841474506278,0.399311229235136,0.08287688990740738,0.0,0.0,0.0293901845279424
PAIR-1658,SYN-0585,SYN-0419,0,0.75,0,Not Similar,0.17665187109139352,0.23710949732724684,0.3959582833996004,0.33151044551688696,0.9999999999999999,0.0,0.0,0.02995514654924541
PAIR-1661,SYN-0238,SYN-0305,0,0.6905,0,Not Similar,0.0518507989889322,0.24812686763950392,0.35325522089109906,0.3105225283008063,0.0029950390026826923,0.14834632117724156,0.0,0.02268516361993224
PAIR-1665,SYN-0355,SYN-0104,0,0.7,0,Not Similar,0.00543402224403044,0.24258486904912202,0.43425882172469293,0.38730481044073506,0.04581509736903244,0.05350850773039705,0.0,0.021932350754337474
PAIR-1667,SYN-0385,SYN-0131,0,0.7179,0,Not Similar,0.005123796552940396,0.23781474749635748,0.48440547574719706,0.4360220330873913,0.046501162710801125,0.0,0.0,0.025530723622373182
PAIR-1669,SYN-0445,SYN-0438,0,0.6667,0,Not Similar,0.004383728382210076,0.21315309751607606,0.3656355201368392,0.3223964845064849,1.0000000000000013,0.0,0.0,0.023564586367953232
PAIR-1670,SYN-0083,SYN-0190,0,0.6512,0,Not Similar,0.003858845544634847,0.21299604120857937,0.3425303216862907,0.3003229555045231,0.9999999999999989,0.0,0.0,0.019627602774092437
PAIR-1671,SYN-0407,SYN-0137,0,0.7368,0,Not Similar,0.006704817811199403,0.226840015393108,0.5022394220370775,0.4534504597473056,0.03905908140646072,0.0,0.0,0.027882694783023843
PAIR-1675,SYN-0141,SYN-0534,0,0.7368,0,Not Similar,0.005675684388813093,0.27369632592304527,0.4349437884987923,0.38770151357238386,0.03992883593314474,0.35081986666090914,0.0,0.0230284513080049
PAIR-1676,SYN-0282,SYN-0037,0,0.7838,0,Not Similar,0.12342527483849403,0.47073453840852775,0.5716106348441017,0.5327751000153687,0.04581509736903244,0.0,0.0,0.04247517197375908
PAIR-1683,SYN-0038,SYN-0600,0,0.7179,0,Not Similar,0.005074676539183218,0.37168494377652816,0.4038346565571866,0.3578845522471807,0.0690597706857835,0.0344258766004214,0.0,0.04631158407334182
PAIR-1685,SYN-0188,SYN-0522,0,0.6829,0,Not Similar,0.00424384281543638,0.33707078981482796,0.40050950654817447,0.3546861623944933,0.014864848687586085,0.0,0.0,0.012107139950846694
PAIR-1689,SYN-0133,SYN-0278,0,0.7179,0,Not Similar,0.006770605917973477,0.30937041704479595,0.4975001122225733,0.4487683784200657,0.11073703106740922,0.21851121952349303,0.0,0.044776474247134976
PAIR-1691,SYN-0189,SYN-0519,0,0.8056,0,Not Similar,0.06684483796806713,0.27643012039721215,0.5646217979238033,0.5211191475547577,0.0690597706857835,0.0,0.0,0.0
PAIR-1692,SYN-0238,SYN-0458,0,0.6364,0,Not Similar,0.0037492633298758815,0.17357642729379982,0.32405174753761445,0.28292792279135487,0.023892081866768083,0.0,0.0,0.0
PAIR-1693,SYN-0182,SYN-0473,0,0.7179,0,Not Similar,0.006235400644507908,0.22559478672676161,0.4969187299197578,0.4481725008104974,0.03992883593314474,0.0,0.0,0.036177268971577074
PAIR-1698,SYN-0046,SYN-0220,0,0.7436,0,Not Similar,0.06302362215666149,0.23044058734247685,0.5146680543122369,0.4714855662487583,0.013112892679882186,0.0,0.0,0.020655225107562996
PAIR-1701,SYN-0431,SYN-0421,0,0.8571,0,Not Similar,0.22484422878932847,0.4202140927725669,0.5938363583482169,0.5511505399506074,0.08578634339055208,0.0,1.0,0.6584309197916636
PAIR-1704,SYN-0144,SYN-0123,0,0.7179,0,Not Similar,0.00554663303177528,0.2807616162566584,0.4639367077660931,0.41595873659864513,0.040157584397110896,0.0,0.0,0.6584309197916636
PAIR-1706,SYN-0093,SYN-0189,0,0.7778,0,Not Similar,0.006141885435630896,0.4474685956829643,0.524604011870906,0.44816951274978134,0.0640695419242022,0.0,0.0,1.0
PAIR-1708,SYN-0270,SYN-0568,0,0.7778,0,Not Similar,0.0050977807725669485,0.1911888467934506,0.4742847361471279,0.42587725607476545,0.02655764372180957,0.0,0.0,0.0
PAIR-1709,SYN-0186,SYN-0025,0,0.7179,0,Not Similar,0.005734483449534847,0.2923338890957271,0.433671053031686,0.3868995624486233,0.07191136188695764,0.04770806801274207,0.0,0.0
PAIR-1713,SYN-0087,SYN-0079,0,0.7838,0,Not Similar,0.05747632727832479,0.32033556798254526,0.5228945042147953,0.47935299433646333,0.9999999999999989,0.0,0.0,0.03013518673394657
PAIR-1714,SYN-0193,SYN-0592,0,0.7368,0,Not Similar,0.005360808447044763,0.2178436841592553,0.45553084809805267,0.4075741009852525,0.03905908140646072,0.03071281763612688,0.0,0.0
PAIR-1719,SYN-0433,SYN-0363,0,0.7436,0,Not Similar,0.07505354431259366,0.3077161879504759,0.568613189364689,0.5257897773369411,0.023892081866768083,0.05350850773039705,0.0,0.0229641672356165
PAIR-1721,SYN-0401,SYN-0199,0,0.7568,0,Not Similar,0.006947841850679274,0.40277765904905133,0.5284996128282066,0.4799292609478634,0.028472967256605038,0.0,0.0,0.0
PAIR-1725,SYN-0206,SYN-0118,0,0.7179,0,Not Similar,0.00558675939802059,0.2378892824434475,0.46537681329910613,0.4173802735244017,0.042053812304518705,0.0,0.0,0.030263311439488134
PAIR-1726,SYN-0383,SYN-0346,0,0.7632,0,Not Similar,0.07433323603311393,0.31646882739391297,0.43343821638858493,0.38615051651828275,0.0029950390026826923,0.0,1.0,0.0
PAIR-1727,SYN-0585,SYN-0318,0,0.7568,0,Not Similar,0.006255230510976803,0.22411183902016052,0.524604011870906,0.44816951274978134,0.03179744592877114,0.0,0.0,0.028962210532623975
PAIR-1729,SYN-0142,SYN-0267,0,0.7368,0,Not Similar,0.004215064586703412,0.34764932153420963,0.43335907309126054,0.38607940355818227,0.013112892679882186,0.03030094937905793,0.0,0.01859603235572368
PAIR-1730,SYN-0563,SYN-0142,0,0.7838,0,Not Similar,0.09539794962077558,0.27188277892005575,0.479598145505097,0.43119414808797735,0.02503632546002444,0.03654710732438736,1.0,0.027440039945625008
PAIR-1734,SYN-0483,SYN-0386,0,0.7778,0,Not Similar,0.005871982413837817,0.2458138197139738,0.5229258229276684,0.474409768560522,0.03179744592877114,0.0,0.0,0.017875046878487164
PAIR-1735,SYN-0370,SYN-0595,0,0.7179,0,Not Similar,0.006551353051458264,0.2482314062309472,0.5037984229923048,0.4550001244515577,0.06001087285043441,0.0,0.0,0.02973217704967169
PAIR-1737,SYN-0472,SYN-0431,0,0.7368,0,Not Similar,0.005952839360571304,0.2714238892645509,0.5094694975280976,0.46114939375016023,0.060635219401191216,0.0,0.0,0.0
PAIR-1738,SYN-0062,SYN-0300,0,0.7568,0,Not Similar,0.006575872763325007,0.2505589773888774,0.5153876793766773,0.46579557903860647,0.11073703106740922,0.0,0.0,0.03857693722241696
PAIR-1741,SYN-0514,SYN-0002,0,0.7,0,Not Similar,0.005080272391507829,0.2044238646391476,0.4608839482125023,0.4128097282723312,0.02503632546002444,0.0,0.0,0.02959240064886849
PAIR-1742,SYN-0565,SYN-0582,0,0.7179,0,Not Similar,0.006200265216338185,0.2801891411365793,0.46089540755965913,0.41279660922287736,0.060635219401191216,0.03779809707262431,0.0,0.02129531772760206
PAIR-1743,SYN-0304,SYN-0025,0,0.9118,0,Not Similar,0.2698957293239268,0.43036357731878494,0.6910971444099512,0.6599632682944753,0.06827013080437296,0.05064771195628793,1.0,0.02607322696510237
PAIR-1744,SYN-0549,SYN-0204,0,0.6512,0,Not Similar,0.0041391517100945446,0.1734997164965477,0.360453232482165,0.3174127812475772,0.03708340816645848,0.0,0.0,0.020154420298496907
PAIR-1747,SYN-0251,SYN-0300,0,0.7778,0,Not Similar,0.004865087310924206,0.280885031982139,0.45845307562444765,0.3873022281977666,0.0029950390026826923,0.0,0.0,0.0
PAIR-1749,SYN-0567,SYN-0216,0,0.7368,0,Not Similar,0.004767780038017729,0.2259765164052574,0.44227005558321997,0.3947188955949849,0.0444595271076699,0.0,0.0,0.017826699135499675
PAIR-1753,SYN-0081,SYN-0499,0,0.7632,0,Not Similar,0.0637375539771005,0.38222506281971086,0.537205164893244,0.4933765667215076,0.03905908140646072,0.0,0.0,1.0000000000000002
PAIR-1755,SYN-0035,SYN-0244,0,0.7368,0,Not Similar,0.006095559214546045,0.3648498699425885,0.44544930964844565,0.39781457340277854,0.06268000853599372,0.0,0.0,1.0000000000000002
PAIR-1759,SYN-0311,SYN-0436,0,0.6829,0,Not Similar,0.0052893163875165385,0.3313375846289249,0.4706101669046341,0.42236654348771796,0.08287688990740738,0.04436352704187294,0.0,0.0
PAIR-1760,SYN-0332,SYN-0161,0,0.6364,0,Not Similar,0.004159194663355257,0.21928652663752543,0.36429525079286457,0.3211057014736018,0.04581509736903244,0.0,0.0,0.0
PAIR-1761,SYN-0542,SYN-0197,0,0.8056,0,Not Similar,0.14665717824912375,0.3015903740231031,0.5172838290119737,0.44133104848958266,0.019224050344583375,0.0,1.0,0.0758388549270148
PAIR-1762,SYN-0287,SYN-0527,0,0.7436,0,Not Similar,0.06348573615480492,0.2347002800380663,0.49750404499329737,0.4538338990289116,0.06001087285043441,0.0,0.0,0.0
PAIR-1764,SYN-0086,SYN-0488,0,0.725,0,Not Similar,0.045046691003855464,0.20663455542209977,0.42979082083158715,0.382629038240879,0.02503632546002444,0.035564144527949065,0.0,0.03034488162280204
PAIR-1771,SYN-0479,SYN-0331,0,0.7436,0,Not Similar,0.06758644172361986,0.19567775553190694,0.5146680543122369,0.4714855662487583,0.0444595271076699,0.0,0.0,0.6750587166765522
PAIR-1774,SYN-0451,SYN-0594,0,0.7368,0,Not Similar,0.005730945315923522,0.23957560080164603,0.4742847361471279,0.42587725607476545,0.9999999999999999,0.0,0.0,0.012795834167530969
PAIR-1776,SYN-0247,SYN-0175,0,0.7179,0,Not Similar,0.005984856045658626,0.22283015747905566,0.4639367077660931,0.41595873659864513,0.06827013080437296,0.0,0.0,0.0
PAIR-1779,SYN-0290,SYN-0045,0,0.6829,0,Not Similar,0.003907698992329824,0.34819631988642036,0.3790780377301894,0.335416755611831,0.04581509736903244,0.0,0.0,1.0
PAIR-1782,SYN-0026,SYN-0407,0,0.7632,0,Not Similar,0.082537428317428,0.27231414227749073,0.568613189364689,0.5257897773369411,0.049443921584745434,0.05350850773039705,0.0,0.028346502242523414
PAIR-1783,SYN-0163,SYN-0501,0,0.7436,0,Not Similar,0.054331859409288835,0.23605725678243816,0.502243392272352,0.4585688298451008,0.019224050344583375,0.0,0.0,0.024952241022213738
PAIR-1784,SYN-0318,SYN-0055,0,0.7632,0,Not Similar,0.07056212241811032,0.24451299390422165,0.537205164893244,0.4933765667215076,0.04581509736903244,0.0,0.0,0.0
PAIR-1786,SYN-0115,SYN-0174,0,0.7838,0,Not Similar,0.18867755097963124,0.26986919709947665,0.4203442748707057,0.3737403266346453,0.040157584397110896,0.03704387701982834,0.0,0.02399865501054785
PAIR-1788,SYN-0309,SYN-0319,0,0.7368,0,Not Similar,0.004608642670049645,0.22043337156219886,0.4474850098685069,0.3998119716307699,1.0000000000000002,0.0,0.0,0.02470974697254518
PAIR-1793,SYN-0041,SYN-0356,0,0.7568,0,Not Similar,0.005991255299461486,0.284556887101302,0.5363016666926423,0.45915459860470625,0.015562708906446683,0.0,0.0,0.0
PAIR-1797,SYN-0282,SYN-0332,0,0.8649,0,Not Similar,0.3354161585621109,0.3471985570417185,0.46917355388502446,0.42087138076136593,1.0000000000000016,0.0,1.0,0.03411335723846008
PAIR-1799,SYN-0531,SYN-0172,0,0.7179,0,Not Similar,0.005765054361251198,0.17783365419159775,0.4364424285324676,0.38916012210584766,0.0690597706857835,0.0,0.0,0.0
PAIR-1800,SYN-0339,SYN-0024,0,0.7436,0,Not Similar,0.06041466665102199,0.25179530771708886,0.5297091489444566,0.4858483035925779,0.042053812304518705,0.0,0.0,0.02665464178516917
PAIR-1801,SYN-0139,SYN-0459,0,0.7632,0,Not Similar,0.09913317300513577,0.3093461643676119,0.46512237846446586,0.4171077510451236,0.014864848687586085,0.0,1.0,0.0
PAIR-1802,SYN-0267,SYN-0450,0,0.7632,0,Not Similar,0.05375979014254934,0.21306795417565122,0.44584471397933656,0.42197495388026734,0.02655764372180957,0.0419916614064972,0.0,0.3044657756145084
PAIR-1808,SYN-0498,SYN-0225,0,0.7436,0,Not Similar,0.052925507976136266,0.1699094304819979,0.40660478138241213,0.36046674756274355,0.03708340816645848,0.0,0.0,0.018555918925305972
PAIR-1814,SYN-0200,SYN-0468,0,0.7,0,Not Similar,0.005817040374406046,0.20161524298297398,0.42528388542685797,0.3785413310352686,0.03905908140646072,0.0,0.0,0.025565012889029445
PAIR-1816,SYN-0519,SYN-0593,0,0.7568,0,Not Similar,0.006458087747962188,0.2808647342943133,0.4971997995263721,0.4485598693345456,0.060635219401191216,0.0,0.0,0.0
PAIR-1817,SYN-0284,SYN-0565,0,0.7436,0,Not Similar,0.07337904054358577,0.4320495011651123,0.5540044485679793,0.5110244873330512,0.06001087285043441,0.05238135855837332,0.0,0.023030653080536746
PAIR-1819,SYN-0524,SYN-0451,0,0.7838,0,Not Similar,0.06671786007170312,0.2268218004177919,0.45553084809805267,0.4075741009852525,0.060635219401191216,0.0,0.0,0.017656306835392432
PAIR-1820,SYN-0156,SYN-0554,0,0.8378,0,Not Similar,0.23165438357694046,0.366695592190685,0.5464391597678737,0.532493257363148,0.0690597706857835,0.05238135855837332,1.0,0.03047855538189337
PAIR-1822,SYN-0435,SYN-0278,0,0.7632,0,Not Similar,0.07979145534145678,0.296900200098863,0.5522900853919535,0.5092840117409115,0.08287688990740738,0.05350850773039705,0.0,0.02973217704967169
PAIR-1824,SYN-0094,SYN-0380,0,0.8333,0,Not Similar,0.18969995784958096,0.3932145826223005,0.536979942109825,0.49408931103676806,0.0030491727376322384,0.0,1.0,0.017550240307326243
PAIR-1826,SYN-0303,SYN-0456,0,0.7,0,Not Similar,0.004636928275031024,0.21109879384007962,0.3882288647949541,0.34289103082054395,0.039181891032583294,0.046291527794522724,0.0,0.028380790097580808
PAIR-1828,SYN-0079,SYN-0257,0,0.8286,0,Not Similar,0.051076627919727904,0.26922548792051537,0.5567432176739078,0.5131675699385274,0.04581509736903244,0.0,0.0,0.03497808560968547
PAIR-1829,SYN-0296,SYN-0004,0,0.7368,0,Not Similar,0.005428603941194294,0.2346328618980091,0.41404303593390634,0.3677468811822466,0.06268000853599372,0.03489381328504838,0.0,0.0
PAIR-1831,SYN-0130,SYN-0035,0,0.7436,0,Not Similar,0.0869687042419056,0.28034865363091405,0.4601949019182254,0.41225280485438137,0.0640695419242022,0.0,0.0,0.020655225107562996
PAIR-1833,SYN-0313,SYN-0033,0,0.7632,0,Not Similar,0.06306881484591222,0.2658523385282757,0.537205164893244,0.4933765667215076,0.013112892679882186,0.0,0.0,0.023730221444348325
PAIR-1836,SYN-0504,SYN-0290,0,0.6829,0,Not Similar,0.003906133054380621,0.22122844555057855,0.35409335866312636,0.3113229499852709,0.039181891032583294,0.09869884875935345,0.0,0.03022674924257162
PAIR-1837,SYN-0535,SYN-0404,0,0.8889,0,Not Similar,0.39855720000633044,0.4207932050150446,0.536979942109825,0.49408931103676806,0.060635219401191216,0.0,1.0,0.017656306835392432
PAIR-1842,SYN-0179,SYN-0394,0,0.6829,0,Not Similar,0.003940954107746398,0.19747271162263413,0.360453232482165,0.3174127812475772,0.042053812304518705,0.0,0.0,0.02593961011781908
PAIR-1843,SYN-0516,SYN-0589,0,0.7368,0,Not Similar,0.006612699440263954,0.2762613731880412,0.4952313086313782,0.44653141533545687,0.08578634339055208,0.0,0.0,0.44447953173472216
PAIR-1844,SYN-0229,SYN-0095,0,0.7179,0,Not Similar,0.005520503006725787,0.24725926423059558,0.5094694975280976,0.46114939375016023,0.06827013080437296,0.0,0.0,0.017632739603540486
PAIR-1852,SYN-0140,SYN-0308,0,0.8333,0,Not Similar,0.12646293924576063,0.3135711721726819,0.46917355388502446,0.445987365511047,0.04581509736903244,0.0,1.0,0.030833828637999373
PAIR-1853,SYN-0577,SYN-0112,0,0.7179,0,Not Similar,0.0053500701588175565,0.20529868967495501,0.4538174562261002,0.4060070940635866,0.049443921584745434,0.0,0.0,0.02625863999715187
PAIR-1854,SYN-0451,SYN-0121,0,0.7778,0,Not Similar,0.007281782424880401,0.2288265208183033,0.5266848702051553,0.47813044119292764,0.049443921584745434,0.0,0.0,0.02701923548805889
PAIR-1856,SYN-0236,SYN-0544,0,0.7692,0,Not Similar,0.15179762621677004,0.34338749113890954,0.4922296280484471,0.44354491679923197,0.0444595271076699,0.047310991064681375,1.0,0.0
PAIR-1858,SYN-0520,SYN-0488,0,0.6829,0,Not Similar,0.005048749099632544,0.2628246449727306,0.4608839482125023,0.4128097282723312,0.08578634339055208,0.0,0.0,0.1883095710199688
PAIR-1859,SYN-0307,SYN-0588,0,0.7,0,Not Similar,0.0048853119165152194,0.36515938417692867,0.40660478138241213,0.36046674756274355,0.03179744592877114,0.042895243667226246,0.0,1.0000000000000002
PAIR-1863,SYN-0063,SYN-0266,0,0.7568,0,Not Similar,0.006693108078887455,0.24493249417967314,0.4809964305807794,0.4324762624326133,0.04581509736903244,0.0,0.0,0.017200597411476875
PAIR-1864,SYN-0066,SYN-0295,0,0.6829,0,Not Similar,0.005189809275770296,0.2218616865115682,0.44584471397933656,0.42197495388026734,0.11073703106740922,0.0,0.0,0.0
PAIR-1869,SYN-0292,SYN-0280,0,0.7,0,Not Similar,0.006078660628132276,0.4489978381535426,0.482653749356181,0.4341033222836122,1.0000000000000002,0.0,0.0,0.018709148312136166
PAIR-1876,SYN-0031,SYN-0034,0,0.6905,0,Not Similar,0.0434959431028418,0.21002107797804984,0.3425303216862907,0.3003229555045231,1.0000000000000002,0.0,0.0,0.018194062079218594
PAIR-1878,SYN-0530,SYN-0416,0,0.7179,0,Not Similar,0.006424127263703614,0.25033475632284,0.46471034493841296,0.4165322485902475,0.9999999999999999,0.0,0.0,0.015183508755212656
PAIR-1881,SYN-0309,SYN-0315,0,0.7179,0,Not Similar,0.005553329112887061,0.23527625440188163,0.41699820425054857,0.37061424963732204,0.02390512074852718,0.0,0.0,0.10895598826170594
PAIR-1882,SYN-0505,SYN-0585,0,0.7568,0,Not Similar,0.006129313159353622,0.26615545842467303,0.5153876793766773,0.4395640855831881,0.060635219401191216,0.0,0.0,0.024952241022213738
PAIR-1883,SYN-0376,SYN-0052,0,0.7436,0,Not Similar,0.06649906182856175,0.2447578012514359,0.5464391597678736,0.5033561754285614,0.013112892679882186,0.0,0.0,0.02174242090845897
PAIR-1884,SYN-0597,SYN-0034,0,0.7368,0,Not Similar,0.0054301704934015425,0.22174350841885707,0.4724774032441351,0.42440895149146396,0.0531946842739727,0.0,0.0,0.016889367235519023
PAIR-1885,SYN-0441,SYN-0438,0,0.8056,0,Not Similar,0.06769682154877617,0.2953695933309251,0.5567432176739078,0.5131675699385274,0.09426056986529957,0.0,0.0,0.02196894710015036
PAIR-1893,SYN-0426,SYN-0021,0,0.7,0,Not Similar,0.00539324999491098,0.22243892434639428,0.46089540755965913,0.41279660922287736,0.0690597706857835,0.03779809707262431,0.0,0.021932350754337474
PAIR-1904,SYN-0177,SYN-0194,0,0.7632,0,Not Similar,0.21378553108119625,0.2759362078835563,0.46089540755965913,0.41279660922287736,0.07191136188695764,0.03779809707262431,0.0,0.02701923548805889
PAIR-1907,SYN-0265,SYN-0433,0,0.7179,0,Not Similar,0.0054517453888818955,0.20429031364034772,0.4756491635344958,0.42734059537349584,0.05903918098534239,0.0,0.0,0.030833828637999373
PAIR-1911,SYN-0508,SYN-0175,0,0.7179,0,Not Similar,0.006203738587150693,0.2465344368439123,0.4541528856887506,0.4065042288916759,0.03905908140646072,0.046291527794522724,0.0,0.0
PAIR-1912,SYN-0430,SYN-0401,0,0.7179,0,Not Similar,0.006030072057888405,0.2405468734526913,0.4364424285324676,0.38916012210584766,0.060635219401191216,0.0,0.0,0.026846898342445417
PAIR-1914,SYN-0480,SYN-0330,0,0.7179,0,Not Similar,0.0058470888371144,0.1955365686082649,0.4639367077660931,0.41595873659864513,0.08287688990740738,0.0,0.0,1.0000000000000002
PAIR-1927,SYN-0311,SYN-0035,0,0.6829,0,Not Similar,0.005787013277410652,0.25545677041307085,0.4601949019182254,0.41225280485438137,0.06268000853599372,0.0,0.0,0.0
PAIR-1932,SYN-0392,SYN-0044,0,0.7,0,Not Similar,0.005486245302978302,0.28580645478202477,0.42528388542685797,0.3785413310352686,0.013112892679882186,0.21851121952349303,0.0,0.013093739364313064
PAIR-1934,SYN-0298,SYN-0536,0,0.7632,0,Not Similar,0.11853731263502842,0.24357181186335367,0.42179261089689,0.37514641046626596,0.02655764372180957,0.0,1.0,0.02268516361993224
PAIR-1935,SYN-0081,SYN-0131,0,0.8333,0,Not Similar,0.2831245284565615,0.32537111417419673,0.5592938258233069,0.5157383563843324,0.07191136188695764,0.0,0.0,0.21537551927794102
PAIR-1937,SYN-0553,SYN-0551,0,0.7436,0,Not Similar,0.05942642034949165,0.285358125405361,0.502243392272352,0.4585688298451008,0.060635219401191216,0.0,0.0,0.03659426228379095
PAIR-1938,SYN-0427,SYN-0083,0,0.6667,0,Not Similar,0.004670046077089736,0.168371808918505,0.36429525079286457,0.3211057014736018,0.02503632546002444,0.0,0.0,0.20900625264959635
PAIR-1939,SYN-0157,SYN-0182,0,0.7838,0,Not Similar,0.08024196524828466,0.359596536612889,0.6603985194294014,0.6260296261318,1.0,0.0,0.0,0.041991165423474364
PAIR-1940,SYN-0503,SYN-0178,0,0.7368,0,Not Similar,0.005343961071249946,0.2115955263316154,0.45553084809805267,0.4075741009852525,0.049443921584745434,0.03071281763612688,0.0,0.027568465466162876
PAIR-1941,SYN-0354,SYN-0100,0,0.7368,0,Not Similar,0.0057914869163560815,0.2465733263517641,0.5094694975280976,0.46114939375016023,0.11073703106740922,0.0,0.0,0.0
PAIR-1944,SYN-0231,SYN-0207,0,0.7692,0,Not Similar,0.2145661006700745,0.4165297219284356,0.48998486001649594,0.44133399095650827,0.02086270648700225,0.0,0.0,1.0
PAIR-1945,SYN-0092,SYN-0342,0,0.7317,0,Not Similar,0.20555188311964978,0.36386367389795854,0.3425303216862907,0.3003229555045231,0.04581509736903244,0.291249776485723,1.0,0.035789003310186876
PAIR-1947,SYN-0144,SYN-0286,0,0.7368,0,Not Similar,0.005354576907747973,0.24281120234636033,0.4724774032441351,0.42440895149146396,0.042053812304518705,0.0,0.0,0.026958455208865445
PAIR-1952,SYN-0448,SYN-0574,0,0.7179,0,Not Similar,0.0044589156278943345,0.2665912979817292,0.3906473008724352,0.34523939357946926,0.09426056986529957,0.04040556075001738,0.0,0.01828789487709646
PAIR-1953,SYN-0583,SYN-0470,0,0.7436,0,Not Similar,0.10673807754369402,0.2939529335866408,0.415469660444298,0.36913041650586303,0.08578634339055208,0.0,1.0,0.0
PAIR-1956,SYN-0449,SYN-0306,0,0.7,0,Not Similar,0.0060775260011257095,0.2053431262061693,0.4469841474506278,0.399311229235136,0.08287688990740738,0.0,0.0,0.03659426228379095
PAIR-1957,SYN-0046,SYN-0230,0,0.7,0,Not Similar,0.005297827175803325,0.22482009392807728,0.4549551690646492,0.4070000770578482,0.013112892679882186,0.0,0.0,0.018243406146261985
PAIR-1959,SYN-0250,SYN-0051,0,0.7568,0,Not Similar,0.007359039547139425,0.31285612314815486,0.5516527569713473,0.5030320254415293,0.013112892679882186,0.0,0.0,0.0
PAIR-1960,SYN-0567,SYN-0398,0,0.7,0,Not Similar,0.005483743369930571,0.20762610972643802,0.44227005558321997,0.3947188955949849,0.0444595271076699,0.0,0.0,0.017346430906045464
PAIR-1963,SYN-0413,SYN-0261,0,0.7179,0,Not Similar,0.006782483714683744,0.230983969684832,0.4990444018903101,0.4503020421345302,0.023892081866768083,0.0,0.0,0.0
PAIR-1964,SYN-0213,SYN-0234,0,0.7368,0,Not Similar,0.0054221849497930324,0.25048794938160546,0.48440547574719706,0.4360220330873913,1.0000000000000016,0.0,0.0,0.023172683650114097
PAIR-1965,SYN-0590,SYN-0397,0,0.7,0,Not Similar,0.0053432416649684235,0.19432260257503664,0.432333313643583,0.38508678053907075,0.0444595271076699,0.029934048770094288,0.0,0.0
PAIR-1966,SYN-0532,SYN-0267,0,0.7632,0,Not Similar,0.045587604579443684,0.1845299390922069,0.4192075877165546,0.37243803433541417,0.02655764372180957,0.0,0.0,0.018877505521054258
PAIR-1971,SYN-0381,SYN-0412,0,0.7179,0,Not Similar,0.005142280451141703,0.19354748096573776,0.4233444173085018,0.3766544267339764,0.02655764372180957,0.0,0.0,0.0
PAIR-1972,SYN-0104,SYN-0498,0,0.7,0,Not Similar,0.004899564644577317,0.36927670579587923,0.4706101669046341,0.42236654348771796,0.019224050344583375,0.0,0.0,0.012107139950846694
PAIR-1979,SYN-0210,SYN-0280,0,0.8378,0,Not Similar,0.23686158847673583,0.3537818179764212,0.47809925691500105,0.4296210089114079,0.0029950390026826923,0.047310991064681375,1.0,0.025776121337231905
PAIR-1980,SYN-0177,SYN-0455,0,0.7568,0,Not Similar,0.006044788558133708,0.2302905422545283,0.5153876793766773,0.4395640855831881,0.03992883593314474,0.0,0.0,0.027330669734477668
PAIR-1985,SYN-0361,SYN-0577,0,0.7838,0,Not Similar,0.06899889439611182,0.2294725649471781,0.5347552900542748,0.49091724645822893,0.05903918098534239,0.0,0.0,0.017132917569005604
PAIR-1986,SYN-0452,SYN-0182,0,0.7179,0,Not Similar,0.006006145537044173,0.22316076434829338,0.4745173136143628,0.4261752425857773,0.03992883593314474,0.03779809707262431,0.0,0.028380790097580808
PAIR-1987,SYN-0586,SYN-0032,0,0.7,0,Not Similar,0.0044912011250106,0.18198733717541368,0.42072709112212037,0.3739320957976458,0.049443921584745434,0.0,0.0,0.035789003310186876
PAIR-1989,SYN-0391,SYN-0262,0,0.8919,0,Not Similar,0.4011920874009747,0.36308794180461434,0.5321359058931155,0.4882822302605152,0.0029950390026826923,0.0,1.0,0.01819854017687902
PAIR-1990,SYN-0391,SYN-0486,0,0.6829,0,Not Similar,0.005899335216573757,0.22208242085624075,0.46361037713722314,0.41546133029120713,0.06001087285043441,0.0,0.0,0.30328049279748737
PAIR-1992,SYN-0397,SYN-0418,0,0.7,0,Not Similar,0.0047375330121391095,0.2050092411105977,0.3906473008724352,0.34523939357946926,0.0444595271076699,0.04040556075001738,0.0,0.44926535322823086
PAIR-1994,SYN-0545,SYN-0393,0,0.7568,0,Not Similar,0.0050961329839898295,0.22066390973726416,0.44028788530739915,0.39341494566759083,0.0444595271076699,0.0,0.0,0.0
PAIR-1997,SYN-0460,SYN-0132,0,0.7,0,Not Similar,0.006450866266100837,0.2270418018567866,0.46361037713722314,0.41546133029120713,0.014864848687586085,0.0,0.0,0.018409388231407465
PAIR-1998,SYN-0323,SYN-0236,0,0.7179,0,Not Similar,0.004757256115615013,0.27778763245591714,0.46471034493841296,0.4165322485902475,0.0029950390026826923,0.03231411118351536,0.0,0.0
PAIR-1999,SYN-0232,SYN-0283,0,0.7368,0,Not Similar,0.006944051159009684,0.2713397452053902,0.4967685557078483,0.44805743423964034,0.02390512074852718,0.0,0.0,0.016823617064636226
PAIR-2001,SYN-0331,SYN-0012,0,0.7632,0,Not Similar,0.08711246190757627,0.2723515798838214,0.4469278933799648,0.39919143815148267,0.11073703106740922,0.025504060579330502,1.0,0.0179934482769695
PAIR-2009,SYN-0456,SYN-0420,0,0.6829,0,Not Similar,0.004393751844841008,0.3760652761203426,0.42072709112212037,0.3739320957976458,0.09426056986529957,0.0,0.0,1.0000000000000002
PAIR-2011,SYN-0312,SYN-0339,0,0.7838,0,Not Similar,0.05212315914887363,0.32461169830621384,0.5592938258233069,0.5157383563843324,1.0000000000000002,0.0,0.0,0.0229641672356165
PAIR-2012,SYN-0074,SYN-0437,0,0.7179,0,Not Similar,0.005094205775935648,0.18423388746822794,0.45227964022931977,0.4044024773600566,0.02503632546002444,0.0,0.0,0.018123232741797057
PAIR-2013,SYN-0105,SYN-0514,0,0.7368,0,Not Similar,0.00543685949985446,0.2311924663871685,0.48440547574719706,0.4360220330873913,0.02503632546002444,0.0,0.0,0.02959240064886849
PAIR-2016,SYN-0366,SYN-0038,0,0.7179,0,Not Similar,0.006035485416377573,0.2150063079675117,0.46471034493841296,0.4165322485902475,0.015562708906446683,0.03231411118351536,0.0,0.04684538945405717
PAIR-2017,SYN-0326,SYN-0021,0,0.7568,0,Not Similar,0.006076073101496488,0.4198104043697567,0.5153876793766773,0.4395640855831881,0.015562708906446683,0.0,0.0,1.0
PAIR-2018,SYN-0050,SYN-0578,0,0.7179,0,Not Similar,0.004942321485143196,0.17665205525696168,0.4474850098685069,0.3998119716307699,0.0531946842739727,0.0,0.0,0.02470974697254518
PAIR-2019,SYN-0113,SYN-0338,0,0.8056,0,Not Similar,0.04945094356610957,0.28564792016094265,0.5228945042147953,0.47935299433646333,0.06827013080437296,0.0,0.0,0.017346430906045464
PAIR-2020,SYN-0476,SYN-0289,0,0.7,0,Not Similar,0.005585396949473005,0.22378634076348516,0.415469660444298,0.39115869957617455,0.08287688990740738,0.04770806801274207,0.0,0.01622784826089571
PAIR-2022,SYN-0222,SYN-0287,0,0.7368,0,Not Similar,0.005991735148630674,0.2858623357195182,0.519653661832466,0.44354195959159676,0.02086270648700225,0.0,0.0,0.0
PAIR-2023,SYN-0130,SYN-0097,0,0.7632,0,Not Similar,0.08402356304552683,0.3374274797244803,0.568613189364689,0.5257897773369411,0.040157584397110896,0.05350850773039705,0.0,0.028785296009195025
PAIR-2024,SYN-0082,SYN-0058,0,0.7,0,Not Similar,0.004249609198334002,0.34927071560569073,0.40050950654817447,0.3546861623944933,0.0640695419242022,0.0,0.0,1.0000000000000002
PAIR-2030,SYN-0524,SYN-0080,0,0.7,0,Not Similar,0.0050782621819295245,0.18281576938502453,0.4608839482125023,0.4128097282723312,0.019224050344583375,0.0,0.0,0.016706013462851475
PAIR-2034,SYN-0096,SYN-0228,0,0.7,0,Not Similar,0.00561128253866015,0.2546976386175314,0.42179261089689,0.37514641046626596,0.046501162710801125,0.05350850773039705,0.0,0.0
PAIR-2048,SYN-0512,SYN-0193,0,0.7838,0,Not Similar,0.0678340862283312,0.22815064038709712,0.5082942078071163,0.46470306987841087,0.0531946842739727,0.025850726713370836,0.0,0.028785296009195025
PAIR-2051,SYN-0136,SYN-0016,0,0.7,0,Not Similar,0.004417328757268767,0.38407232157834154,0.42072709112212037,0.3739320957976458,1.0,0.0,0.0,0.0
PAIR-2053,SYN-0299,SYN-0440,0,0.7,0,Not Similar,0.005863625334108559,0.21293271985499626,0.45902179213893174,0.41111716441808516,0.06001087285043441,0.0,0.0,0.018877505521054258
PAIR-2054,SYN-0225,SYN-0252,0,0.7632,0,Not Similar,0.07165864426803426,0.4489419134951419,0.4389085910944248,0.39186595348685666,0.02390512074852718,1.0000000000000002,0.0,0.0
PAIR-2055,SYN-0351,SYN-0283,0,0.7179,0,Not Similar,0.0055423951900174,0.22105686563488075,0.4474850098685069,0.3998119716307699,0.9999999999999987,0.0,0.0,0.0179934482769695
PAIR-2062,SYN-0197,SYN-0423,0,0.7568,0,Not Similar,0.005870223313838834,0.3795599317109348,0.48583415607583114,0.4122500562778649,0.02503632546002444,0.0,0.0,0.0
PAIR-2063,SYN-0163,SYN-0238,0,0.7073,0,Not Similar,0.04976398103768129,0.2037029836322252,0.3708096986380989,0.32739204700873015,0.11073703106740922,0.0,0.0,0.029769058671394788
PAIR-2064,SYN-0473,SYN-0559,0,0.7778,0,Not Similar,0.006637268285210827,0.3351535227040112,0.524604011870906,0.44816951274978134,1.0000000000000013,0.0,0.0,0.023192535148944763
PAIR-2065,SYN-0370,SYN-0539,0,0.7179,0,Not Similar,0.006647689867259955,0.21956042988282834,0.482653749356181,0.4341033222836122,0.03179744592877114,0.0,0.0,0.027882694783023843
PAIR-2067,SYN-0281,SYN-0371,0,0.7632,0,Not Similar,0.04316301237518336,0.2703526242393235,0.42979082083158715,0.382629038240879,0.02390512074852718,0.035564144527949065,0.0,0.0
PAIR-2072,SYN-0375,SYN-0437,0,0.7632,0,Not Similar,0.1215607765307512,0.23455802577009574,0.5575173698696188,0.5184870025395413,0.023892081866768083,0.0,0.0,0.018145154556774637
PAIR-2073,SYN-0086,SYN-0014,0,0.7436,0,Not Similar,0.16447744735922848,0.37421608129882866,0.4192075877165546,0.37243803433541417,0.9999999999999989,0.0,0.0,0.04631158407334182
PAIR-2074,SYN-0291,SYN-0307,0,0.8611,0,Not Similar,0.24427488542748993,0.2970977770367267,0.5639373393031739,0.5268744741314138,0.02086270648700225,0.0,0.19803432424759018,0.018523638151246944
PAIR-2083,SYN-0456,SYN-0156,0,0.7,0,Not Similar,0.005948297668775254,0.241256397740146,0.4493416192430763,0.40177270291874917,0.03992883593314474,0.04787606432670763,0.0,0.041991165423474364
PAIR-2084,SYN-0188,SYN-0385,0,0.7692,0,Not Similar,0.1526520270750361,0.4228788363656641,0.5639373393031739,0.5268744741314138,0.013112892679882186,0.0,0.19803432424759018,0.021789019706487153
PAIR-2087,SYN-0070,SYN-0322,0,0.7368,0,Not Similar,0.005398480115550878,0.23451268309214057,0.4203442748707057,0.3737403266346453,0.06268000853599372,0.03704387701982834,0.0,0.018220553083533337
PAIR-2088,SYN-0533,SYN-0100,0,0.7568,0,Not Similar,0.0052087661642739504,0.2045151566601319,0.4968296961261146,0.42236372748077017,0.019224050344583375,0.0,0.0,0.0
PAIR-2091,SYN-0121,SYN-0245,0,0.7778,0,Not Similar,0.005929565806036024,0.24518237334498544,0.5136992660519404,0.46530781800778076,0.015562708906446683,0.0,0.0,0.02775161313653176
PAIR-2097,SYN-0587,SYN-0560,0,0.8333,0,Not Similar,0.2057413688003098,0.38747771124323815,0.536979942109825,0.49408931103676806,0.08578634339055208,0.0,1.0,0.02665464178516917
PAIR-2099,SYN-0146,SYN-0253,0,0.7,0,Not Similar,0.00537235650888075,0.24335789000186353,0.4232159660657988,0.3763339749982376,0.015562708906446683,0.03230411421353332,0.0,0.0394712892339555
PAIR-2100,SYN-0251,SYN-0474,0,0.7179,0,Not Similar,0.004023231986156601,0.20539310591002338,0.39659248475232095,0.3508660177041546,0.03179744592877114,0.042895243667226246,0.0,0.0
PAIR-2106,SYN-0029,SYN-0041,0,0.7568,0,Not Similar,0.006261854632668443,0.44019682041735303,0.519653661832466,0.44354195959159676,1.0,0.0,0.0,0.1665590708393702
PAIR-2109,SYN-0285,SYN-0123,0,0.7632,0,Not Similar,0.08147263985632464,0.32087212199874204,0.568613189364689,0.5257897773369411,0.11073703106740922,0.05350850773039705,0.0,0.014751860857990545
PAIR-2110,SYN-0373,SYN-0521,0,0.7895,0,Not Similar,0.15983183485294203,0.29723389720369875,0.47809925691500105,0.45525913780589694,0.05903918098534239,0.04478154128094414,1.0,0.01634489767629536
PAIR-2111,SYN-0396,SYN-0110,0,0.7179,0,Not Similar,0.005424620684752334,0.2217556714093889,0.46527444334094065,0.41711664652546565,0.0030491727376322384,0.0,0.0,0.029609142236370657
PAIR-2112,SYN-0334,SYN-0585,0,0.7568,0,Not Similar,0.005746996509211206,0.22543332049141657,0.5099521737065799,0.4345088184395817,0.03179744592877114,0.0,0.0,0.01923129468731988
PAIR-2114,SYN-0112,SYN-0238,0,0.6512,0,Not Similar,0.0036333623026777663,0.18183614588359143,0.3425303216862907,0.3003229555045231,0.06268000853599372,0.0,0.0,0.02593961011781908
PAIR-2116,SYN-0255,SYN-0180,0,0.7179,0,Not Similar,0.0055126503903143755,0.20834055787357722,0.45878212927590284,0.4107520072573971,0.06827013080437296,0.0,0.0,1.0
PAIR-2119,SYN-0325,SYN-0276,0,0.7179,0,Not Similar,0.0056798535064875606,0.2679195098826208,0.4969242448237574,0.4488670659521536,0.0029950390026826923,0.0,0.0,0.030833828637999373
PAIR-2121,SYN-0172,SYN-0263,0,0.7,0,Not Similar,0.005067864893309412,0.23581558969907218,0.3824090571147191,0.3373922966918376,0.046501162710801125,0.0436047211439854,0.0,0.0
PAIR-2122,SYN-0571,SYN-0248,0,0.8235,0,Not Similar,0.00567820695319103,0.2682303815559655,0.5461745418993542,0.46848233880067514,0.02655764372180957,0.0,0.0,0.017724769246968242
PAIR-2124,SYN-0023,SYN-0189,0,0.7838,0,Not Similar,0.08179988015935583,0.32345262297756777,0.5443771385223728,0.5021262644770622,0.07191136188695764,0.0,0.0,0.027485872840346967
PAIR-2126,SYN-0098,SYN-0173,0,0.7368,0,Not Similar,0.006093522900520063,0.2904843995867794,0.5124833416415914,0.46411149609350627,1.0,0.0,0.0,0.0
PAIR-2129,SYN-0073,SYN-0350,0,0.7632,0,Not Similar,0.07375815443349848,0.23708241131715332,0.5307526027437022,0.4875546528409253,0.11073703106740922,0.0,0.0,0.02701923548805889
PAIR-2130,SYN-0163,SYN-0367,0,0.7,0,Not Similar,0.004845147111375716,0.22478504062237753,0.4228992259638914,0.3763569507437564,0.11073703106740922,0.0,0.0,0.03857693722241696
PAIR-2131,SYN-0176,SYN-0023,0,0.7179,0,Not Similar,0.006171633693452069,0.24804247568403603,0.4549551690646492,0.4070000770578482,0.07191136188695764,0.0,0.0,0.015172806274924506
PAIR-2132,SYN-0269,SYN-0594,0,0.7,0,Not Similar,0.005846627482121418,0.2097507780869549,0.475918929143433,0.4529898204159601,0.023892081866768083,0.0,0.0,0.01988627655647779
PAIR-2133,SYN-0092,SYN-0097,0,0.7179,0,Not Similar,0.006140168424347634,0.24273965003332218,0.4639367077660931,0.41595873659864513,0.040157584397110896,0.0,0.0,0.037442648766512016
PAIR-2137,SYN-0099,SYN-0225,0,0.7,0,Not Similar,0.005289075311604849,0.25348996138717916,0.42179261089689,0.37514641046626596,0.06827013080437296,0.05350850773039705,0.0,0.02625863999715187
PAIR-2147,SYN-0524,SYN-0200,0,0.7,0,Not Similar,0.004535282448176589,0.17371430648701658,0.40660478138241213,0.36046674756274355,0.028472967256605038,0.0,0.0,0.016706013462851475
PAIR-2151,SYN-0437,SYN-0599,0,0.8108,0,Not Similar,0.15750531092548137,0.30339801999127874,0.4730570113864039,0.42468009348681957,0.08578634339055208,0.0,1.0,0.028087370201234824
PAIR-2155,SYN-0146,SYN-0037,0,0.7368,0,Not Similar,0.005451641837262943,0.3283195787439844,0.4349437884987923,0.38770151357238386,0.0640695419242022,0.35081986666090914,0.0,0.04684538945405717
PAIR-2160,SYN-0097,SYN-0378,0,0.7778,0,Not Similar,0.00711769720886803,0.511826078116391,0.5363016666926423,0.45915459860470625,0.042053812304518705,0.0,0.0,0.04247517197375908
PAIR-2162,SYN-0285,SYN-0094,0,0.7,0,Not Similar,0.005503220900947036,0.25020757139737776,0.4493416192430763,0.40177270291874917,0.042053812304518705,0.04787606432670763,0.0,0.10895598826170594
PAIR-2167,SYN-0548,SYN-0551,0,0.7179,0,Not Similar,0.00573086254485463,0.25214490001670953,0.4228992259638914,0.3763569507437564,0.9999999999999999,0.0,0.0,0.027886230351522823
PAIR-2172,SYN-0425,SYN-0162,0,0.7368,0,Not Similar,0.004844091498590739,0.18189205641869052,0.45553084809805267,0.4075741009852525,0.0531946842739727,0.0,0.0,0.0
PAIR-2174,SYN-0133,SYN-0147,0,0.7838,0,Not Similar,0.06862861972161173,0.3303486770480258,0.5882327072650068,0.5454596610549527,0.0640695419242022,0.0,0.0,0.03497808560968547
PAIR-2176,SYN-0444,SYN-0103,0,0.7,0,Not Similar,0.00572069797294468,0.23491135081209832,0.433671053031686,0.3868995624486233,0.028472967256605038,0.04770806801274207,0.0,0.029609142236370657
PAIR-2180,SYN-0512,SYN-0488,0,0.6829,0,Not Similar,0.005053346844841353,0.38874273876208393,0.44324791627901516,0.395623891474637,0.08578634339055208,0.029934048770094288,0.0,1.0000000000000002
PAIR-2181,SYN-0160,SYN-0599,0,0.7,0,Not Similar,0.005608343473379336,0.2018261241400364,0.4189085984579357,0.3724708948062756,0.014864848687586085,0.043090061838482886,0.0,0.03188682943148883
PAIR-2185,SYN-0016,SYN-0047,0,0.7436,0,Not Similar,0.1971657596852255,0.28193727293024146,0.4364424285324676,0.38916012210584766,1.0,0.04787606432670763,0.0,0.0
PAIR-2188,SYN-0484,SYN-0106,0,0.7,0,Not Similar,0.005685217606292735,0.21877472232237088,0.42528388542685797,0.3785413310352686,0.049443921584745434,0.0,0.0,0.01828789487709646
PAIR-2192,SYN-0166,SYN-0407,0,0.7632,0,Not Similar,0.08218546001991929,0.2718303000243876,0.5522900853919535,0.5387642301278939,0.02503632546002444,0.05064771195628793,0.0,0.028457286229059416
PAIR-2193,SYN-0100,SYN-0298,0,0.7179,0,Not Similar,0.00523493134661318,0.1852682615236754,0.45710042279617624,0.40910747405939385,0.013112892679882186,0.0,0.0,0.0
PAIR-2195,SYN-0165,SYN-0249,0,0.7436,0,Not Similar,0.05461110661167337,0.24271304688513334,0.45415647579683055,0.4110926884357364,0.013112892679882186,0.0,0.0,0.019611441047045947
PAIR-2196,SYN-0337,SYN-0249,0,0.7179,0,Not Similar,0.00485944149345653,0.27622562428643543,0.4493416192430763,0.40177270291874917,0.02086270648700225,0.04787606432670763,0.0,0.0268674096194347
PAIR-2197,SYN-0403,SYN-0387,0,0.8286,0,Not Similar,0.16974905412829208,0.3123788094583506,0.5172838290119737,0.44133104848958266,0.0444595271076699,0.0,1.0,0.017656306835392432
PAIR-2198,SYN-0094,SYN-0151,0,0.7,0,Not Similar,0.00539593023038499,0.2839818345471875,0.4364424285324676,0.38916012210584766,1.0000000000000002,0.04787606432670763,0.0,0.01762579776872631
PAIR-2199,SYN-0034,SYN-0586,0,0.7,0,Not Similar,0.004719056302579281,0.2123076899881677,0.41036704463592794,0.3639727276687344,0.03905908140646072,0.03837997978693925,0.0,0.6776969855938058
PAIR-2200,SYN-0300,SYN-0497,0,0.6829,0,Not Similar,0.004483883242146654,0.3549072057091539,0.3959582833996004,0.33151044551688696,0.08287688990740738,0.0,0.0,0.023129804867103716
PAIR-2201,SYN-0215,SYN-0576,0,0.7895,0,Not Similar,0.09489483775902036,0.186695169742277,0.42979082083158715,0.382629038240879,0.0444595271076699,0.0,0.0,0.0
PAIR-2204,SYN-0197,SYN-0406,0,0.7368,0,Not Similar,0.005112114253530367,0.22909575906045687,0.45845307562444765,0.3873022281977666,0.019224050344583375,0.0,0.0,0.29655670359380454
PAIR-2207,SYN-0575,SYN-0496,0,0.6364,0,Not Similar,0.003677886719854214,0.24100240663737388,0.3191939973285748,0.27839078041905635,0.060635219401191216,0.0,0.0,0.028810367260630323
PAIR-2208,SYN-0511,SYN-0237,0,0.7179,0,Not Similar,0.006112131889919051,0.23714410882431228,0.4323290607683607,0.3855818384221957,0.039181891032583294,0.04873465668549458,0.0,0.020209081047817185
PAIR-2215,SYN-0111,SYN-0101,0,0.7838,0,Not Similar,0.08100657527762876,0.33012575488644785,0.5443771385223728,0.5021262644770622,0.07191136188695764,0.0,0.0,0.022651724911938377
PAIR-2216,SYN-0385,SYN-0061,0,0.6829,0,Not Similar,0.004637455525941325,0.212561745057613,0.43088922579536637,0.38368598512983315,0.013112892679882186,0.0,0.0,0.037442648766512016
PAIR-2218,SYN-0097,SYN-0454,0,0.7179,0,Not Similar,0.006057802608852757,0.20413313451145595,0.4639367077660931,0.41595873659864513,0.03905908140646072,0.0,0.0,0.027886230351522823
PAIR-2219,SYN-0084,SYN-0108,0,0.7,0,Not Similar,0.004496909166270122,0.3153968989949838,0.40050950654817447,0.3546861623944933,0.07191136188695764,0.0,0.0,0.02665464178516917
PAIR-2222,SYN-0205,SYN-0097,0,0.7368,0,Not Similar,0.006944460629703384,0.21853034395467283,0.4952313086313782,0.44653141533545687,0.042053812304518705,0.0,0.0,0.037442648766512016
PAIR-2223,SYN-0516,SYN-0565,0,0.7179,0,Not Similar,0.00612208647527168,0.26560040311587924,0.475918929143433,0.42747948917980316,0.060635219401191216,0.0,0.0,0.023612261583476846
PAIR-2230,SYN-0518,SYN-0079,0,0.7838,0,Not Similar,0.08862090413037342,0.31245987610713305,0.6603985194294014,0.6260296261318,0.02503632546002444,0.0,0.0,0.0
PAIR-2234,SYN-0467,SYN-0323,0,0.7568,0,Not Similar,0.0047828162678106995,0.2175863146855942,0.48842715524721336,0.43995387084717374,0.03179744592877114,0.0,0.0,0.0
PAIR-2235,SYN-0345,SYN-0111,0,0.7179,0,Not Similar,0.005645446331819607,0.22438107933713694,0.4538174562261002,0.4060070940635866,0.06268000853599372,0.0,0.0,0.0
PAIR-2236,SYN-0199,SYN-0255,0,0.7368,0,Not Similar,0.005795136745474189,0.2469370464021532,0.5094694975280976,0.46114939375016023,0.06827013080437296,0.0,0.0,0.0
PAIR-2238,SYN-0339,SYN-0097,0,0.7,0,Not Similar,0.006523251259777279,0.24567318444494662,0.4975001122225733,0.4487683784200657,0.042053812304518705,0.0,0.0,0.027886230351522823
PAIR-2240,SYN-0096,SYN-0093,0,0.8056,0,Not Similar,0.08079929058749045,0.2886114858418051,0.45845307562444765,0.3873022281977666,0.0640695419242022,0.0,0.0,0.044776474247134976
PAIR-2245,SYN-0229,SYN-0599,0,0.6829,0,Not Similar,0.005221215442001165,0.20898101009098144,0.4608839482125023,0.4128097282723312,0.02655764372180957,0.037926987238790115,0.0,0.02585968519858831
PAIR-2246,SYN-0361,SYN-0552,0,0.7368,0,Not Similar,0.0052251403593900165,0.1768112111565776,0.4474850098685069,0.3998119716307699,0.03708340816645848,0.0,0.0,0.021932350754337474
PAIR-2247,SYN-0447,SYN-0067,0,0.7568,0,Not Similar,0.005921729360737249,0.23214588374922374,0.524604011870906,0.44816951274978134,0.028472967256605038,0.0,0.0,0.029769058671394788
PAIR-2248,SYN-0429,SYN-0409,0,0.7568,0,Not Similar,0.006411838383137175,0.31223293408220504,0.5153876793766773,0.4395640855831881,1.0000000000000013,0.0,0.0,0.02625863999715187
PAIR-2249,SYN-0091,SYN-0529,0,0.7568,0,Not Similar,0.006214673039569162,0.19245559315859598,0.4725462034905211,0.4241721657197217,0.019224050344583375,0.0,0.0,0.01767682796916962
PAIR-2250,SYN-0501,SYN-0559,0,0.7368,0,Not Similar,0.005718808647715473,0.28426029914128426,0.48583415607583114,0.4122500562778649,0.09426056986529957,0.0,0.0,0.21537551927794102
PAIR-2252,SYN-0020,SYN-0392,0,0.7,0,Not Similar,0.00645888076380883,0.2388077678298761,0.46361037713722314,0.41546133029120713,0.06827013080437296,0.03192283410097138,0.0,0.023564586367953232
PAIR-2255,SYN-0103,SYN-0364,0,0.7568,0,Not Similar,0.007304338366286159,0.2846687619443932,0.5245134742796265,0.4756225410108911,0.0030491727376322384,0.0,0.0,0.019151713607621662
PAIR-2257,SYN-0386,SYN-0475,0,0.7368,0,Not Similar,0.004799002799124836,0.3359179630155429,0.44227005558321997,0.3947188955949849,0.06001087285043441,0.0,0.0,1.0000000000000002
PAIR-2259,SYN-0300,SYN-0394,0,0.7179,0,Not Similar,0.004130262522785146,0.2418078378275309,0.3959582833996004,0.33151044551688696,1.0000000000000002,0.0,0.0,0.029769058671394788
PAIR-2262,SYN-0376,SYN-0423,0,0.7,0,Not Similar,0.005680069165468817,0.23490375793678697,0.4469841474506278,0.399311229235136,0.05903918098534239,0.0,0.0,0.0246490832637288
PAIR-2264,SYN-0008,SYN-0346,0,0.7179,0,Not Similar,0.003980545122759023,0.20760127103062956,0.4202789453930888,0.37346683032938593,0.04581509736903244,0.0,0.0,0.013204753285678026
PAIR-2269,SYN-0322,SYN-0066,0,0.7368,0,Not Similar,0.005645981205788807,0.2134297516885162,0.44431378872209576,0.3967187062300534,0.11073703106740922,0.0,0.0,0.0
PAIR-2271,SYN-0200,SYN-0255,0,0.7,0,Not Similar,0.004877704511355345,0.21680594237940862,0.40660478138241213,0.36046674756274355,0.06827013080437296,0.042895243667226246,0.0,0.01622784826089571
PAIR-2272,SYN-0507,SYN-0366,0,0.7368,0,Not Similar,0.006073396002138947,0.21642610853686814,0.519653661832466,0.44354195959159676,0.06001087285043441,0.0,0.0,0.02820408159804729
PAIR-2276,SYN-0444,SYN-0120,0,0.6829,0,Not Similar,0.004750246958431059,0.21782826078789,0.3824090571147191,0.3373922966918376,0.0690597706857835,0.0436047211439854,0.0,0.029397104641649064
PAIR-2278,SYN-0249,SYN-0600,0,0.7,0,Not Similar,0.005047040554650576,0.20563285800238906,0.3824090571147191,0.3373922966918376,0.03708340816645848,0.0436047211439854,0.0,0.03152347753447504
PAIR-2279,SYN-0167,SYN-0215,0,0.7368,0,Not Similar,0.0054840720791913865,0.23104510925184613,0.44431378872209576,0.3967187062300534,0.042053812304518705,0.03071281763612688,0.0,0.0
PAIR-2281,SYN-0152,SYN-0590,0,0.7,0,Not Similar,0.005129564950136846,0.19544390351797836,0.44324791627901516,0.395623891474637,0.0690597706857835,0.029934048770094288,0.0,0.0
PAIR-2282,SYN-0142,SYN-0352,0,0.8,0,Not Similar,0.004772512155053044,0.23688228524078966,0.5009545252288986,0.42617240118542826,0.013112892679882186,0.0,0.0,0.016843966867885956
PAIR-2284,SYN-0534,SYN-0130,0,0.7,0,Not Similar,0.005867809913162398,0.23150323609690618,0.4493416192430763,0.40177270291874917,0.014864848687586085,0.04787606432670763,0.0,0.024254099660720375
PAIR-2287,SYN-0241,SYN-0030,0,0.7,0,Not Similar,0.004835749220239504,0.2237608813427137,0.3906473008724352,0.34523939357946926,0.06268000853599372,0.04040556075001738,0.0,0.024555030060727595
PAIR-2289,SYN-0371,SYN-0082,0,0.7,0,Not Similar,0.00452984330936261,0.22859550202392198,0.3906473008724352,0.34523939357946926,0.046501162710801125,0.04040556075001738,0.0,0.1883095710199688
PAIR-2291,SYN-0462,SYN-0515,0,0.7179,0,Not Similar,0.005352026740164044,0.23970521526104238,0.45227964022931977,0.4044024773600566,0.09426056986529957,0.0,0.0,0.44926535322823086
PAIR-2293,SYN-0089,SYN-0597,0,0.8286,0,Not Similar,0.24095866616076544,0.36484226803183384,0.55549160753947,0.5121550585711435,0.0531946842739727,0.0,1.0,0.0165483478612762
PAIR-2294,SYN-0205,SYN-0576,0,0.7179,0,Not Similar,0.0050966717753142135,0.18918001482580543,0.45878212927590284,0.4107520072573971,0.0444595271076699,0.10777665272185173,0.0,0.024159678645707627
PAIR-2296,SYN-0366,SYN-0428,0,0.7,0,Not Similar,0.005588407791558699,0.1824031693662815,0.44953507330290887,0.40181488697022155,0.06001087285043441,0.0,0.0,0.028785296009195025
PAIR-2297,SYN-0480,SYN-0470,0,0.7,0,Not Similar,0.004761817614964715,0.22381152780257704,0.3906473008724352,0.34523939357946926,1.0000000000000013,0.0,0.0,0.0
PAIR-2298,SYN-0437,SYN-0600,0,0.7179,0,Not Similar,0.005386967333933191,0.23861454134366689,0.41108793424970025,0.3648851814480622,0.060635219401191216,0.0,0.0,0.027767313317979162
PAIR-2299,SYN-0200,SYN-0006,0,0.7,0,Not Similar,0.004607930989936651,0.22234788292057875,0.40660478138241213,0.36046674756274355,0.07191136188695764,0.0,0.0,0.016958878934339897
PAIR-2302,SYN-0219,SYN-0315,0,0.7368,0,Not Similar,0.004442125801352231,0.3944351468182191,0.4038346565571866,0.3578845522471807,0.02390512074852718,0.0344258766004214,0.0,0.01801521310499749
PAIR-2305,SYN-0206,SYN-0488,0,0.7,0,Not Similar,0.00550969452056473,0.23772064643271146,0.4771256256913217,0.4288010297453419,0.023892081866768083,0.0419916614064972,0.0,0.03034488162280204
PAIR-2307,SYN-0382,SYN-0560,0,0.7368,0,Not Similar,0.004938691926153215,0.24383495116363713,0.4541528856887506,0.4065042288916759,0.05903918098534239,0.046291527794522724,0.0,0.01769903821319596
PAIR-2308,SYN-0115,SYN-0454,0,0.7368,0,Not Similar,0.005020852968175271,0.19124185890550557,0.44431378872209576,0.3967187062300534,0.03905908140646072,0.0,0.0,0.0229641672356165
PAIR-2309,SYN-0282,SYN-0274,0,0.7568,0,Not Similar,0.006047886606065903,0.26700035467447886,0.5099521737065799,0.4345088184395817,1.0000000000000016,0.0,0.0,0.034553118648998994
PAIR-2313,SYN-0318,SYN-0552,0,0.7368,0,Not Similar,0.005461913441388131,0.2046869314045696,0.4538174562261002,0.4060070940635866,0.06001087285043441,0.0,0.0,0.044776474247134976
PAIR-2314,SYN-0320,SYN-0332,0,0.6829,0,Not Similar,0.0055194232088449265,0.39412840915747377,0.4469841474506278,0.399311229235136,0.0029950390026826923,0.0,0.0,1.0000000000000002
PAIR-2318,SYN-0200,SYN-0007,0,0.7179,0,Not Similar,0.00576208186310873,0.2547298249676003,0.4293352455022354,0.3824907209273746,0.040157584397110896,0.0,0.0,0.01634489767629536
PAIR-2319,SYN-0556,SYN-0221,0,0.7,0,Not Similar,0.004978961802783593,0.23058008575778283,0.43335907309126054,0.38607940355818227,0.05903918098534239,0.09516791999056616,0.0,0.02785537773126374
PAIR-2320,SYN-0420,SYN-0178,0,0.7692,0,Not Similar,0.1487094318693543,0.256414665612694,0.5639373393031739,0.5268744741314138,0.0690597706857835,0.0,0.19803432424759018,0.027568465466162876
PAIR-2321,SYN-0037,SYN-0509,0,0.7778,0,Not Similar,0.007197494875009736,0.22587525520782634,0.5266848702051553,0.47813044119292764,0.014864848687586085,0.0,0.0,0.028087370201234824
PAIR-2322,SYN-0348,SYN-0047,0,0.7179,0,Not Similar,0.005305524245379588,0.2512591358699135,0.4725462034905211,0.4241721657197217,0.046501162710801125,0.03831187095366925,0.0,0.02625863999715187
PAIR-2324,SYN-0401,SYN-0164,0,0.7179,0,Not Similar,0.005598610012481293,0.1728325795057639,0.44584471397933656,0.3982112391968711,0.0690597706857835,0.0,0.0,0.013150110655490693
PAIR-2327,SYN-0173,SYN-0331,0,0.7368,0,Not Similar,0.006607493454036832,0.2544216271887162,0.5124833416415914,0.46411149609350627,0.06268000853599372,0.0,0.0,0.0
PAIR-2328,SYN-0436,SYN-0346,0,0.7179,0,Not Similar,0.004303452934929803,0.2016012837273226,0.43088922579536637,0.38368598512983315,0.039181891032583294,0.0,0.0,0.0
PAIR-2329,SYN-0102,SYN-0469,0,0.7632,0,Not Similar,0.06777958287610092,0.23265707510747236,0.5297091489444566,0.4858483035925779,0.019224050344583375,0.0,0.0,0.018340841980740204
PAIR-2331,SYN-0104,SYN-0058,0,0.7,0,Not Similar,0.004943333812761083,0.23786558913185735,0.4706101669046341,0.42236654348771796,0.9999999999999989,0.0,0.0,0.013476869677009763
PAIR-2335,SYN-0350,SYN-0478,0,0.7368,0,Not Similar,0.0062512496132049395,0.18928328806590297,0.46089540755965913,0.41279660922287736,0.023892081866768083,0.0,0.0,0.017150942013167674
PAIR-2338,SYN-0496,SYN-0189,0,0.7,0,Not Similar,0.005021904062356121,0.2230970175695866,0.4228992259638914,0.3763569507437564,0.049443921584745434,0.0,0.0,0.03072138281198905
PAIR-2347,SYN-0241,SYN-0328,0,0.7368,0,Not Similar,0.006402075563003807,0.2807753783106038,0.4969242448237574,0.4488670659521536,0.02390512074852718,0.0,0.0,0.0268674096194347
PAIR-2350,SYN-0408,SYN-0080,0,0.7,0,Not Similar,0.006312520038862567,0.19869528177995202,0.46361037713722314,0.41546133029120713,0.019224050344583375,0.0,0.0,0.30328049279748737
PAIR-2353,SYN-0395,SYN-0160,0,0.7179,0,Not Similar,0.003840293220996603,0.19483175483939622,0.40050950654817447,0.3546861623944933,0.11073703106740922,0.0,0.0,0.0
PAIR-2356,SYN-0302,SYN-0159,0,0.8056,0,Not Similar,0.0581191409153443,0.3087561843553644,0.5882327072650068,0.5454596610549527,0.0030491727376322384,0.0,0.0,0.037623238027342444
PAIR-2357,SYN-0096,SYN-0180,0,0.7179,0,Not Similar,0.0056349151216510025,0.3422177032864877,0.4233444173085018,0.3766544267339764,0.07191136188695764,0.0,0.0,0.02665464178516917
PAIR-2358,SYN-0536,SYN-0384,0,0.7,0,Not Similar,0.005593225155590294,0.2275674631163573,0.42179261089689,0.37514641046626596,0.02655764372180957,0.05350850773039705,0.0,0.0229641672356165
PAIR-2359,SYN-0259,SYN-0029,0,0.8108,0,Not Similar,0.13400801376291974,0.3338137701830317,0.4922296280484471,0.44354491679923197,0.046501162710801125,0.047310991064681375,1.0,0.01819854017687902
PAIR-2360,SYN-0305,SYN-0581,0,0.7632,0,Not Similar,0.06118244979822527,0.2429675205132843,0.5082942078071163,0.46470306987841087,0.03179744592877114,0.025850726713370836,0.0,0.01762579776872631
PAIR-2361,SYN-0562,SYN-0399,0,0.7,0,Not Similar,0.005730391254084231,0.2361378299138812,0.42179261089689,0.39753370491029105,0.023892081866768083,0.05064771195628793,0.0,0.01801521310499749
PAIR-2362,SYN-0420,SYN-0011,0,0.7179,0,Not Similar,0.004690020009201922,0.1976759855541107,0.45553084809805267,0.4075741009852525,0.028472967256605038,0.0,0.0,0.03152347753447504
PAIR-2363,SYN-0596,SYN-0441,0,0.7838,0,Not Similar,0.09268720999770239,0.39391379285784184,0.6603985194294014,0.6260296261318,0.060635219401191216,0.0,0.0,0.016361853116629337
PAIR-2364,SYN-0274,SYN-0327,0,0.7568,0,Not Similar,0.005979129351953425,0.281053249206902,0.47437619466175546,0.4017700242152868,0.02086270648700225,0.0,0.0,0.02335359825583299
PAIR-2366,SYN-0584,SYN-0129,0,0.7,0,Not Similar,0.005059458038954757,0.21786225864389164,0.46537681329910613,0.4173802735244017,0.0690597706857835,0.0,0.0,0.03034488162280204
PAIR-2367,SYN-0358,SYN-0185,0,0.7895,0,Not Similar,0.14343723263772948,0.4908539264536575,0.47809925691500105,0.4296210089114079,0.11073703106740922,0.047310991064681375,1.0,0.0229437323631189
PAIR-2368,SYN-0088,SYN-0256,0,0.8108,0,Not Similar,0.14271090282322232,0.3051062702384158,0.46917355388502446,0.445987365511047,0.0030491727376322384,0.0,1.0,0.013752961573673577
PAIR-2370,SYN-0498,SYN-0360,0,0.7632,0,Not Similar,0.05856714943078935,0.20942687577493982,0.45227964022931977,0.4044024773600566,0.06001087285043441,0.13285599754779143,0.0,0.02129531772760206
PAIR-2373,SYN-0520,SYN-0539,0,0.8378,0,Not Similar,0.23280803314867626,0.3608584362890972,0.47809925691500105,0.4296210089114079,0.08578634339055208,0.0,1.0,0.0
PAIR-2374,SYN-0216,SYN-0358,0,0.7179,0,Not Similar,0.004851617701620982,0.27196175811245177,0.4469841474506278,0.399311229235136,1.0000000000000002,0.0,0.0,0.017826699135499675
PAIR-2375,SYN-0593,SYN-0373,0,0.8108,0,Not Similar,0.15404395566494408,0.27470343390906404,0.46917355388502446,0.445987365511047,0.05903918098534239,0.0,1.0,0.02129531772760206
PAIR-2376,SYN-0582,SYN-0089,0,0.8056,0,Not Similar,0.1320303938101426,0.2500125982177791,0.5615250781515049,0.5225533614732119,0.03905908140646072,0.026167578183953193,0.0,0.016412815599009017
PAIR-2382,SYN-0549,SYN-0224,0,0.6829,0,Not Similar,0.005181473084767722,0.22256064765018518,0.4060318238998258,0.3619530537903923,0.03708340816645848,0.0,0.0,0.02625863999715187
PAIR-2383,SYN-0451,SYN-0010,0,0.7368,0,Not Similar,0.0063055916120911965,0.23402580386620758,0.4725462034905211,0.4494851286163266,0.02503632546002444,0.03626355297263521,0.0,0.017150942013167674
PAIR-2386,SYN-0416,SYN-0463,0,0.8108,0,Not Similar,0.16083455954313075,0.34570532080367383,0.4730570113864039,0.42468009348681957,0.060635219401191216,0.0,1.0,0.03034488162280204
PAIR-2387,SYN-0024,SYN-0310,0,0.7368,0,Not Similar,0.006786841911300275,0.2489381133284028,0.4967685557078483,0.44805743423964034,0.06827013080437296,0.0,0.0,0.026958455208865445
PAIR-2397,SYN-0546,SYN-0363,0,0.7692,0,Not Similar,0.15532756128074224,0.3070513241658889,0.4922296280484471,0.44354491679923197,0.023892081866768083,0.0,1.0,0.01622784826089571
PAIR-2398,SYN-0544,SYN-0538,0,0.725,0,Not Similar,0.06945551083358939,0.341902321496629,0.5298792275420138,0.4867662938172736,0.09426056986529957,0.03734041686399041,0.0,0.0
PAIR-2405,SYN-0447,SYN-0567,0,0.7632,0,Not Similar,0.07730821438649466,0.46769548459547283,0.5443771385223728,0.5021262644770622,1.0000000000000004,0.0,0.0,0.0229437323631189
PAIR-2408,SYN-0521,SYN-0380,0,0.7838,0,Not Similar,0.07574855211504218,0.27959964771446766,0.5882327072650068,0.5454596610549527,0.03179744592877114,0.0,0.0,0.01767682796916962
PAIR-2410,SYN-0537,SYN-0234,0,0.7568,0,Not Similar,0.00716874701742541,0.24543236431265886,0.5228903707324287,0.47400263933451325,0.06001087285043441,0.0,0.0,0.025776121337231905
PAIR-2415,SYN-0130,SYN-0535,0,0.7179,0,Not Similar,0.0067569720936695955,0.26884922674591843,0.5441195820399004,0.4954836465190938,0.02503632546002444,0.0,0.0,0.017703896742666436
PAIR-2416,SYN-0262,SYN-0024,0,0.7436,0,Not Similar,0.059823200156533335,0.24453422715939,0.5297091489444566,0.4858483035925779,0.042053812304518705,0.0,0.0,0.026958455208865445
PAIR-2418,SYN-0417,SYN-0278,0,0.7179,0,Not Similar,0.0068967982393365775,0.30449404649277834,0.4975001122225733,0.4487683784200657,0.0444595271076699,0.21851121952349303,0.0,0.027485872840346967
PAIR-2420,SYN-0449,SYN-0510,0,0.7436,0,Not Similar,0.07268640762470244,0.3174424244989062,0.5088604448206765,0.4715683506139831,0.09426056986529957,0.0,0.0,0.030833828637999373
PAIR-2421,SYN-0535,SYN-0296,0,0.7568,0,Not Similar,0.006366870883250404,0.25320806250924655,0.5266848702051553,0.47813044119292764,0.023892081866768083,0.0,0.0,0.017200597411476875
PAIR-2423,SYN-0292,SYN-0584,0,0.6829,0,Not Similar,0.004840070424996251,0.19994571702933311,0.4538174562261002,0.4060070940635866,0.0444595271076699,0.0,0.0,0.020655225107562996
PAIR-2424,SYN-0554,SYN-0357,0,0.7632,0,Not Similar,0.0587864277601437,0.44109205876020496,0.5146680543122369,0.49877779836067865,0.06001087285043441,0.03534403701153392,0.0,1.0000000000000002
PAIR-2426,SYN-0184,SYN-0011,0,0.7368,0,Not Similar,0.006294150343106962,0.2595176370383769,0.47645757718901105,0.4280107491901335,1.0000000000000002,0.0,0.0,0.0
PAIR-2427,SYN-0529,SYN-0125,0,0.7368,0,Not Similar,0.0056670358608165725,0.24139235249464033,0.4725462034905211,0.4241721657197217,0.0690597706857835,0.03831187095366925,0.0,0.022750841693730886
PAIR-2428,SYN-0287,SYN-0283,0,0.7632,0,Not Similar,0.06638934735853172,0.28153677702843577,0.5297091489444566,0.4858483035925779,0.02086270648700225,0.0,0.0,0.0
PAIR-2430,SYN-0234,SYN-0472,0,0.7368,0,Not Similar,0.0053650420061560275,0.2135862196479261,0.48440547574719706,0.4360220330873913,0.06001087285043441,0.0,0.0,0.0
PAIR-2434,SYN-0006,SYN-0489,0,0.7179,0,Not Similar,0.005094864473025808,0.22852152831431377,0.45227964022931977,0.4044024773600566,0.0690597706857835,0.13285599754779143,0.0,0.019871130360628916
PAIR-2435,SYN-0287,SYN-0100,0,0.7,0,Not Similar,0.005211642982077442,0.22501834248261107,0.4608839482125023,0.4128097282723312,0.04581509736903244,0.0,0.0,0.0
PAIR-2436,SYN-0126,SYN-0382,0,0.7368,0,Not Similar,0.004604904456179747,0.2592410066581425,0.4756491635344958,0.42734059537349584,0.046501162710801125,0.042895243667226246,0.0,0.0
PAIR-2437,SYN-0364,SYN-0320,0,0.7838,0,Not Similar,0.06582843084046669,0.32795690096272584,0.5228945042147953,0.47935299433646333,0.0029950390026826923,0.0,0.0,0.02433537162065943
PAIR-2438,SYN-0373,SYN-0410,0,0.7,0,Not Similar,0.005590602444684976,0.20889138051978243,0.45710042279617624,0.43352143411737726,0.03708340816645848,0.0419916614064972,0.0,0.013640323743566354
PAIR-2439,SYN-0334,SYN-0492,0,0.8108,0,Not Similar,0.15189660576154687,0.29578448600595825,0.48304012310994227,0.43451171542095623,0.03179744592877114,0.0,1.0,0.027882694783023843
PAIR-2441,SYN-0465,SYN-0117,0,0.7838,0,Not Similar,0.07423281082561962,0.24496125656641055,0.5540044485679793,0.5110244873330512,0.028472967256605038,0.0,0.0,0.019611441047045947
PAIR-2442,SYN-0131,SYN-0233,0,0.7838,0,Not Similar,0.08557202333282833,0.36721417535252626,0.6603985194294014,0.6260296261318,0.046501162710801125,0.0,0.0,0.028962210532623975
PAIR-2443,SYN-0315,SYN-0464,0,0.7179,0,Not Similar,0.005435400700365418,0.3301683778026487,0.41699820425054857,0.37061424963732204,0.03708340816645848,0.0,0.0,0.01801521310499749
PAIR-2444,SYN-0220,SYN-0465,0,0.7632,0,Not Similar,0.07421492994012899,0.3882425469394279,0.5540044485679793,0.5110244873330512,0.03708340816645848,0.0,0.0,1.0000000000000002
PAIR-2449,SYN-0525,SYN-0081,0,0.7632,0,Not Similar,0.0637375539771005,0.2453193343565795,0.537205164893244,0.4933765667215076,0.03905908140646072,0.0,0.0,0.21537551927794102
PAIR-2450,SYN-0213,SYN-0351,0,0.7436,0,Not Similar,0.0612433898498379,0.20361850047989263,0.42979082083158715,0.382629038240879,0.02086270648700225,0.0,0.0,0.10895598826170594
PAIR-2451,SYN-0379,SYN-0030,0,0.6829,0,Not Similar,0.004727132216802824,0.23751581271481884,0.3824090571147191,0.3373922966918376,0.046501162710801125,0.0436047211439854,0.0,0.028810367260630323
PAIR-2457,SYN-0279,SYN-0127,0,0.7179,0,Not Similar,0.00614167678638469,0.21422717937502908,0.4549551690646492,0.4070000770578482,0.11073703106740922,0.0,0.0,0.0229641672356165
PAIR-2462,SYN-0182,SYN-0303,0,0.7,0,Not Similar,0.004893755630478595,0.24941641847524765,0.43425882172469293,0.38730481044073506,0.015562708906446683,0.05350850773039705,0.0,0.028380790097580808
PAIR-2465,SYN-0382,SYN-0578,0,0.7368,0,Not Similar,0.004576855174994065,0.22470796406784282,0.4639367077660931,0.41595873659864513,0.02655764372180957,0.042895243667226246,0.0,0.014876932991756952
PAIR-2466,SYN-0513,SYN-0516,0,0.7179,0,Not Similar,0.0063159681591550415,0.25761032165111053,0.475918929143433,0.42747948917980316,0.08578634339055208,0.0,0.0,0.02057481448225616
PAIR-2467,SYN-0239,SYN-0223,0,0.7179,0,Not Similar,0.0038669231001240193,0.226191003979216,0.42072709112212037,0.3739320957976458,0.0029950390026826923,0.0,0.0,0.028810367260630323
PAIR-2472,SYN-0231,SYN-0085,0,0.7632,0,Not Similar,0.0615100514473933,0.2337545927792334,0.5347552900542748,0.49091724645822893,0.015562708906446683,0.0,0.0,0.027440039945625008
PAIR-2479,SYN-0400,SYN-0535,0,0.7778,0,Not Similar,0.0052217395481008256,0.2466614008636724,0.5266848702051553,0.47813044119292764,0.03179744592877114,0.0,0.0,0.016035885744959098
PAIR-2480,SYN-0570,SYN-0224,0,0.7368,0,Not Similar,0.007762516879179481,0.26739088076539,0.5441195820399004,0.4954836465190938,0.02655764372180957,0.0,0.0,0.017132917569005604
PAIR-2483,SYN-0502,SYN-0364,0,0.7368,0,Not Similar,0.006489666582014776,0.25813752855222044,0.5024993795043401,0.480858374337503,0.06001087285043441,0.0,0.0,0.01901456396459118
PAIR-2484,SYN-0014,SYN-0037,0,0.7368,0,Not Similar,0.005194914026998884,0.2409225638252068,0.44431378872209576,0.3967187062300534,0.9999999999999989,0.0,0.0,0.0439313843031815
PAIR-2485,SYN-0027,SYN-0345,0,0.7368,0,Not Similar,0.005416285890856706,0.244566929947225,0.4724774032441351,0.42440895149146396,0.06268000853599372,0.0,0.0,0.0
PAIR-2487,SYN-0001,SYN-0077,0,0.8056,0,Not Similar,0.1018503732209446,0.31043193950351705,0.5245134742796265,0.4756225410108911,1.0000000000000002,0.0,0.0,0.02820408159804729
PAIR-2492,SYN-0383,SYN-0017,0,0.7368,0,Not Similar,0.006684683318129536,0.27335591996039843,0.5124833416415914,0.46411149609350627,0.06268000853599372,0.0,0.0,0.0
PAIR-2495,SYN-0450,SYN-0230,0,0.7895,0,Not Similar,0.14824730232465289,0.2882915096950009,0.46917355388502446,0.445987365511047,0.02655764372180957,0.0,1.0,0.01638922662951344
PAIR-2500,SYN-0509,SYN-0195,0,0.7568,0,Not Similar,0.007266989619800993,0.2253085628953816,0.5284996128282066,0.4799292609478634,0.03992883593314474,0.0,0.0,0.01767682796916962
PAIR-2504,SYN-0270,SYN-0559,0,0.8235,0,Not Similar,0.005164076705080741,0.21596239685110297,0.5136179600307039,0.4379165582806319,0.02655764372180957,0.0,0.0,0.3054195385514388
PAIR-2505,SYN-0196,SYN-0075,0,0.7179,0,Not Similar,0.005502708078605758,0.23755644867928707,0.4411426390796242,0.39363155614324646,0.07191136188695764,0.0,0.0,0.02625863999715187
PAIR-2506,SYN-0128,SYN-0555,0,0.7568,0,Not Similar,0.006096391916578523,0.1906649696515528,0.4742847361471279,0.42587725607476545,0.028472967256605038,0.0,0.0,0.016412815599009017
PAIR-2507,SYN-0395,SYN-0073,0,0.7179,0,Not Similar,0.00432986528723575,0.22047038492716137,0.45710042279617624,0.40910747405939385,0.11073703106740922,0.0,0.0,0.0
PAIR-2509,SYN-0223,SYN-0384,0,0.7179,0,Not Similar,0.004700536136645248,0.27806836555968567,0.4364424285324676,0.38916012210584766,0.02390512074852718,0.04787606432670763,0.0,0.036177268971577074
PAIR-2513,SYN-0230,SYN-0592,0,0.7,0,Not Similar,0.004956892832986977,0.20279695823932253,0.45227964022931977,0.4044024773600566,0.05903918098534239,0.0,0.0,0.0
PAIR-2514,SYN-0234,SYN-0468,0,0.7838,0,Not Similar,0.07072355806397268,0.24835491668267684,0.5592938258233069,0.5157383563843324,0.03179744592877114,0.0,0.0,1.0000000000000002
PAIR-2515,SYN-0271,SYN-0591,0,0.7179,0,Not Similar,0.00642757036989049,0.22167657569346033,0.46089540755965913,0.41279660922287736,0.02655764372180957,0.03779809707262431,0.0,0.03810824594105467
PAIR-2518,SYN-0583,SYN-0484,0,0.7436,0,Not Similar,0.10842171353169919,0.3116271000694488,0.42179261089689,0.37514641046626596,0.9999999999999999,0.0,1.0,0.03072138281198905
PAIR-2519,SYN-0491,SYN-0408,0,0.8611,0,Not Similar,0.3211378715558995,0.399224578383596,0.6440195688137114,0.6109815900003155,0.09426056986529957,0.03534403701153392,1.0,0.028346502242523414
PAIR-2527,SYN-0506,SYN-0259,0,0.7179,0,Not Similar,0.004524116848498456,0.19709456466751504,0.45902179213893174,0.41111716441808516,0.05903918098534239,0.0,0.0,0.0
PAIR-2532,SYN-0264,SYN-0082,0,0.6364,0,Not Similar,0.0035562126938823977,0.19266914186279505,0.3191939973285748,0.27839078041905635,0.046501162710801125,0.0,0.0,0.018194062079218594
PAIR-2533,SYN-0332,SYN-0595,0,0.725,0,Not Similar,0.06659344042653292,0.31076147884963007,0.5540044485679793,0.5110244873330512,0.06001087285043441,0.05238135855837332,0.0,0.037623238027342444
PAIR-2534,SYN-0182,SYN-0441,0,0.7838,0,Not Similar,0.08650254463144061,0.32262454768260923,0.6603985194294014,0.6260296261318,0.0690597706857835,0.0,0.0,0.025776121337231905
PAIR-2535,SYN-0004,SYN-0319,0,0.7179,0,Not Similar,0.004028840713465862,0.21187643063696077,0.3906473008724352,0.34523939357946926,0.06268000853599372,0.04040556075001738,0.0,0.0
PAIR-2536,SYN-0242,SYN-0330,0,0.8108,0,Not Similar,0.1765916969010753,0.35173133827358727,0.46512237846446586,0.4171077510451236,1.0000000000000002,0.0,1.0,0.3054195385514388
PAIR-2539,SYN-0432,SYN-0091,0,0.7632,0,Not Similar,0.11749351913395398,0.24439274695415392,0.42179261089689,0.37514641046626596,0.02503632546002444,0.0,1.0,0.027767313317979162
PAIR-2540,SYN-0259,SYN-0503,0,0.7568,0,Not Similar,0.005189625743129497,0.2437532894701532,0.48651245241570834,0.4379194779822781,0.05903918098534239,0.03831187095366925,0.0,0.028346502242523414
PAIR-2541,SYN-0485,SYN-0221,0,0.7,0,Not Similar,0.005268867106283925,0.21284109567622903,0.4639367077660931,0.41595873659864513,0.02655764372180957,0.0,0.0,0.026846898342445417
PAIR-2543,SYN-0054,SYN-0141,0,0.7368,0,Not Similar,0.0062710366293595955,0.2795075835086596,0.47645757718901105,0.4280107491901335,1.0,0.0,0.0,0.0
PAIR-2546,SYN-0525,SYN-0383,0,0.7179,0,Not Similar,0.006582976841520975,0.2219971142852966,0.4680268449057557,0.4197959131858295,0.023892081866768083,0.0,0.0,0.0
PAIR-2547,SYN-0184,SYN-0068,0,0.7436,0,Not Similar,0.0614553052501081,0.27465698115571424,0.48577085974974804,0.44229674156712695,0.07191136188695764,0.0,0.0,0.0
PAIR-2548,SYN-0331,SYN-0108,0,0.7,0,Not Similar,0.005432596671548139,0.23080163365601045,0.4028787813027274,0.356964419130856,0.06268000853599372,0.0340090290973682,0.0,0.0179934482769695
PAIR-2550,SYN-0457,SYN-0049,0,0.7568,0,Not Similar,0.006758751286670819,0.24053742521590152,0.5229258229276684,0.474409768560522,0.0531946842739727,0.0,0.0,0.03411335723846008
PAIR-2552,SYN-0315,SYN-0163,0,0.7179,0,Not Similar,0.005168832068811383,0.22947123181998952,0.4228992259638914,0.3763569507437564,0.013112892679882186,0.0,0.0,0.0229641672356165
PAIR-2553,SYN-0043,SYN-0107,0,0.7838,0,Not Similar,0.07121253187190613,0.3273007849758411,0.5882327072650068,0.5454596610549527,1.0,0.0,0.0,0.024952241022213738
PAIR-2555,SYN-0194,SYN-0030,0,0.7179,0,Not Similar,0.00519857282934569,0.2594983941859135,0.4038346565571866,0.3578845522471807,0.07191136188695764,0.0344258766004214,0.0,0.028810367260630323
PAIR-2557,SYN-0064,SYN-0257,0,0.7568,0,Not Similar,0.004925648770366031,0.20546609529707932,0.46259107607081124,0.41445597203322726,0.04581509736903244,0.0,0.0,0.02240456882349668
PAIR-2560,SYN-0392,SYN-0018,0,0.7,0,Not Similar,0.005794573978302755,0.30312142690396754,0.42528388542685797,0.3785413310352686,0.046501162710801125,0.21851121952349303,0.0,0.018340841980740204
PAIR-2561,SYN-0274,SYN-0135,0,0.7,0,Not Similar,0.004714749327216955,0.22079607650778663,0.3959582833996004,0.33151044551688696,0.04581509736903244,0.0,0.0,0.029033107884805714
PAIR-2562,SYN-0495,SYN-0411,0,0.7895,0,Not Similar,0.14446199010750171,0.4749687900765237,0.4730570113864039,0.42468009348681957,0.060635219401191216,0.0,1.0,1.0
PAIR-2563,SYN-0036,SYN-0148,0,0.7,0,Not Similar,0.005364442643086342,0.28309292380089063,0.42179261089689,0.39753370491029105,1.0000000000000002,0.05064771195628793,0.0,0.10895598826170594
PAIR-2568,SYN-0435,SYN-0208,0,0.7568,0,Not Similar,0.0053017744212386425,0.25276679679252256,0.5024993795043401,0.45377861259856356,0.02655764372180957,0.0,0.0,0.0165483478612762
PAIR-2569,SYN-0222,SYN-0581,0,0.7568,0,Not Similar,0.00531222949971947,0.20810394542941155,0.5136179600307039,0.4379165582806319,0.05903918098534239,0.0,0.0,0.028087370201234824
PAIR-2571,SYN-0337,SYN-0102,0,0.7368,0,Not Similar,0.005301663981603965,0.23235790233312822,0.48998486001649594,0.44133399095650827,0.04581509736903244,0.0,0.0,0.024555030060727595
PAIR-2572,SYN-0168,SYN-0408,0,0.7632,0,Not Similar,0.09485435428579689,0.25433306363025976,0.4469278933799648,0.39919143815148267,0.019224050344583375,0.025504060579330502,1.0,0.0179934482769695
PAIR-2575,SYN-0449,SYN-0293,0,0.6829,0,Not Similar,0.004827323108981654,0.19625020704928908,0.4202789453930888,0.37346683032938593,0.08287688990740738,0.0,0.0,0.023116726823538675
PAIR-2577,SYN-0516,SYN-0083,0,0.6667,0,Not Similar,0.00441459141538492,0.18479571141954243,0.3656355201368392,0.3223964845064849,0.02503632546002444,0.0,0.0,0.019551192674269264
PAIR-2578,SYN-0250,SYN-0259,0,0.7568,0,Not Similar,0.006114315980242737,0.3235930998923326,0.5441195820399004,0.4954836465190938,0.9999999999999987,0.0,0.0,0.0
PAIR-2582,SYN-0281,SYN-0027,0,0.7568,0,Not Similar,0.00449734099181221,0.2587429638778951,0.48440547574719706,0.4360220330873913,0.06268000853599372,0.0,0.0,0.6584309197916636
PAIR-2583,SYN-0176,SYN-0162,0,0.7,0,Not Similar,0.004809021827890939,0.22334156715950734,0.44324791627901516,0.395623891474637,0.07191136188695764,0.0,0.0,0.016958878934339897
PAIR-2586,SYN-0468,SYN-0017,0,0.7838,0,Not Similar,0.07138654143805057,0.27591210364610413,0.5882327072650068,0.5454596610549527,0.049443921584745434,0.0,0.0,0.03573773250830846
PAIR-2587,SYN-0190,SYN-0541,0,0.7179,0,Not Similar,0.005342662033431013,0.19947686258439673,0.4411426390796242,0.39363155614324646,0.014864848687586085,0.0,0.0,0.023118519368989027
PAIR-2588,SYN-0174,SYN-0538,0,0.6829,0,Not Similar,0.004873420434835341,0.22762437364094235,0.4090101136600721,0.362782134749899,0.014864848687586085,0.03610457478966602,0.0,0.01828789487709646
PAIR-2589,SYN-0534,SYN-0326,0,0.7568,0,Not Similar,0.005834935948182865,0.2212728402602737,0.47437619466175546,0.4017700242152868,0.039181891032583294,0.0,0.0,0.0394712892339555
PAIR-2590,SYN-0144,SYN-0006,0,0.7,0,Not Similar,0.004168976913942016,0.2188730504998859,0.42979082083158715,0.382629038240879,0.07191136188695764,0.0,0.0,0.02785537773126374
PAIR-2592,SYN-0270,SYN-0165,0,0.7568,0,Not Similar,0.004543738401239938,0.2154521272583591,0.44544930964844565,0.39781457340277854,0.013112892679882186,0.0,0.0,0.02701923548805889
PAIR-2594,SYN-0114,SYN-0124,0,0.7895,0,Not Similar,0.15947116787863747,0.3125450239193895,0.5146680543122369,0.49877779836067865,1.0000000000000002,0.03534403701153392,0.0,0.0
PAIR-2595,SYN-0007,SYN-0497,0,0.6512,0,Not Similar,0.004410342542609111,0.3413584211231273,0.3708096986380989,0.32739204700873015,0.014864848687586085,0.0,0.0,1.0
PAIR-2598,SYN-0160,SYN-0144,0,0.7,0,Not Similar,0.004515615586327981,0.23388516754237743,0.3906473008724352,0.34523939357946926,0.040157584397110896,0.0,0.0,0.03047855538189337
PAIR-2603,SYN-0490,SYN-0262,0,0.7436,0,Not Similar,0.061611588076263185,0.22563521386926824,0.5297091489444566,0.4858483035925779,0.0444595271076699,0.0,0.0,0.01769903821319596
PAIR-2604,SYN-0291,SYN-0570,0,0.7179,0,Not Similar,0.005224802879338897,0.19061556830185808,0.4706101669046341,0.42236654348771796,0.02655764372180957,0.0,0.0,0.013440642456099295
PAIR-2605,SYN-0187,SYN-0408,0,0.6512,0,Not Similar,0.004502061590584176,0.20289141849728207,0.35325522089109906,0.3105225283008063,0.0690597706857835,0.14834632117724156,0.0,0.018123232741797057
PAIR-2607,SYN-0551,SYN-0379,0,0.7895,0,Not Similar,0.1662283458151752,0.2921037342523917,0.4903984337877252,0.4469113031413651,0.05903918098534239,0.0,1.0,0.0439313843031815
PAIR-2608,SYN-0469,SYN-0124,0,0.7,0,Not Similar,0.00645888076380883,0.2193520088648945,0.46361037713722314,0.41546133029120713,0.028472967256605038,0.03192283410097138,0.0,0.020068023254021204
PAIR-2609,SYN-0111,SYN-0461,0,0.7179,0,Not Similar,0.006657279821828394,0.2351431529390752,0.482653749356181,0.4341033222836122,0.0690597706857835,0.0,0.0,0.022557989739406925
PAIR-2614,SYN-0473,SYN-0029,0,0.7632,0,Not Similar,0.06872089321831612,0.23850656253171945,0.537205164893244,0.4933765667215076,0.03992883593314474,0.0,0.0,0.02322591610196474
PAIR-2616,SYN-0421,SYN-0438,0,0.7838,0,Not Similar,0.06447396623923628,0.2804693773835869,0.5347552900542748,0.49091724645822893,1.0000000000000013,0.0,0.0,0.023564586367953232
PAIR-2618,SYN-0268,SYN-0112,0,0.6829,0,Not Similar,0.004578291731494114,0.20748682244318511,0.4202789453930888,0.37346683032938593,0.06268000853599372,0.0,0.0,1.0000000000000002
PAIR-2620,SYN-0271,SYN-0095,0,0.7568,0,Not Similar,0.006683842096957823,0.25145920885771555,0.5136992660519404,0.46530781800778076,0.06827013080437296,0.0,0.0,0.6468175759612678
PAIR-2624,SYN-0536,SYN-0331,0,0.7,0,Not Similar,0.0055550838204975065,0.2058706436159003,0.4090101136600721,0.362782134749899,0.08287688990740738,0.03610457478966602,0.0,0.0179934482769695
PAIR-2626,SYN-0256,SYN-0171,0,0.7778,0,Not Similar,0.00606071222853991,0.25441466183589745,0.5099521737065799,0.4345088184395817,0.0030491727376322384,0.0,0.0,0.016409223945179695
PAIR-2627,SYN-0018,SYN-0341,0,0.7632,0,Not Similar,0.0859460125542272,0.320882712034748,0.3695729472805736,0.3252427518472361,0.046501162710801125,0.04873465668549458,1.0,0.018409388231407465
PAIR-2631,SYN-0069,SYN-0006,0,0.7368,0,Not Similar,0.005982807636827978,0.2771977200108601,0.5094694975280976,0.46114939375016023,0.0640695419242022,0.0,0.0,0.03072138281198905
PAIR-2632,SYN-0247,SYN-0574,0,0.7,0,Not Similar,0.0047562587308762685,0.1899619933521532,0.3906473008724352,0.34523939357946926,0.02655764372180957,0.0,0.0,0.027568465466162876
PAIR-2633,SYN-0562,SYN-0429,0,0.7568,0,Not Similar,0.005765162308405537,0.2857633315824808,0.45845307562444765,0.3873022281977666,0.08578634339055208,0.0,0.0,0.020010090051812087
PAIR-2634,SYN-0476,SYN-0177,0,0.8378,0,Not Similar,0.21432894893259127,0.3639174970727645,0.5307526027437022,0.5157770539176968,0.03992883593314474,0.05238135855837332,1.0,0.017150942013167674
PAIR-2635,SYN-0329,SYN-0480,0,0.7,0,Not Similar,0.004811924087526532,0.18963627871974315,0.39659248475232095,0.3508660177041546,0.08287688990740738,0.0,0.0,0.041991165423474364
PAIR-2637,SYN-0208,SYN-0272,0,0.7778,0,Not Similar,0.005433072291635321,0.2773568976793095,0.5024993795043401,0.45377861259856356,0.9999999999999987,0.0,0.0,0.021471168273774932
PAIR-2639,SYN-0538,SYN-0499,0,0.7,0,Not Similar,0.0060104018009599115,0.27805829941716054,0.4680268449057557,0.4197959131858295,0.08578634339055208,0.0,0.0,0.017673600647654962
PAIR-2640,SYN-0590,SYN-0446,0,0.6829,0,Not Similar,0.004806795232947054,0.381392337740523,0.44324791627901516,0.395623891474637,0.060635219401191216,0.0,0.0,0.07635162400096726
PAIR-2641,SYN-0308,SYN-0216,0,0.7568,0,Not Similar,0.3914632112857893,0.283586159303166,0.44227005558321997,0.3947188955949849,0.0029950390026826923,0.0,0.0,0.023129804867103716
PAIR-2642,SYN-0210,SYN-0381,0,0.7,0,Not Similar,0.005036928926347001,0.29288097016328596,0.42528388542685797,0.3785413310352686,0.02086270648700225,0.21851121952349303,0.0,0.023172683650114097
PAIR-2643,SYN-0252,SYN-0141,0,0.7568,0,Not Similar,0.006904147704318574,0.3024848021310642,0.4917217206816971,0.44307669092648966,0.06268000853599372,0.03704387701982834,0.0,0.0
PAIR-2644,SYN-0572,SYN-0116,0,0.7179,0,Not Similar,0.006058885860749791,0.20100354856719208,0.46471034493841296,0.4165322485902475,0.02503632546002444,0.0,0.0,0.3044657756145084
PAIR-2646,SYN-0403,SYN-0428,0,0.8056,0,Not Similar,0.08455708849091821,0.2619485447678495,0.4845956877720073,0.41111442341312393,1.0000000000000004,0.0,0.0,0.017703896742666436
PAIR-2648,SYN-0476,SYN-0427,0,0.7632,0,Not Similar,0.07775718925091782,0.27851980677983984,0.5307526027437022,0.5157770539176968,0.08578634339055208,0.0,0.0,0.017150942013167674
PAIR-2650,SYN-0216,SYN-0441,0,0.8056,0,Not Similar,0.05393534215519713,0.256421911581354,0.5228945042147953,0.47935299433646333,0.0444595271076699,0.0,0.0,0.016479869092091183
PAIR-2651,SYN-0302,SYN-0383,0,0.7568,0,Not Similar,0.005466507537414684,0.3155939334099096,0.5124833416415914,0.46411149609350627,0.0029950390026826923,0.0,0.0,0.0
PAIR-2653,SYN-0093,SYN-0416,0,0.7568,0,Not Similar,0.006545353709090329,0.2372098907018512,0.519653661832466,0.44354195959159676,0.02503632546002444,0.0,0.0,0.03034488162280204
PAIR-2654,SYN-0432,SYN-0488,0,0.6829,0,Not Similar,0.004524084513956902,0.24684136775156842,0.40660478138241213,0.36046674756274355,0.9999999999999999,0.042895243667226246,0.0,0.028457286229059416
PAIR-2655,SYN-0203,SYN-0300,0,0.8056,0,Not Similar,0.06567983443981758,0.26877796853623936,0.4968296961261146,0.42236372748077017,0.0029950390026826923,0.0,0.0,0.0
PAIR-2656,SYN-0254,SYN-0035,0,0.7179,0,Not Similar,0.00480467427868605,0.24481010173820317,0.4469841474506278,0.399311229235136,0.06268000853599372,0.0,0.0,0.0336144559401412
PAIR-2657,SYN-0387,SYN-0137,0,0.7838,0,Not Similar,0.06326783219503111,0.24745804188467083,0.5347552900542748,0.49091724645822893,0.042053812304518705,0.0,0.0,0.018220553083533337
PAIR-2659,SYN-0561,SYN-0338,0,0.8286,0,Not Similar,0.05721195361063336,0.43577434125575343,0.6182535658225787,0.5761308760229628,0.03708340816645848,1.0,0.0,0.019611441047045947
PAIR-2660,SYN-0046,SYN-0217,0,0.7436,0,Not Similar,0.0663571196286254,0.26909594359499145,0.5146680543122369,0.49877779836067865,0.04581509736903244,0.03534403701153392,0.0,0.3044657756145084
PAIR-2665,SYN-0551,SYN-0251,0,0.7368,0,Not Similar,0.004827025935809181,0.20855440062394312,0.4293352455022354,0.3824907209273746,0.03179744592877114,0.0,0.0,0.0
PAIR-2667,SYN-0456,SYN-0443,0,0.7436,0,Not Similar,0.06096154987493121,0.2741647261781174,0.48577085974974804,0.44229674156712695,0.08578634339055208,0.04092990350042907,0.0,0.041991165423474364
PAIR-2668,SYN-0015,SYN-0147,0,0.8,0,Not Similar,0.006499483424760832,0.48068722941521225,0.574434607690771,0.49548034302497895,1.0,0.0,0.0,1.0
PAIR-2669,SYN-0036,SYN-0268,0,0.6829,0,Not Similar,0.00569540166497343,0.24724883547518878,0.4469841474506278,0.4231405870919293,0.042053812304518705,0.0,0.0,0.020010090051812087
PAIR-2670,SYN-0118,SYN-0119,0,0.7568,0,Not Similar,0.005244228869392119,0.2598542455227997,0.4845956877720073,0.41111442341312393,1.0000000000000002,0.0,0.0,0.01957484174585062
PAIR-2671,SYN-0150,SYN-0349,0,0.7632,0,Not Similar,0.09426937799800666,0.2777106789077546,0.4469278933799648,0.39919143815148267,0.11073703106740922,0.025504060579330502,1.0,0.0
PAIR-2675,SYN-0030,SYN-0482,0,0.7,0,Not Similar,0.005073358017457403,0.21682832605801225,0.3824090571147191,0.3373922966918376,0.0690597706857835,0.0436047211439854,0.0,0.015371896674250487
PAIR-2677,SYN-0446,SYN-0387,0,0.7,0,Not Similar,0.0048407574436145654,0.19281249180900978,0.45878212927590284,0.4107520072573971,0.023892081866768083,0.10777665272185173,0.0,0.01514269391177691
PAIR-2678,SYN-0184,SYN-0301,0,0.7436,0,Not Similar,0.062193845317105236,0.2433208277307117,0.48577085974974804,0.44229674156712695,0.042053812304518705,0.0,0.0,0.0
PAIR-2679,SYN-0035,SYN-0282,0,0.7,0,Not Similar,0.005595099606214515,0.21388497923978825,0.44227005558321997,0.3947188955949849,0.015562708906446683,0.0,0.0,0.03047855538189337
PAIR-2680,SYN-0514,SYN-0313,0,0.7,0,Not Similar,0.005529963079144187,0.203074507067856,0.4608839482125023,0.4128097282723312,0.05903918098534239,0.0,0.0,0.02365265560958043
PAIR-2682,SYN-0495,SYN-0527,0,0.7436,0,Not Similar,0.06422610095943475,0.2687189106177525,0.49750404499329737,0.4538338990289116,1.0000000000000004,0.0,0.0,0.03573773250830846
PAIR-2684,SYN-0520,SYN-0153,0,0.8108,0,Not Similar,0.1411464982098473,0.30313208110106793,0.4730570113864039,0.42468009348681957,0.0531946842739727,0.0,1.0,0.0
PAIR-2685,SYN-0050,SYN-0548,0,0.7179,0,Not Similar,0.005099464578468783,0.18977136100923284,0.41699820425054857,0.37061424963732204,0.03905908140646072,0.0,0.0,0.029397104641649064
PAIR-2687,SYN-0285,SYN-0147,0,0.7368,0,Not Similar,0.006805121840974755,0.291878258456775,0.5441195820399004,0.4954836465190938,0.06268000853599372,0.0,0.0,0.01930253910187343
PAIR-2689,SYN-0536,SYN-0254,0,0.7179,0,Not Similar,0.004480267179468612,0.23442197919143193,0.42179261089689,0.37514641046626596,0.08287688990740738,0.05350850773039705,0.0,0.029397104641649064
PAIR-2690,SYN-0482,SYN-0302,0,0.8571,0,Not Similar,0.15088054173829016,0.34991392091525747,0.536979942109825,0.49408931103676806,0.06001087285043441,0.0,1.0,0.02470974697254518
PAIR-2691,SYN-0228,SYN-0183,0,0.7368,0,Not Similar,0.006799922777534016,0.2801227532842135,0.5024993795043401,0.45377861259856356,0.06827013080437296,0.0,0.0,0.0
PAIR-2693,SYN-0505,SYN-0181,0,0.7838,0,Not Similar,0.08323866609874508,0.23326024277034046,0.5540044485679793,0.5110244873330512,0.0690597706857835,0.0,0.0,0.03497808560968547
PAIR-2700,SYN-0477,SYN-0085,0,0.7568,0,Not Similar,0.006480351519798079,0.20441933425858755,0.4809964305807794,0.4324762624326133,0.049443921584745434,0.0,0.0,0.03047855538189337
PAIR-2702,SYN-0074,SYN-0356,0,0.7,0,Not Similar,0.005035825196896788,0.2555685229565806,0.4756491635344958,0.42734059537349584,0.04581509736903244,0.042895243667226246,0.0,0.023028519158923635
PAIR-2703,SYN-0188,SYN-0199,0,0.7368,0,Not Similar,0.00548036832847639,0.25528978109264855,0.5094694975280976,0.46114939375016023,0.040157584397110896,0.0,0.0,0.0
PAIR-2704,SYN-0220,SYN-0189,0,0.7179,0,Not Similar,0.005710798570874538,0.22092021839257409,0.482653749356181,0.4341033222836122,0.046501162710801125,0.0,0.0,0.0336144559401412
PAIR-2705,SYN-0264,SYN-0017,0,0.7073,0,Not Similar,0.053993777105893564,0.23095119078454268,0.4060318238998258,0.3619530537903923,0.046501162710801125,0.0,0.0,0.02284878883365555
PAIR-2708,SYN-0318,SYN-0519,0,0.8056,0,Not Similar,0.07308536784964492,0.2588511078441578,0.5646217979238033,0.5211191475547577,0.06001087285043441,0.0,0.0,0.0
PAIR-2709,SYN-0264,SYN-0234,0,0.6667,0,Not Similar,0.004529750769566888,0.23735096583195264,0.386056554472821,0.34223075761296445,0.02086270648700225,0.0,0.0,0.027767313317979162
PAIR-2710,SYN-0104,SYN-0392,0,0.7895,0,Not Similar,0.1554508249339445,0.34059786796537245,0.4922296280484471,0.44354491679923197,0.013112892679882186,0.047310991064681375,1.0,0.013093739364313064
PAIR-2712,SYN-0496,SYN-0389,0,0.6829,0,Not Similar,0.005224840042049717,0.306859434314776,0.4277489945195007,0.38109383964255955,0.023892081866768083,0.42769528954108654,0.0,0.02785537773126374
PAIR-2713,SYN-0289,SYN-0585,0,0.7368,0,Not Similar,0.005168290809966405,0.24148516859319938,0.4515805605373587,0.38109129880944453,0.023892081866768083,0.0,0.0,0.017632739603540486
PAIR-2714,SYN-0230,SYN-0297,0,0.8378,0,Not Similar,0.3178684123226793,0.28790564399023727,0.5575173698696188,0.5184870025395413,0.02390512074852718,0.0,0.0,0.020209081047817185
PAIR-2715,SYN-0323,SYN-0463,0,0.8056,0,Not Similar,0.10617957954672169,0.2537852813138844,0.5575173698696188,0.5184870025395413,0.06001087285043441,0.0,0.0,0.0
PAIR-2718,SYN-0585,SYN-0297,0,0.7368,0,Not Similar,0.005479986027694845,0.2111397240353334,0.5009545252288986,0.42617240118542826,0.023892081866768083,0.0,0.0,0.02174242090845897
PAIR-2722,SYN-0144,SYN-0579,0,0.7,0,Not Similar,0.004732397442732344,0.23308402640753356,0.4202789453930888,0.37346683032938593,0.0531946842739727,0.10765853138606218,0.0,0.034553118648998994
PAIR-2725,SYN-0503,SYN-0241,0,0.7368,0,Not Similar,0.005433866397906675,0.20553710147642404,0.44431378872209576,0.3967187062300534,0.023892081866768083,0.03071281763612688,0.0,0.037015988051066345
PAIR-2726,SYN-0234,SYN-0022,0,0.7368,0,Not Similar,0.00572570402638576,0.24439338468012362,0.48440547574719706,0.4360220330873913,0.015562708906446683,0.0,0.0,0.027568465466162876
PAIR-2729,SYN-0270,SYN-0442,0,0.7568,0,Not Similar,0.005189027349210769,0.21018813550688067,0.47645757718901105,0.4280107491901335,0.03708340816645848,0.0,0.0,0.02775161313653176
PAIR-2730,SYN-0164,SYN-0353,0,0.7,0,Not Similar,0.004953644840293183,0.22534536261233307,0.41036704463592794,0.3639727276687344,0.06268000853599372,0.03837997978693925,0.0,0.01988627655647779
PAIR-2734,SYN-0270,SYN-0065,0,0.7778,0,Not Similar,0.0050974452385008735,0.18990578577260153,0.4725462034905211,0.4241721657197217,0.06827013080437296,0.0,0.0,0.0
PAIR-2740,SYN-0477,SYN-0463,0,0.8056,0,Not Similar,0.13108639343271616,0.3072214213745454,0.5716106348441017,0.5327751000153687,0.060635219401191216,0.0,0.0,0.0336144559401412
PAIR-2744,SYN-0262,SYN-0350,0,0.7,0,Not Similar,0.00589640758079542,0.287059811434097,0.47809925691500105,0.4296210089114079,1.0000000000000002,0.0,0.0,0.017346430906045464
PAIR-2746,SYN-0540,SYN-0577,0,0.7632,0,Not Similar,0.0769135662636626,0.25864543448044297,0.46527444334094065,0.41711664652546565,0.08578634339055208,0.0,0.0,0.03857693722241696
PAIR-2747,SYN-0397,SYN-0132,0,0.7,0,Not Similar,0.005498050153840456,0.22311290010377047,0.44953507330290887,0.40181488697022155,0.11073703106740922,0.0,0.0,0.016335655951814552
PAIR-2748,SYN-0079,SYN-0138,0,0.7368,0,Not Similar,0.00530365684014363,0.2783424620692864,0.4724774032441351,0.42440895149146396,0.040157584397110896,0.0,0.0,0.02399865501054785
PAIR-2754,SYN-0057,SYN-0027,0,0.7436,0,Not Similar,0.20813952949658454,0.26790109567622744,0.386056554472821,0.34223075761296445,0.07191136188695764,0.0,0.0,0.017200597411476875
PAIR-2756,SYN-0011,SYN-0326,0,0.8,0,Not Similar,0.0063138159956477756,0.24865791996721542,0.5136179600307039,0.4379165582806319,0.0030491727376322384,0.0,0.0,0.0336144559401412
PAIR-2757,SYN-0299,SYN-0231,0,0.7,0,Not Similar,0.005047813976923627,0.2317338117914508,0.4474850098685069,0.3998119716307699,1.0000000000000016,0.0,0.0,0.01882676083188386
PAIR-2759,SYN-0195,SYN-0500,0,0.7179,0,Not Similar,0.005462155854225523,0.18394387910746185,0.44584471397933656,0.3982112391968711,0.0690597706857835,0.0,0.0,0.018067370740517858
PAIR-2760,SYN-0281,SYN-0499,0,0.7368,0,Not Similar,0.004762310703126822,0.21292975969753056,0.46527444334094065,0.41711664652546565,0.023892081866768083,0.0,0.0,0.02691970974354698
PAIR-2762,SYN-0355,SYN-0073,0,0.7,0,Not Similar,0.005622650080369208,0.23318508746688815,0.42179261089689,0.37514641046626596,0.04581509736903244,0.05350850773039705,0.0,0.04631158407334182
PAIR-2763,SYN-0051,SYN-0239,0,0.7179,0,Not Similar,0.005140618709128675,0.23757706916752805,0.4771256256913217,0.4288010297453419,0.04581509736903244,0.0,0.0,0.023405360166157498
PAIR-2764,SYN-0027,SYN-0455,0,0.8,0,Not Similar,0.006383667087335174,0.2503377907171392,0.5461745418993542,0.46848233880067514,0.03992883593314474,0.0,0.0,0.027966966550991276
PAIR-2765,SYN-0096,SYN-0348,0,0.7632,0,Not Similar,0.059138783446760386,0.23709608185939104,0.4203442748707057,0.3737403266346453,0.046501162710801125,0.03704387701982834,0.0,0.03497808560968547
PAIR-2766,SYN-0027,SYN-0227,0,0.8056,0,Not Similar,0.0540226428673838,0.3010904165415697,0.540513334234945,0.49713850026419715,0.046501162710801125,0.0,0.0,0.0
PAIR-2768,SYN-0360,SYN-0084,0,0.7632,0,Not Similar,0.05915236508317341,0.23525902211352645,0.45227964022931977,0.4044024773600566,0.0030491727376322384,0.13285599754779143,0.0,0.03497808560968547
PAIR-2769,SYN-0181,SYN-0521,0,0.7179,0,Not Similar,0.006866881012797589,0.2310736272854444,0.4990444018903101,0.4503020421345302,0.049443921584745434,0.04478154128094414,0.0,0.026846898342445417
PAIR-2770,SYN-0326,SYN-0515,0,0.7778,0,Not Similar,0.0064338425376517655,0.21599343579507657,0.5099521737065799,0.4345088184395817,0.039181891032583294,0.0,0.0,0.044776474247134976
PAIR-2774,SYN-0238,SYN-0095,0,0.6829,0,Not Similar,0.004776288895931895,0.23428400998322962,0.4060318238998258,0.3619530537903923,0.042053812304518705,0.0,0.0,0.0246490832637288
PAIR-2776,SYN-0236,SYN-0142,0,0.7,0,Not Similar,0.005439391131630054,0.23756963471769318,0.46471034493841296,0.4165322485902475,0.11073703106740922,0.03231411118351536,0.0,0.02364082291340125
PAIR-2777,SYN-0085,SYN-0503,0,0.7568,0,Not Similar,0.006446095803843156,0.4290885720960817,0.4809964305807794,0.4324762624326133,0.049443921584745434,0.0,0.0,0.041991165423474364
PAIR-2778,SYN-0058,SYN-0455,0,0.7568,0,Not Similar,0.005261928560684941,0.2010095565462473,0.49682969612611455,0.42236372748077017,0.014864848687586085,0.0,0.0,0.028785296009195025
PAIR-2783,SYN-0368,SYN-0492,0,0.6512,0,Not Similar,0.004476973094464406,0.2149396933855542,0.3750621093926272,0.33151265578177797,0.03179744592877114,0.0,0.0,0.02764828167290212
PAIR-2785,SYN-0200,SYN-0590,0,0.7,0,Not Similar,0.005637570552755227,0.20276330106637888,0.4090101136600721,0.362782134749899,0.028472967256605038,0.03610457478966602,0.0,0.0
PAIR-2786,SYN-0057,SYN-0541,0,0.6829,0,Not Similar,0.004162071400727454,0.1866019150887408,0.360453232482165,0.3174127812475772,0.0531946842739727,0.0,0.0,0.021950256041213926
PAIR-2787,SYN-0533,SYN-0125,0,0.7568,0,Not Similar,0.005910875016627436,0.23757028343731038,0.5153876793766773,0.4395640855831881,0.0690597706857835,0.0,0.0,0.0
PAIR-2789,SYN-0132,SYN-0099,0,0.7895,0,Not Similar,0.1514696872425919,0.39371777715445183,0.47809925691500105,0.4296210089114079,0.040157584397110896,0.0,1.0,0.023116726823538675
PAIR-2790,SYN-0549,SYN-0546,0,0.6512,0,Not Similar,0.0046004610603956496,0.2280414618539159,0.3673106064383257,0.32401157587448426,0.060635219401191216,0.0,0.0,0.018555918925305972
PAIR-2792,SYN-0269,SYN-0222,0,0.7368,0,Not Similar,0.005985277332118402,0.28948131955101397,0.5153876793766773,0.46579557903860647,0.02390512074852718,0.0,0.0,0.04247517197375908
PAIR-2793,SYN-0360,SYN-0121,0,0.7568,0,Not Similar,0.007277723714602584,0.23837143351159001,0.5229258229276684,0.474409768560522,0.015562708906446683,0.0,0.0,0.036177268971577074
PAIR-2799,SYN-0145,SYN-0355,0,0.7568,0,Not Similar,0.005291834720760218,0.2241434489819464,0.45845307562444765,0.3873022281977666,0.015562708906446683,0.0,0.0,0.04631158407334182
PAIR-2800,SYN-0372,SYN-0299,0,0.7,0,Not Similar,0.005268701464431906,0.27733370726892603,0.4202789453930888,0.37346683032938593,1.0000000000000016,0.10765853138606218,0.0,0.0
PAIR-2801,SYN-0171,SYN-0203,0,0.7568,0,Not Similar,0.005298875900518105,0.24864780137500966,0.4968296961261146,0.42236372748077017,0.0030491727376322384,0.0,0.0,0.0
PAIR-2802,SYN-0511,SYN-0187,0,0.6667,0,Not Similar,0.004972852483574493,0.23742956767763457,0.3790780377301894,0.335416755611831,0.03992883593314474,0.0,0.0,0.017801078092018294
PAIR-2806,SYN-0212,SYN-0585,0,0.6829,0,Not Similar,0.004223870422405215,0.20211954263957782,0.3959582833996004,0.33151044551688696,0.023892081866768083,0.0,0.0,0.02433537162065943
PAIR-2810,SYN-0258,SYN-0570,0,0.7632,0,Not Similar,0.08503863212023563,0.27415702157732824,0.5703782210736287,0.5275866613013984,0.02655764372180957,0.05238135855837332,0.0,0.01988627655647779
PAIR-2811,SYN-0282,SYN-0292,0,0.8378,0,Not Similar,0.2869054206457338,0.30449342972366417,0.5443771385223728,0.5021262644770622,0.0029950390026826923,0.0,0.0,0.03047855538189337
PAIR-2812,SYN-0220,SYN-0004,0,0.7436,0,Not Similar,0.10792362426151458,0.28436299090885697,0.415469660444298,0.36913041650586303,0.046501162710801125,0.0,1.0,0.0
PAIR-2815,SYN-0592,SYN-0411,0,0.7,0,Not Similar,0.004786761860957884,0.25026430779891595,0.45227964022931977,0.4044024773600566,0.9999999999999999,0.0,0.0,0.0
PAIR-2816,SYN-0422,SYN-0401,0,0.7,0,Not Similar,0.005179810815963556,0.21525591925447254,0.44584471397933656,0.3982112391968711,1.0000000000000004,0.0,0.0,0.020154420298496907
PAIR-2817,SYN-0367,SYN-0070,0,0.7692,0,Not Similar,0.1372855724254908,0.29571124068592464,0.3695729472805736,0.3252427518472361,0.06268000853599372,0.04873465668549458,1.0,0.030263311439488134
PAIR-2818,SYN-0283,SYN-0584,0,0.7,0,Not Similar,0.005087602767395186,0.17713800667160365,0.4474850098685069,0.3998119716307699,0.03708340816645848,0.0,0.0,0.4574852573905224
PAIR-2820,SYN-0353,SYN-0361,0,0.8108,0,Not Similar,0.13368440698352196,0.2665694585236516,0.48355554633770803,0.4400920374682955,0.02390512074852718,0.0,0.0,0.01988627655647779
PAIR-2821,SYN-0137,SYN-0406,0,0.7,0,Not Similar,0.005090661576179412,0.2199927402586755,0.4293352455022354,0.3824907209273746,0.028472967256605038,0.0,0.0,0.01769903821319596
PAIR-2822,SYN-0327,SYN-0183,0,0.7838,0,Not Similar,0.063825353306034,0.2920807637658075,0.5105625078370195,0.4671671021250803,0.06827013080437296,0.0,0.0,0.02364082291340125
PAIR-2827,SYN-0243,SYN-0209,0,0.8421,0,Not Similar,0.34662902193386397,0.37429288042003533,0.47809925691500105,0.45525913780589694,0.9999999999999987,0.0,1.0,0.40809656352206514
PAIR-2830,SYN-0201,SYN-0453,0,0.7632,0,Not Similar,0.07545854699872934,0.20702012305429573,0.5146680543122369,0.4714855662487583,0.02655764372180957,0.0,0.0,0.0
PAIR-2832,SYN-0069,SYN-0450,0,0.7368,0,Not Similar,0.007455659800236021,0.2550970196288042,0.5284996128282066,0.5085695927686826,0.014864848687586085,0.0,0.0,0.02726076139371382
PAIR-2834,SYN-0013,SYN-0005,0,0.7073,0,Not Similar,0.06393556613399615,0.2365199482763818,0.36429525079286457,0.3211057014736018,0.0640695419242022,0.0,0.0,0.026958455208865445
PAIR-2836,SYN-0484,SYN-0205,0,0.7179,0,Not Similar,0.005686122097280099,0.19460371886215938,0.4233444173085018,0.3766544267339764,0.023892081866768083,0.0,0.0,0.024555030060727595
PAIR-2839,SYN-0353,SYN-0160,0,0.7,0,Not Similar,0.005094129612306314,0.2352394694066143,0.3824090571147191,0.3373922966918376,0.11073703106740922,0.0436047211439854,0.0,0.03047855538189337
PAIR-2843,SYN-0292,SYN-0319,0,0.7179,0,Not Similar,0.004359882989267369,0.25044557194026384,0.4538174562261002,0.4060070940635866,1.0000000000000002,0.0,0.0,0.0336144559401412
PAIR-2844,SYN-0069,SYN-0061,0,0.7838,0,Not Similar,0.06799087328431136,0.31853748450532543,0.5499500184460009,0.5069774597520835,0.9999999999999989,0.0,0.0,0.04684538945405717
PAIR-2850,SYN-0107,SYN-0486,0,0.7,0,Not Similar,0.006406245932132006,0.2137513348498713,0.46361037713722314,0.41546133029120713,0.0690597706857835,0.03192283410097138,0.0,0.017632739603540486
PAIR-2852,SYN-0476,SYN-0294,0,0.7,0,Not Similar,0.006113261600251554,0.2083458461011137,0.4469841474506278,0.4231405870919293,0.08287688990740738,0.0,0.0,0.02665464178516917
PAIR-2853,SYN-0432,SYN-0184,0,0.7,0,Not Similar,0.005744804707975209,0.20124709717253944,0.42528388542685797,0.3785413310352686,0.03905908140646072,0.0,0.0,0.0
PAIR-2854,SYN-0216,SYN-0339,0,0.7436,0,Not Similar,0.04795281468705059,0.2865455376173528,0.49750404499329737,0.4538338990289116,1.0000000000000002,0.0,0.0,0.01762579776872631
PAIR-2855,SYN-0436,SYN-0119,0,0.7568,0,Not Similar,0.0056080067358224555,0.22062300379836725,0.4968296961261146,0.42236372748077017,0.0531946842739727,0.0,0.0,0.0
PAIR-2859,SYN-0483,SYN-0466,0,0.7838,0,Not Similar,0.11503245428482527,0.34333831370932094,0.5441195820399004,0.4954836465190938,0.060635219401191216,0.0,0.0,0.01769903821319596
PAIR-2861,SYN-0167,SYN-0391,0,0.7179,0,Not Similar,0.00595440373607704,0.2526843275978782,0.47645757718901105,0.4280107491901335,0.0030491727376322384,0.0,0.0,0.016823617064636226
PAIR-2864,SYN-0505,SYN-0377,0,0.7179,0,Not Similar,0.0056371848687051624,0.18439356945847257,0.44584471397933656,0.3982112391968711,0.06001087285043441,0.0,0.0,0.023116726823538675
PAIR-2867,SYN-0203,SYN-0103,0,0.7179,0,Not Similar,0.006010879629572495,0.25728399279809067,0.4771256256913217,0.4288010297453419,0.0030491727376322384,0.0419916614064972,0.0,0.0
PAIR-2870,SYN-0385,SYN-0532,0,0.6829,0,Not Similar,0.0044631023471644144,0.18125690716459508,0.42979082083158715,0.382629038240879,0.02655764372180957,0.0,0.0,0.024555030060727595
PAIR-2876,SYN-0394,SYN-0185,0,0.6667,0,Not Similar,0.0036712188065134354,0.32450029305942235,0.3673106064383257,0.32401157587448426,0.11073703106740922,0.0,0.0,1.0
PAIR-2877,SYN-0430,SYN-0458,0,0.6829,0,Not Similar,0.004875219317537393,0.26615535167303916,0.3882288647949541,0.34289103082054395,0.9999999999999999,0.046291527794522724,0.0,0.0
PAIR-2879,SYN-0343,SYN-0061,0,0.7,0,Not Similar,0.004507708705306674,0.19824498463573406,0.43088922579536637,0.38368598512983315,0.11073703106740922,0.0,0.0,0.0439313843031815
PAIR-2888,SYN-0174,SYN-0296,0,0.7368,0,Not Similar,0.005220573927063598,0.24873557866610246,0.4203442748707057,0.3737403266346453,0.11073703106740922,0.03704387701982834,0.0,0.018340841980740204
PAIR-2894,SYN-0240,SYN-0520,0,0.7436,0,Not Similar,0.06178073514157907,0.25461851162633076,0.537205164893244,0.4933765667215076,0.02655764372180957,0.0,0.0,0.0
PAIR-2895,SYN-0091,SYN-0372,0,0.7179,0,Not Similar,0.006111158879349912,0.3597380340299262,0.4469841474506278,0.399311229235136,0.04581509736903244,0.0,0.0,0.0
PAIR-2896,SYN-0266,SYN-0451,0,0.7568,0,Not Similar,0.006602403079236423,0.35304313545494664,0.4809964305807794,0.4324762624326133,0.03179744592877114,0.0,0.0,1.0
PAIR-2897,SYN-0053,SYN-0554,0,0.7368,0,Not Similar,0.006190983355080987,0.24236805760802738,0.5024993795043401,0.480858374337503,0.028472967256605038,0.0,0.0,0.02593961011781908
PAIR-2901,SYN-0550,SYN-0053,0,0.7368,0,Not Similar,0.004982461291027889,0.21069510582313805,0.48440547574719706,0.4360220330873913,0.0531946842739727,0.0,0.0,0.034553118648998994
PAIR-2902,SYN-0573,SYN-0059,0,0.7632,0,Not Similar,0.0663156456953175,0.39197965913686067,0.537205164893244,0.4933765667215076,0.028472967256605038,0.0,0.0,0.02174242090845897
PAIR-2903,SYN-0474,SYN-0511,0,0.7632,0,Not Similar,0.0791281682775126,0.2799435334186685,0.4639367077660931,0.41595873659864513,0.08578634339055208,0.042895243667226246,0.0,0.013185775035384928
PAIR-2906,SYN-0348,SYN-0471,0,0.6667,0,Not Similar,0.0040518525166880195,0.1773784799982485,0.36304434709692474,0.31990216727338894,0.02655764372180957,0.0,0.0,0.029769058671394788
PAIR-2907,SYN-0216,SYN-0371,0,0.7179,0,Not Similar,0.004267235024461027,0.24570214459783327,0.4202789453930888,0.37346683032938593,0.02390512074852718,0.0,0.0,0.0
PAIR-2908,SYN-0406,SYN-0499,0,0.7,0,Not Similar,0.005520732640379592,0.27667582655472156,0.4293352455022354,0.3824907209273746,0.060635219401191216,0.0,0.0,0.017673600647654962
PAIR-2909,SYN-0040,SYN-0435,0,0.7,0,Not Similar,0.005559296552296432,0.1996422610357743,0.44584471397933656,0.3982112391968711,0.0531946842739727,0.0,0.0,0.014876932991756952
PAIR-2915,SYN-0208,SYN-0373,0,0.7568,0,Not Similar,0.005403072821063186,0.3015802640458032,0.5024993795043401,0.480858374337503,0.9999999999999987,0.0,0.0,0.015172806274924506
PAIR-2917,SYN-0534,SYN-0319,0,0.7179,0,Not Similar,0.0041033814748535034,0.19688816654800703,0.41036704463592794,0.3639727276687344,0.08287688990740738,0.03837997978693925,0.0,0.0394712892339555
PAIR-2918,SYN-0557,SYN-0211,0,0.7632,0,Not Similar,0.1165821366732215,0.24476074781065815,0.415469660444298,0.36913041650586303,0.08287688990740738,0.0,1.0,0.018123232741797057
PAIR-2919,SYN-0565,SYN-0491,0,0.7632,0,Not Similar,0.08171390871562194,0.3478360478072319,0.5540044485679793,0.5110244873330512,0.09426056986529957,0.05238135855837332,0.0,0.036177268971577074
PAIR-2924,SYN-0046,SYN-0160,0,0.7,0,Not Similar,0.005052184040035741,0.2572825328460182,0.4028787813027274,0.356964419130856,0.9999999999999989,0.0340090290973682,0.0,0.020655225107562996
PAIR-2926,SYN-0188,SYN-0251,0,0.7179,0,Not Similar,0.003830811547717663,0.19717425111707904,0.40660478138241213,0.36046674756274355,0.04581509736903244,0.0,0.0,0.0
PAIR-2927,SYN-0432,SYN-0518,0,0.7436,0,Not Similar,0.06898929549162204,0.2745339413172788,0.43425882172469293,0.38730481044073506,0.9999999999999999,0.05350850773039705,0.0,0.0
PAIR-2928,SYN-0236,SYN-0460,0,0.6829,0,Not Similar,0.005872522682729451,0.23301685950147044,0.46361037713722314,0.41546133029120713,0.08287688990740738,0.03192283410097138,0.0,0.02399865501054785
PAIR-2929,SYN-0532,SYN-0258,0,0.7179,0,Not Similar,0.005872897598744326,0.20802710153439483,0.46537681329910613,0.4173802735244017,0.02655764372180957,0.0,0.0,0.02785537773126374
PAIR-2933,SYN-0204,SYN-0211,0,0.7,0,Not Similar,0.0050483033381951885,0.23885196314900872,0.41108793424970025,0.3648851814480622,0.02390512074852718,0.0,0.0,0.018123232741797057
PAIR-2935,SYN-0438,SYN-0478,0,0.7838,0,Not Similar,0.09246082627678814,0.23486101084262734,0.46259107607081124,0.41445597203322726,0.08578634339055208,0.0,0.0,0.023496559142264457
PAIR-2938,SYN-0589,SYN-0342,0,0.6667,0,Not Similar,0.004834287996491793,0.20043611985731316,0.3790780377301894,0.335416755611831,0.039181891032583294,0.0,0.0,0.6584309197916636
PAIR-2939,SYN-0491,SYN-0126,0,0.7179,0,Not Similar,0.006043317650675758,0.24401551858377848,0.4771256256913217,0.4288010297453419,0.03992883593314474,0.0419916614064972,0.0,0.0
PAIR-2940,SYN-0308,SYN-0235,0,0.8333,0,Not Similar,0.12439667826207501,0.3445119073901751,0.4730570113864039,0.42468009348681957,1.0000000000000016,0.0,1.0,0.036177268971577074
PAIR-2941,SYN-0507,SYN-0203,0,0.7368,0,Not Similar,0.005136492563530888,0.22052360249688327,0.4968296961261146,0.42236372748077017,0.06001087285043441,0.0,0.0,0.0
PAIR-2942,SYN-0551,SYN-0124,0,0.7179,0,Not Similar,0.006478674291504879,0.19731080317434982,0.4680268449057557,0.4197959131858295,0.03905908140646072,0.0,0.0,0.03188682943148883
PAIR-2944,SYN-0253,SYN-0316,0,0.6512,0,Not Similar,0.004453819527526659,0.234744659687103,0.35325522089109906,0.3105225283008063,0.0029950390026826923,0.14834632117724156,0.0,0.0268674096194347
PAIR-2945,SYN-0156,SYN-0339,0,0.7692,0,Not Similar,0.1539407594384207,0.3500483998725702,0.4922296280484471,0.44354491679923197,0.06268000853599372,0.0,1.0,0.02665464178516917
PAIR-2947,SYN-0352,SYN-0448,0,0.8,0,Not Similar,0.004240439498535645,0.21933941766524886,0.4845956877720073,0.41111442341312393,0.03708340816645848,0.0,0.0,0.017098920428964694
PAIR-2952,SYN-0282,SYN-0575,0,0.6512,0,Not Similar,0.004127079622799559,0.36422054459934744,0.360453232482165,0.3174127812475772,0.06001087285043441,0.0,0.0,0.041991165423474364
PAIR-2953,SYN-0075,SYN-0187,0,0.6667,0,Not Similar,0.00443786701095351,0.24964312284801457,0.360453232482165,0.3174127812475772,1.0,0.0,0.0,0.023129804867103716
PAIR-2957,SYN-0538,SYN-0174,0,0.6829,0,Not Similar,0.004873420434835341,0.22762437364094235,0.4090101136600721,0.362782134749899,0.014864848687586085,0.03610457478966602,0.0,0.01828789487709646
PAIR-2958,SYN-0427,SYN-0276,0,0.7368,0,Not Similar,0.0067365851149375775,0.2618532498957661,0.5284996128282066,0.4799292609478634,0.03179744592877114,0.0,0.0,0.022506665925524562
PAIR-2960,SYN-0265,SYN-0224,0,0.7838,0,Not Similar,0.08107660710893819,0.27179943685171465,0.5094694975280976,0.46114939375016023,0.9999999999999987,0.0,0.0,0.030833828637999373
PAIR-2961,SYN-0069,SYN-0001,0,0.8286,0,Not Similar,0.08119246922298162,0.4731384265179078,0.6182535658225787,0.5761308760229628,0.040157584397110896,1.0,0.0,0.04684538945405717
PAIR-2966,SYN-0529,SYN-0486,0,0.7838,0,Not Similar,0.06577572720220114,0.2905411509520035,0.5082942078071163,0.46470306987841087,1.0000000000000004,0.025850726713370836,0.0,0.2958101997565905
PAIR-2968,SYN-0148,SYN-0493,0,0.7368,0,Not Similar,0.005847218459203896,0.23347620098123292,0.4469885394073822,0.39982672272858727,0.0531946842739727,0.0,0.0,0.01882534165361013
PAIR-2972,SYN-0147,SYN-0169,0,0.8056,0,Not Similar,0.24704044688775362,0.27983011876328595,0.5284996128282066,0.4799292609478634,0.0640695419242022,0.0,0.0,0.03497808560968547
PAIR-2973,SYN-0047,SYN-0031,0,0.6905,0,Not Similar,0.049749606673267756,0.23952456556627316,0.36429525079286457,0.3211057014736018,0.07191136188695764,0.0,0.0,0.020154420298496907
PAIR-2977,SYN-0118,SYN-0039,0,0.7179,0,Not Similar,0.004847463578914699,0.22443110528583923,0.44584471397933656,0.3982112391968711,0.07191136188695764,0.0,0.0,0.023056374395536327
PAIR-2978,SYN-0588,SYN-0570,0,0.7,0,Not Similar,0.0059876186862376545,0.2748815294933578,0.43425882172469293,0.38730481044073506,0.08578634339055208,0.05350850773039705,0.0,0.013424404331690901
PAIR-2979,SYN-0311,SYN-0063,0,0.7179,0,Not Similar,0.0060709034637171635,0.27646169837633483,0.48651245241570834,0.4379194779822781,0.11073703106740922,0.03831187095366925,0.0,0.0
PAIR-2980,SYN-0027,SYN-0109,0,0.7436,0,Not Similar,0.20813952949658454,0.2557446106793476,0.386056554472821,0.34223075761296445,0.07191136188695764,0.0,0.0,0.027966966550991276
PAIR-2982,SYN-0320,SYN-0214,0,0.7632,0,Not Similar,0.06310787530739904,0.30234591976750547,0.502243392272352,0.4585688298451008,1.0000000000000002,0.0,0.0,0.029033107884805714
PAIR-2986,SYN-0135,SYN-0277,0,0.6512,0,Not Similar,0.004065206785205314,0.19383486872998956,0.32405174753761445,0.28292792279135487,0.04581509736903244,0.0,0.0,0.030071554604071207
PAIR-2992,SYN-0026,SYN-0375,0,0.7,0,Not Similar,0.0059035401460363355,0.2427033604086153,0.4745173136143628,0.4261752425857773,0.06268000853599372,0.03779809707262431,0.0,0.018523638151246944
PAIR-2994,SYN-0265,SYN-0582,0,0.7179,0,Not Similar,0.0050974946453074075,0.3279533448947949,0.4442995718499327,0.39664367558937247,0.05903918098534239,0.0,0.0,0.021789019706487153
PAIR-2997,SYN-0290,SYN-0435,0,0.6667,0,Not Similar,0.003958352513437907,0.1956948306280596,0.36429525079286457,0.3211057014736018,0.039181891032583294,0.0,0.0,0.02973217704967169
PAIR-2998,SYN-0162,SYN-0295,0,0.6829,0,Not Similar,0.0045029971240002145,0.21035797117719773,0.45710042279617624,0.43352143411737726,0.042053812304518705,0.0,0.0,0.01880401554380751
PAIR-0032,SYN-0014,SYN-0506,1,0.9429,1,Slightly Similar,0.7069306497751335,0.7981716814064904,1.0000000000000007,0.9999999999999993,0.02503632546002444,1.0,1.0,0.0
PAIR-0038,SYN-0310,SYN-0528,1,0.7632,1,Slightly Similar,0.08060891440100848,0.5015233748462898,0.5540044485679793,0.5406054542206151,0.02655764372180957,1.0,0.0,0.027882694783023843
PAIR-0064,SYN-0078,SYN-0204,0,0.7895,1,Slightly Similar,0.14777901519387,0.3238095764790823,0.48304012310994227,0.43451171542095623,0.013112892679882186,0.0,1.0,0.0
PAIR-0086,SYN-0263,SYN-0315,1,0.9429,1,Slightly Similar,0.7475779852601049,0.8859184449357952,1.0000000000000002,1.0000000000000004,0.9999999999999987,1.0,1.0,0.0
PAIR-0099,SYN-0157,SYN-0415,1,0.9394,1,Slightly Similar,0.6304239619910791,0.7105288435069301,0.9999999999999999,0.9999999999999998,0.0690597706857835,1.0,1.0,0.02691970974354698
PAIR-0100,SYN-0233,SYN-0466,1,0.9429,1,Slightly Similar,0.6743785355594604,0.9351735770964583,0.9999999999999998,1.0000000000000002,0.03708340816645848,1.0000000000000002,1.0,0.02665464178516917
PAIR-0113,SYN-0567,SYN-0255,0,0.7179,1,Slightly Similar,0.005280261929512736,0.19543738299501032,0.45227964022931977,0.4044024773600566,0.03708340816645848,0.0,0.0,0.01769903821319596
PAIR-0123,SYN-0119,SYN-0481,1,0.9375,1,Slightly Similar,0.6385882087347824,0.7962789011410984,1.0000000000000022,1.0000000000000002,0.028472967256605038,1.0,1.0,0.02433537162065943
PAIR-0133,SYN-0243,SYN-0321,1,0.9167,1,Slightly Similar,0.6139974445006022,0.8172388759355443,1.0000000000000004,0.9999999999999998,0.02086270648700225,1.0,1.0,0.0
PAIR-0135,SYN-0396,SYN-0499,1,0.9412,1,Slightly Similar,0.6705806518069406,0.8208002663417797,0.9999999999999984,1.0000000000000004,0.03179744592877114,1.0,1.0,0.017801078092018294
PAIR-0142,SYN-0302,SYN-0483,1,0.9688,1,Slightly Similar,0.42171873159237294,0.7395478225273158,1.0,1.0,0.03179744592877114,1.0,1.0,0.02973217704967169
PAIR-0157,SYN-0282,SYN-0411,1,0.8889,1,Slightly Similar,0.5795144811511304,0.7683235412918928,1.0,1.0000000000000002,0.03179744592877114,1.0,1.0,0.034553118648998994
PAIR-0159,SYN-0560,SYN-0206,0,0.7179,1,Slightly Similar,0.006304734616283171,0.25016366154179936,0.4555626212681222,0.40789345508408903,0.023892081866768083,0.045316403287440486,0.0,0.029397104641649064
PAIR-0164,SYN-0051,SYN-0103,1,0.9412,1,Slightly Similar,0.5648706611548892,0.8330470619321362,1.000000000000002,0.9999999999999998,0.040157584397110896,1.0,1.0,0.022557989739406925
PAIR-0179,SYN-0047,SYN-0409,1,0.9429,1,Slightly Similar,0.6238582794322007,0.8034794862897183,1.0000000000000004,1.0000000000000002,0.03992883593314474,1.0000000000000002,1.0,0.02625863999715187
PAIR-0181,SYN-0150,SYN-0253,1,0.9429,1,Slightly Similar,0.6756229492679708,0.8302180638402316,1.0000000000000002,0.9999999999999981,0.04581509736903244,1.0,1.0,0.0
PAIR-0182,SYN-0430,SYN-0508,1,0.9429,1,Slightly Similar,0.7250915684408846,0.9098524527049319,1.0,0.9999999999999998,0.9999999999999999,1.0000000000000002,1.0,0.0
PAIR-0187,SYN-0088,SYN-0192,1,0.9429,1,Slightly Similar,0.5631027149190371,0.8437649677137898,1.0000000000000004,0.9999999999999998,0.040157584397110896,1.0,1.0,0.02240456882349668
PAIR-0198,SYN-0338,SYN-0545,1,0.9688,1,Slightly Similar,0.5423982575675229,0.7898274416264656,0.9999999999999999,0.9999999999999998,0.03708340816645848,1.0,1.0,0.0
PAIR-0200,SYN-0448,SYN-0282,0,0.7179,1,Slightly Similar,0.004789869111379553,0.20518943070360676,0.4411426390796242,0.39363155614324646,0.06001087285043441,0.0,0.0,0.02785537773126374
PAIR-0204,SYN-0388,SYN-0476,1,0.7632,1,Slightly Similar,0.08026439092066309,0.5133476719298449,0.5540044485679793,0.5406054542206151,0.039181891032583294,1.0,0.0,0.020010090051812087
PAIR-0206,SYN-0180,SYN-0387,1,0.9412,1,Slightly Similar,0.6851780282752659,0.8624131543994509,0.9999999999999998,1.0000000000000002,0.042053812304518705,1.0,1.0,0.01801521310499749
PAIR-0216,SYN-0209,SYN-0572,1,0.9167,1,Slightly Similar,0.6378646613392895,0.812278939160645,1.0000000000000002,1.0,0.05903918098534239,1.0,1.0,0.018183774801056752
PAIR-0220,SYN-0381,SYN-0484,1,0.9429,1,Slightly Similar,0.7380411322355112,0.8122895969083355,1.0000000000000002,1.0000000000000002,0.05903918098534239,1.0000000000000002,1.0,0.015371896674250487
PAIR-0232,SYN-0274,SYN-0086,0,0.7568,1,Slightly Similar,0.0052884202145127585,0.22832580637712518,0.4845956877720073,0.41111442341312393,0.04581509736903244,0.0,0.0,0.03810824594105467
PAIR-0246,SYN-0028,SYN-0054,1,0.9429,1,Slightly Similar,0.6699206939324545,0.8465568242880291,1.0000000000000002,1.0,1.0,1.0,1.0,0.0
PAIR-0253,SYN-0010,SYN-0114,1,0.9429,1,Slightly Similar,0.6845768104471781,0.8734143266669102,1.0000000000000004,0.9999999999999998,0.040157584397110896,1.0,1.0,0.32469294845640106
PAIR-0254,SYN-0384,SYN-0588,0,0.7,1,Slightly Similar,0.005593225155590294,0.2229329554970249,0.42179261089689,0.37514641046626596,0.05903918098534239,0.05350850773039705,0.0,0.023612261583476846
PAIR-0259,SYN-0081,SYN-0209,0,0.8158,1,Slightly Similar,0.1906140874942595,0.35168828697210175,0.5321359058931155,0.4882822302605152,0.06827013080437296,0.0,1.0,0.017791013014680647
PAIR-0260,SYN-0119,SYN-0449,0,0.7568,1,Slightly Similar,0.006113712099834392,0.22188081964369336,0.48583415607583114,0.4122500562778649,0.0531946842739727,0.0,0.0,0.024952241022213738
PAIR-0275,SYN-0046,SYN-0227,1,0.9706,1,Slightly Similar,0.49991963824158075,0.8527594809064464,1.0000000000000002,0.9999999999999981,0.013112892679882186,1.0,1.0,0.1883095710199688
PAIR-0279,SYN-0035,SYN-0277,0,0.7436,1,Slightly Similar,0.07339185972460703,0.292784453902132,0.5088604448206765,0.4715683506139831,0.015562708906446683,0.0,0.0,0.0268674096194347
PAIR-0326,SYN-0243,SYN-0580,1,0.9167,1,Slightly Similar,0.6352140533096876,0.8163029880476945,1.0000000000000004,0.9999999999999998,0.02655764372180957,1.0,1.0,0.0
PAIR-0336,SYN-0535,SYN-0325,0,0.7179,1,Slightly Similar,0.0056932539958709895,0.2225626546774606,0.4969242448237574,0.4488670659521536,0.023892081866768083,0.0,0.0,0.0230284513080049
PAIR-0341,SYN-0082,SYN-0134,1,0.9429,1,Slightly Similar,0.7040094404601027,0.8401765867925425,1.0000000000000002,1.0000000000000004,0.07191136188695764,1.0,1.0,0.03034488162280204
PAIR-0342,SYN-0347,SYN-0373,1,1.0,1,Slightly Similar,1.0,0.8481320416563771,1.0000000000000004,0.9999999999999998,0.02086270648700225,1.0,1.0,0.0
PAIR-0372,SYN-0261,SYN-0598,1,0.9429,1,Slightly Similar,0.6745643963119361,0.7877707684579094,1.0000000000000002,1.0,0.023892081866768083,1.0,1.0,0.0
PAIR-0390,SYN-0049,SYN-0204,1,0.9143,1,Slightly Similar,0.594586954436628,0.7771414255141283,1.0,1.0000000000000002,0.06827013080437296,1.0,1.0,0.026846898342445417
PAIR-0407,SYN-0305,SYN-0331,1,0.9429,1,Slightly Similar,0.6768173719043058,0.8674627900774046,1.0000000000000002,0.9999999999999981,0.0029950390026826923,1.0,1.0,0.0179934482769695
PAIR-0411,SYN-0556,SYN-0303,0,0.7,1,Slightly Similar,0.004647685427500701,0.2137829294263478,0.40998053619065883,0.3637172639625172,0.03179744592877114,0.03654710732438736,0.0,0.01882676083188386
PAIR-0416,SYN-0573,SYN-0028,0,0.8378,1,Slightly Similar,0.22263514525425573,0.30821624727161895,0.5321359058931155,0.4882822302605152,0.0690597706857835,0.0,1.0,0.02174242090845897
PAIR-0423,SYN-0405,SYN-0040,0,0.7368,1,Slightly Similar,0.00654278244245979,0.2200235052984389,0.4969242448237574,0.4488670659521536,0.03905908140646072,0.0,0.0,0.013752961573673577
PAIR-0426,SYN-0107,SYN-0150,0,0.7,1,Slightly Similar,0.006394267956991583,0.2797865638376995,0.46361037713722314,0.41546133029120713,0.0640695419242022,0.03192283410097138,0.0,0.0
PAIR-0440,SYN-0415,SYN-0270,0,0.8529,1,Slightly Similar,0.19795417616233607,0.3498575049912608,0.55549160753947,0.5121550585711435,0.03708340816645848,0.0,1.0,0.3054195385514388
PAIR-0441,SYN-0029,SYN-0417,1,0.9429,1,Slightly Similar,0.6783252475206043,0.804531060892465,1.0000000000000002,1.0,0.0690597706857835,1.0,1.0,0.0165483478612762
PAIR-0451,SYN-0544,SYN-0081,0,0.7895,1,Slightly Similar,0.15160100672809926,0.3368446773375121,0.4922296280484471,0.44354491679923197,0.028472967256605038,0.047310991064681375,1.0,0.0
PAIR-0456,SYN-0069,SYN-0188,0,0.7368,1,Slightly Similar,0.0059890869746312666,0.2646251024314171,0.5094694975280976,0.46114939375016023,0.9999999999999989,0.0,0.0,0.02726076139371382
PAIR-0459,SYN-0283,SYN-0336,0,0.7179,1,Slightly Similar,0.006321234013881352,0.26522801999411977,0.4967685557078483,0.44805743423964034,0.02390512074852718,0.0,0.0,0.0
PAIR-0478,SYN-0471,SYN-0251,0,0.6667,1,Slightly Similar,0.0033199370312131144,0.20504217328514468,0.32405174753761445,0.28292792279135487,0.039181891032583294,0.0,0.0,0.0
PAIR-0487,SYN-0108,SYN-0186,1,0.9429,1,Slightly Similar,0.7040094404601027,0.9117905258842902,1.0000000000000002,1.0000000000000004,1.0,1.0,1.0,0.32469294845640106
PAIR-0493,SYN-0235,SYN-0520,1,0.9429,1,Slightly Similar,0.6448531494253127,0.7971275590187559,1.0000000000000002,1.0,0.039181891032583294,1.0,1.0,0.0
PAIR-0499,SYN-0020,SYN-0208,0,0.8056,1,Slightly Similar,0.057811730767665465,0.27413776834982123,0.540513334234945,0.49713850026419715,0.06827013080437296,0.0,0.0,0.02196894710015036
PAIR-0500,SYN-0409,SYN-0186,0,0.7,1,Slightly Similar,0.005207752882516878,0.30191061151097204,0.415469660444298,0.36913041650586303,0.03992883593314474,0.42769528954108654,0.0,0.0
PAIR-0504,SYN-0051,SYN-0528,1,0.7632,1,Slightly Similar,0.07339906416303973,0.5187591678653044,0.5540044485679793,0.5406054542206151,0.014864848687586085,1.0,0.0,0.03528289438452101
PAIR-0510,SYN-0508,SYN-0140,0,0.7,1,Slightly Similar,0.005758500445590589,0.233002759346266,0.4364424285324676,0.41238370094438126,0.02503632546002444,0.045316403287440486,0.0,0.0
PAIR-0512,SYN-0332,SYN-0080,0,0.7692,1,Slightly Similar,0.14470394281668197,0.3343859552022853,0.47809925691500105,0.4296210089114079,0.04581509736903244,0.0,1.0,0.020768854798246736
PAIR-0517,SYN-0232,SYN-0595,1,0.9143,1,Slightly Similar,0.5552107755596881,0.7673771506050742,1.000000000000002,0.9999999999999998,0.0444595271076699,1.0,1.0,0.027485872840346967
PAIR-0533,SYN-0171,SYN-0248,1,0.9677,1,Slightly Similar,0.48813581581626775,0.9592031146200833,1.0000000000000022,1.0000000000000002,0.06827013080437296,1.0,1.0,1.0000000000000002
PAIR-0540,SYN-0064,SYN-0242,0,0.7632,1,Slightly Similar,0.0873323075485644,0.29904572637103777,0.4344665973423876,0.3871458814877095,0.11073703106740922,0.09199070778261428,1.0,0.014855551436812078
PAIR-0549,SYN-0166,SYN-0295,1,0.9167,1,Slightly Similar,0.6305073068516188,0.789877164521853,1.0000000000000004,0.9999999999999998,0.11073703106740922,1.0,1.0,0.4574852573905224
PAIR-0552,SYN-0036,SYN-0569,1,0.7436,1,Slightly Similar,0.0734474041097675,0.518082533886837,0.5540044485679793,0.5406054542206151,0.03905908140646072,1.0,0.0,0.0229641672356165
PAIR-0571,SYN-0140,SYN-0517,1,0.7632,1,Slightly Similar,0.08282464847323315,0.5153746100381696,0.5540044485679793,0.5406054542206151,0.02503632546002444,1.0,0.0,0.030071554604071207
PAIR-0574,SYN-0148,SYN-0200,1,0.9429,1,Slightly Similar,0.7197023873233602,0.8129178618500124,1.0000000000000002,1.0000000000000002,1.0000000000000002,1.0000000000000002,1.0,0.013640323743566354
PAIR-0580,SYN-0021,SYN-0099,1,1.0,1,Slightly Similar,1.0000000000000002,0.8718927440076552,1.0000000000000004,1.0000000000000002,0.07191136188695764,1.0000000000000002,1.0,0.03857693722241696
PAIR-0587,SYN-0193,SYN-0270,1,0.9688,1,Slightly Similar,0.5512937678912304,0.9712907741415209,0.9999999999999999,1.0,0.06827013080437296,1.0,1.0,0.0439313843031815
PAIR-0591,SYN-0484,SYN-0538,0,0.6829,1,Slightly Similar,0.005155213554524834,0.2805125702832433,0.4090101136600721,0.362782134749899,0.08578634339055208,0.03610457478966602,0.0,0.01828789487709646
PAIR-0627,SYN-0329,SYN-0030,0,0.7436,1,Slightly Similar,0.1027793717167727,0.3208865952116519,0.3695729472805736,0.3252427518472361,0.06268000853599372,0.04873465668549458,1.0,0.02785537773126374
PAIR-0632,SYN-0231,SYN-0019,0,0.7179,1,Slightly Similar,0.006324764695947736,0.23352204260278603,0.4952313086313782,0.44653141533545687,0.0030491727376322384,0.0,0.0,0.018145154556774637
PAIR-0647,SYN-0561,SYN-0330,0,0.7368,1,Slightly Similar,0.007087088567952949,0.2558401163817159,0.5499456710897258,0.5013187710201709,0.0444595271076699,0.0,0.0,0.03152347753447504
PAIR-0651,SYN-0326,SYN-0403,1,0.9375,1,Slightly Similar,0.6474464787026547,0.9377614613346988,1.0000000000000022,1.0000000000000002,0.06001087285043441,1.0,1.0,0.02881144378364917
PAIR-0660,SYN-0267,SYN-0351,0,0.7179,1,Slightly Similar,0.003994884967374796,0.3507241307398543,0.4192075877165546,0.37243803433541417,0.9999999999999987,0.0,0.0,0.01806377038989184
PAIR-0671,SYN-0083,SYN-0238,1,0.9474,1,Slightly Similar,0.8286660628030399,0.8676322412899885,0.9999999999999994,1.0,0.11073703106740922,1.0,1.0,0.0246490832637288
PAIR-0675,SYN-0069,SYN-0147,1,0.9394,1,Slightly Similar,0.5137145015697121,0.8432804440776857,1.0,1.0,0.0640695419242022,1.0,1.0,0.03857693722241696
PAIR-0713,SYN-0180,SYN-0568,1,0.9412,1,Slightly Similar,0.6896853660995824,0.8703374700461664,0.9999999999999998,1.0000000000000002,0.0531946842739727,1.0,1.0,0.32469294845640106
PAIR-0749,SYN-0239,SYN-0291,1,0.9706,1,Slightly Similar,0.8022402529900217,0.9106850442804202,1.0000000000000016,1.0,0.02086270648700225,1.0,1.0,0.01882676083188386
PAIR-0755,SYN-0117,SYN-0272,1,0.9412,1,Slightly Similar,0.6180851738583771,0.8781944355667032,1.0000000000000004,1.0000000000000002,0.06827013080437296,1.0,1.0,0.022506665925524562
PAIR-0762,SYN-0450,SYN-0493,0,0.7838,1,Slightly Similar,0.08161741494138505,0.31186196275588873,0.5024993795043401,0.480858374337503,1.0000000000000013,0.0,0.0,0.020768854798246736
PAIR-0767,SYN-0022,SYN-0436,1,0.9429,1,Slightly Similar,0.7658040612126794,0.8512255645698792,1.0000000000000016,1.0,0.03992883593314474,1.0,1.0,0.0
PAIR-0768,SYN-0426,SYN-0024,0,0.7179,1,Slightly Similar,0.005653441860224573,0.18817066220947018,0.46259107607081124,0.41445597203322726,0.028472967256605038,0.0,0.0,0.01988627655647779
PAIR-0776,SYN-0420,SYN-0227,0,0.7,1,Slightly Similar,0.0038555884733270417,0.19977036274468873,0.44324791627901516,0.395623891474637,0.03708340816645848,0.0,0.0,0.0
PAIR-0779,SYN-0383,SYN-0340,0,0.7179,1,Slightly Similar,0.005025729218733541,0.2797865638376993,0.46361037713722314,0.41546133029120713,0.02390512074852718,0.03192283410097138,0.0,0.0
PAIR-0780,SYN-0184,SYN-0391,1,0.9167,1,Slightly Similar,0.6360955163539027,0.7652590588234152,1.0000000000000002,1.0,0.0030491727376322384,1.0,1.0,0.0
PAIR-0787,SYN-0424,SYN-0221,0,0.7,1,Slightly Similar,0.005355282195810143,0.21502361275110743,0.44584471397933656,0.42197495388026734,0.03708340816645848,0.0,0.0,0.0
PAIR-0789,SYN-0400,SYN-0529,1,0.9688,1,Slightly Similar,0.5345652974970316,0.8313527422769177,0.9999999999999999,1.0,0.06001087285043441,1.0,1.0,0.016409223945179695
PAIR-0791,SYN-0363,SYN-0539,0,0.8158,1,Slightly Similar,0.21553497436087174,0.5042219445238584,0.5464391597678736,0.5033561754285614,0.023892081866768083,1.0000000000000002,1.0,0.027568465466162876
PAIR-0799,SYN-0232,SYN-0193,0,0.7568,1,Slightly Similar,0.006923027311660942,0.25576025503763306,0.49324807364925116,0.4445909033270863,0.042053812304518705,0.03626355297263521,0.0,0.02607322696510237
PAIR-0806,SYN-0502,SYN-0256,0,0.8108,1,Slightly Similar,0.15274851431684278,0.3042477565853915,0.46917355388502446,0.445987365511047,0.06001087285043441,0.0,1.0,0.016361853116629337
PAIR-0809,SYN-0554,SYN-0580,1,0.9429,1,Slightly Similar,0.6804379715882044,0.8470941659274206,1.0000000000000004,0.9999999999999998,0.09426056986529957,1.0,1.0,0.0
PAIR-0814,SYN-0411,SYN-0304,0,0.7368,1,Slightly Similar,0.004774915516442929,0.22985237020151766,0.48821221186537367,0.4396287964275035,0.05903918098534239,0.0,0.0,0.021210303879264807
PAIR-0824,SYN-0347,SYN-0502,1,0.9429,1,Slightly Similar,0.6671352441374149,0.8427973920032766,1.0000000000000004,0.9999999999999998,0.06001087285043441,1.0,1.0,0.32469294845640106
PAIR-0829,SYN-0263,SYN-0522,1,0.9167,1,Slightly Similar,0.7071103812986553,0.8125350111784847,1.0000000000000002,1.0000000000000004,0.02655764372180957,1.0,1.0,0.0
PAIR-0847,SYN-0045,SYN-0382,1,0.9697,1,Slightly Similar,0.430904543635088,0.7931439755328726,0.9999999999999998,1.0000000000000002,0.013112892679882186,1.0000000000000002,1.0,0.02973217704967169
PAIR-0855,SYN-0195,SYN-0596,0,0.7632,1,Slightly Similar,0.07745761923025449,0.23907294407944613,0.5464391597678736,0.5033561754285614,0.049443921584745434,0.0,0.0,0.017550240307326243
PAIR-0856,SYN-0583,SYN-0010,0,0.7436,1,Slightly Similar,0.069129230662946,0.22931375438994395,0.5307526027437022,0.5157770539176968,0.02503632546002444,0.0,0.0,0.029397104641649064
PAIR-0858,SYN-0146,SYN-0301,1,0.9429,1,Slightly Similar,0.690250144794757,0.7842557671167985,1.0,0.9999999999999998,0.06268000853599372,1.0000000000000002,1.0,0.0394712892339555
PAIR-0859,SYN-0216,SYN-0445,0,0.6667,1,Slightly Similar,0.003492599575588546,0.21674835233130724,0.34340571731446357,0.3011525460002192,0.08287688990740738,0.11165288794774934,0.0,0.01767682796916962
PAIR-0865,SYN-0215,SYN-0572,0,0.7,1,Slightly Similar,0.005636018487852687,0.20861028329780026,0.44953507330290887,0.40181488697022155,0.023892081866768083,0.0,0.0,0.1883095710199688
PAIR-0867,SYN-0250,SYN-0457,1,0.9394,1,Slightly Similar,0.5668818790941902,0.7596120290457156,1.0,1.0,0.02655764372180957,1.0,1.0,0.0
PAIR-0868,SYN-0428,SYN-0267,0,0.7179,1,Slightly Similar,0.003946599504972976,0.30625849085117973,0.4192075877165546,0.37243803433541417,0.03708340816645848,0.0,0.0,1.0000000000000002
PAIR-0874,SYN-0200,SYN-0251,1,0.9706,1,Slightly Similar,0.6350597882219182,0.8318031476460643,1.0000000000000002,1.0000000000000002,0.0030491727376322384,1.0000000000000002,1.0,0.0
PAIR-0884,SYN-0026,SYN-0335,0,0.7179,1,Slightly Similar,0.0064465823682709625,0.2340376587906565,0.48998486001649594,0.44133399095650827,0.046501162710801125,0.0,0.0,0.0
PAIR-0885,SYN-0131,SYN-0412,0,0.8056,1,Slightly Similar,0.06522155027368483,0.2551698787712014,0.5567432176739078,0.5131675699385274,0.03992883593314474,0.0,0.0,0.0
PAIR-0887,SYN-0091,SYN-0531,1,0.9412,1,Slightly Similar,0.6579875060699276,0.8306891652158118,1.0000000000000004,1.0000000000000002,0.019224050344583375,1.0,1.0,0.0
PAIR-0896,SYN-0506,SYN-0350,0,0.7179,1,Slightly Similar,0.005459103907397473,0.17275740996963157,0.44584471397933656,0.3982112391968711,0.023892081866768083,0.0,0.0,0.0
PAIR-0903,SYN-0132,SYN-0546,1,0.9429,1,Slightly Similar,0.6938237080154681,0.7886702741902265,1.0000000000000002,1.0,0.02503632546002444,1.0,1.0,0.016335655951814552
PAIR-0904,SYN-0040,SYN-0299,1,0.9429,1,Slightly Similar,0.7754712993937632,0.8521349325037092,1.0000000000000007,0.9999999999999993,0.0030491727376322384,1.0,1.0,0.015371896674250487
PAIR-0909,SYN-0004,SYN-0186,1,0.9429,1,Slightly Similar,0.7109671461921111,0.8617316369380711,1.0000000000000002,1.0000000000000004,1.0,1.0,1.0,0.2630418923512479
PAIR-0913,SYN-0286,SYN-0051,0,0.7568,1,Slightly Similar,0.006591318667899728,0.30091908792964733,0.5245134742796265,0.4756225410108911,0.11073703106740922,0.0,0.0,0.022651724911938377
PAIR-0933,SYN-0113,SYN-0320,1,0.9429,1,Slightly Similar,0.6818691935819091,0.8498498819811472,0.9999999999999997,1.0000000000000002,0.042053812304518705,1.0,1.0,0.022651724911938377
PAIR-0978,SYN-0042,SYN-0252,0,0.7179,1,Slightly Similar,0.006329627688057325,0.2681174796318179,0.4541528856887506,0.4065042288916759,0.06268000853599372,0.046291527794522724,0.0,0.0
PAIR-0985,SYN-0057,SYN-0277,0,0.6667,1,Slightly Similar,0.0037506400623232173,0.19107409318394397,0.32405174753761445,0.28292792279135487,0.0030491727376322384,0.0,0.0,0.0230284513080049
PAIR-0990,SYN-0314,SYN-0342,0,0.6512,1,Slightly Similar,0.004438329281398641,0.22099836945626794,0.3673106064383257,0.32401157587448426,0.0029950390026826923,0.0,0.0,0.02691970974354698
PAIR-0999,SYN-0173,SYN-0003,0,0.8333,1,Slightly Similar,0.304437337705878,0.3446637806227466,0.5882327072650068,0.5454596610549527,1.0,0.0,0.0,0.0
PAIR-1011,SYN-0036,SYN-0103,1,0.7632,1,Slightly Similar,0.0820654079396446,0.5781511732414246,0.5540044485679793,0.5406054542206151,1.0000000000000002,1.0,0.0,0.01762579776872631
PAIR-1013,SYN-0174,SYN-0213,0,0.7,1,Slightly Similar,0.0043701709998534306,0.19700877234970837,0.40660478138241213,0.36046674756274355,0.04581509736903244,0.0,0.0,0.015371896674250487
PAIR-1018,SYN-0191,SYN-0392,0,0.7436,1,Slightly Similar,0.06411352973217488,0.25802137950312426,0.49750404499329737,0.4538338990289116,0.013112892679882186,0.0,0.0,0.016409223945179695
PAIR-1023,SYN-0066,SYN-0543,0,0.7179,1,Slightly Similar,0.0059442093932920905,0.22186561385175674,0.46537681329910613,0.4173802735244017,0.019224050344583375,0.0,0.0,0.0
PAIR-1026,SYN-0123,SYN-0407,1,0.9412,1,Slightly Similar,0.6196937499879739,0.7388454448855453,0.9999999999999998,1.0000000000000002,0.02503632546002444,1.0000000000000002,1.0,0.02764828167290212
PAIR-1034,SYN-0378,SYN-0403,1,0.9375,1,Slightly Similar,0.6474464787026547,0.7316338490939697,1.0000000000000022,1.0000000000000002,0.0444595271076699,1.0,1.0,0.02612361736736085
PAIR-1049,SYN-0110,SYN-0342,0,0.6512,1,Slightly Similar,0.003673338517365151,0.1903059233968929,0.3511777754767111,0.30854067799870555,0.0030491727376322384,0.0,0.0,0.044776474247134976
PAIR-1060,SYN-0071,SYN-0511,1,0.9412,1,Slightly Similar,0.6109863820463661,0.7695539388476913,0.9999999999999998,1.0000000000000002,0.03992883593314474,1.0000000000000002,1.0,0.016524564100924604
PAIR-1064,SYN-0567,SYN-0234,0,0.7568,1,Slightly Similar,0.006446728897728348,0.2195109571702492,0.4971997995263721,0.4485598693345456,0.06001087285043441,0.0,0.0,0.027882694783023843
PAIR-1070,SYN-0400,SYN-0581,1,0.9394,1,Slightly Similar,0.4946073830636705,0.7952817782675956,0.9999999999999999,1.0,0.03179744592877114,1.0,1.0,0.016479869092091183
PAIR-1076,SYN-0265,SYN-0283,0,0.7179,1,Slightly Similar,0.0051692149177483045,0.23021397004737648,0.45878212927590284,0.4107520072573971,0.9999999999999987,0.10777665272185173,0.0,0.024159678645707627
PAIR-1085,SYN-0092,SYN-0315,0,0.7436,1,Slightly Similar,0.06103673588684034,0.2006752177591114,0.3906473008724352,0.34523939357946926,0.013112892679882186,0.0,0.0,0.023496559142264457
PAIR-1086,SYN-0129,SYN-0295,1,0.7436,1,Slightly Similar,0.06852074546533221,0.528543974844765,0.5540044485679793,0.5406054542206151,0.06268000853599372,1.0,0.0,0.03022674924257162
PAIR-1108,SYN-0385,SYN-0551,0,0.7,1,Slightly Similar,0.005327347415746943,0.20470796949350334,0.46527444334094065,0.41711664652546565,0.05903918098534239,0.0,0.0,0.037442648766512016
PAIR-1114,SYN-0003,SYN-0262,1,0.9167,1,Slightly Similar,0.5726554016196047,0.8465107500969834,1.0000000000000002,1.0,0.06268000853599372,1.0,1.0,0.022651724911938377
PAIR-1131,SYN-0071,SYN-0123,1,0.9412,1,Slightly Similar,0.6015217095464338,0.8536543149844346,0.9999999999999998,1.0000000000000002,0.0640695419242022,1.0000000000000002,1.0,0.016409223945179695
PAIR-1132,SYN-0038,SYN-0556,1,0.9143,1,Slightly Similar,0.5804884439038865,0.8277318205980305,1.0,1.0000000000000013,0.049443921584745434,1.0000000000000002,1.0,0.03072138281198905
PAIR-1139,SYN-0110,SYN-0550,1,0.9429,1,Slightly Similar,0.7770657858551979,0.8539735084294048,1.0000000000000016,1.0,0.0531946842739727,1.0,1.0,0.044776474247134976
PAIR-1140,SYN-0103,SYN-0510,0,0.7179,1,Slightly Similar,0.00615787226528803,0.23315599588664557,0.4402710068721421,0.39320515344544815,0.028472967256605038,0.05064771195628793,0.0,0.023666036849184644
PAIR-1161,SYN-0230,SYN-0477,0,0.7838,1,Slightly Similar,0.12239963089564249,0.2560848117039571,0.5716106348441017,0.5327751000153687,0.05903918098534239,0.0,0.0,0.020209081047817185
PAIR-1162,SYN-0130,SYN-0466,1,0.9429,1,Slightly Similar,0.6836035160616883,0.7942862517480631,0.9999999999999998,1.0000000000000002,0.019224050344583375,1.0000000000000002,1.0,0.01806377038989184
PAIR-1184,SYN-0245,SYN-0375,1,0.9412,1,Slightly Similar,0.5082156178307634,0.8894798106613845,1.0,1.0000000000000013,0.0029950390026826923,1.0000000000000002,1.0,0.40809656352206514
PAIR-1204,SYN-0216,SYN-0093,0,0.7778,1,Slightly Similar,0.004955725864830802,0.2852207160136474,0.48583415607583114,0.4122500562778649,0.11073703106740922,0.0,0.0,0.029609142236370657
PAIR-1215,SYN-0025,SYN-0236,0,0.7,1,Slightly Similar,0.006477150518714132,0.26277615960344064,0.4990444018903101,0.4503020421345302,0.042053812304518705,0.04478154128094414,0.0,0.03659426228379095
PAIR-1227,SYN-0418,SYN-0599,0,0.7436,1,Slightly Similar,0.07468778012156366,0.26316837206902793,0.4189085984579357,0.3724708948062756,0.09426056986529957,0.043090061838482886,0.0,0.04247517197375908
PAIR-1241,SYN-0328,SYN-0075,0,0.7568,1,Slightly Similar,0.007243283516845054,0.273892015108874,0.5229258229276684,0.474409768560522,0.046501162710801125,0.0,0.0,0.02625863999715187
PAIR-1250,SYN-0223,SYN-0482,1,0.9706,1,Slightly Similar,0.5917624223343153,0.7653206437039667,1.0,0.9999999999999998,0.0444595271076699,1.0000000000000002,1.0,0.023172683650114097
PAIR-1269,SYN-0520,SYN-0598,1,0.9429,1,Slightly Similar,0.6598414623188225,0.901314870774827,1.0000000000000002,1.0,0.08578634339055208,1.0,1.0,0.0
PAIR-1276,SYN-0021,SYN-0022,0,0.7,1,Slightly Similar,0.0050894587558895305,0.27744675945839015,0.45710042279617624,0.40910747405939385,1.0,0.04436352704187294,0.0,0.029397104641649064
PAIR-1302,SYN-0059,SYN-0499,1,0.9412,1,Slightly Similar,0.6444858991693801,0.7958434367387939,0.9999999999999984,1.0000000000000004,0.03905908140646072,1.0,1.0,0.020209081047817185
PAIR-1304,SYN-0126,SYN-0462,1,0.9429,1,Slightly Similar,0.7483513452568652,0.8309711830332994,1.0000000000000016,1.0,0.0690597706857835,1.0,1.0,0.0
PAIR-1305,SYN-0579,SYN-0095,0,0.7838,1,Slightly Similar,0.06431885504404844,0.27138312845875556,0.5499500184460009,0.5069774597520835,0.0531946842739727,0.0,0.0,0.0246490832637288
PAIR-1332,SYN-0076,SYN-0470,0,0.7632,1,Slightly Similar,0.07061829021621711,0.364896515078636,0.41699820425054857,0.37061424963732204,0.014864848687586085,0.0,0.0,0.07635162400096726
PAIR-1337,SYN-0411,SYN-0357,0,0.7179,1,Slightly Similar,0.004508183403964249,0.19847464029106213,0.4549551690646492,0.4070000770578482,0.03179744592877114,0.0,0.0,0.02593961011781908
PAIR-1343,SYN-0140,SYN-0580,1,0.9429,1,Slightly Similar,0.6896871865567554,0.792673876217654,1.0000000000000004,0.9999999999999998,0.014864848687586085,1.0,1.0,0.0
PAIR-1345,SYN-0295,SYN-0580,1,0.9167,1,Slightly Similar,0.6352140533096876,0.7979214103551291,1.0000000000000004,0.9999999999999998,0.08287688990740738,1.0,1.0,0.0
PAIR-1348,SYN-0383,SYN-0272,0,0.7632,1,Slightly Similar,0.07510576228293912,0.27439428748318556,0.5146680543122369,0.4714855662487583,0.02390512074852718,0.0,0.0,0.0
PAIR-1351,SYN-0179,SYN-0360,1,0.9412,1,Slightly Similar,0.6864192951476942,0.8187233290501986,1.0,1.0000000000000002,0.0030491727376322384,1.0,1.0,0.02625863999715187
PAIR-1353,SYN-0088,SYN-0269,1,0.9429,1,Slightly Similar,0.6232955745713811,0.8092131374675499,1.0000000000000004,0.9999999999999998,0.042053812304518705,1.0,1.0,0.02240456882349668
PAIR-1360,SYN-0568,SYN-0068,0,0.7632,1,Slightly Similar,0.06054256033863746,0.21744771312130992,0.48355554633770803,0.4400920374682955,0.03992883593314474,0.0,0.0,0.0
PAIR-1361,SYN-0240,SYN-0370,1,0.9143,1,Slightly Similar,0.6118515109640782,0.8284877383002097,0.9999999999999984,1.0000000000000004,0.02086270648700225,1.0,1.0,0.017826699135499675
PAIR-1368,SYN-0140,SYN-0465,1,0.7632,1,Slightly Similar,0.07962640564794173,0.49850295505785347,0.5540044485679793,0.5406054542206151,0.019224050344583375,1.0,0.0,0.0268674096194347
PAIR-1376,SYN-0044,SYN-0161,0,0.6512,1,Slightly Similar,0.0038629647158042154,0.21683742335679154,0.32405174753761445,0.28292792279135487,0.9999999999999989,0.0,0.0,0.0
PAIR-1390,SYN-0156,SYN-0155,0,0.7632,1,Slightly Similar,0.08425461897213679,0.37751806914393626,0.5703782210736287,0.5275866613013984,1.0,0.05238135855837332,0.0,0.03047855538189337
PAIR-1399,SYN-0107,SYN-0056,0,0.7,1,Slightly Similar,0.005275043087358332,0.28529207426226316,0.4189085984579357,0.3724708948062756,0.0640695419242022,0.043090061838482886,0.0,0.014186229950052847
PAIR-1403,SYN-0132,SYN-0261,1,0.9429,1,Slightly Similar,0.6831768972110467,0.8084736532141341,1.0000000000000002,1.0,0.11073703106740922,1.0,1.0,0.0
PAIR-1405,SYN-0327,SYN-0117,0,0.7179,1,Slightly Similar,0.005414734539251749,0.2093382198587849,0.4364424285324676,0.38916012210584766,0.06827013080437296,0.0,0.0,0.017656306835392432
PAIR-1408,SYN-0038,SYN-0478,1,0.9412,1,Slightly Similar,0.629212319783397,0.8249373155308687,1.0,1.0000000000000013,0.049443921584745434,1.0000000000000002,1.0,0.029397104641649064
PAIR-1429,SYN-0328,SYN-0405,1,0.9394,1,Slightly Similar,0.5668818790941902,0.928373552177378,1.0,1.0,0.05903918098534239,1.0,1.0,0.018709148312136166
PAIR-1432,SYN-0358,SYN-0496,0,0.6829,1,Slightly Similar,0.005137808402282858,0.2926825331588278,0.415469660444298,0.36913041650586303,0.023892081866768083,0.42769528954108654,0.0,0.01849634292151549
PAIR-1437,SYN-0538,SYN-0400,0,0.7838,1,Slightly Similar,0.04974522612178752,0.24742037420429905,0.5082942078071163,0.46470306987841087,0.039181891032583294,0.025850726713370836,0.0,0.016361853116629337
PAIR-1439,SYN-0308,SYN-0537,0,0.7568,1,Slightly Similar,0.005423224049977463,0.23606284901776572,0.48821221186537367,0.4396287964275035,0.06001087285043441,0.0,0.0,0.021471168273774932
PAIR-1451,SYN-0524,SYN-0521,0,0.7,1,Slightly Similar,0.0050663162135133185,0.22385631779443643,0.4608839482125023,0.4128097282723312,0.060635219401191216,0.0,0.0,0.018145154556774637
PAIR-1460,SYN-0086,SYN-0526,1,0.9429,1,Slightly Similar,0.7142834889962794,0.8309577304419468,1.0000000000000007,0.9999999999999993,0.019224050344583375,1.0,1.0,0.044776474247134976
PAIR-1468,SYN-0372,SYN-0109,0,0.6667,1,Slightly Similar,0.004007520458577891,0.21984154816010099,0.34340571731446357,0.3011525460002192,0.0030491727376322384,0.11165288794774934,0.0,0.0
PAIR-1473,SYN-0230,SYN-0489,1,0.9143,1,Slightly Similar,0.6427120285779323,0.815837730940834,1.0,1.0000000000000002,0.03708340816645848,1.0,1.0,0.21537551927794102
PAIR-1474,SYN-0187,SYN-0549,1,0.9474,1,Slightly Similar,0.8264303713902299,0.841313857731104,0.9999999999999994,1.0,0.0690597706857835,1.0,1.0,0.020154420298496907
PAIR-1476,SYN-0142,SYN-0540,0,0.7179,1,Slightly Similar,0.005102210845252991,0.1956935694847148,0.4442995718499327,0.39664367558937247,0.014864848687586085,0.03030094937905793,0.0,0.030263311439488134
PAIR-1480,SYN-0374,SYN-0400,1,0.9688,1,Slightly Similar,0.5342458655409251,0.86718442523017,0.9999999999999999,1.0,0.0029950390026826923,1.0,1.0,0.016524564100924604
PAIR-1500,SYN-0292,SYN-0170,0,0.7,1,Slightly Similar,0.005348226707881725,0.2146383114704889,0.4538174562261002,0.4060070940635866,0.06268000853599372,0.0,0.0,0.0336144559401412
PAIR-1502,SYN-0108,SYN-0234,0,0.7368,1,Slightly Similar,0.005805665323667741,0.24435708096865563,0.44028788530739915,0.39341494566759083,0.015562708906446683,0.0,0.0,0.027568465466162876
PAIR-1523,SYN-0391,SYN-0494,1,0.9167,1,Slightly Similar,0.6280765490426796,0.7456457091819536,1.0000000000000002,1.0,0.06001087285043441,1.0,1.0,0.015124399477681159
PAIR-1536,SYN-0338,SYN-0571,1,0.9688,1,Slightly Similar,0.5423982575675229,0.9324374725641973,0.9999999999999999,0.9999999999999998,0.02655764372180957,1.0,1.0,0.19426651324061864
PAIR-1547,SYN-0258,SYN-0528,1,0.7632,1,Slightly Similar,0.07948699178758595,0.4702698464065518,0.5540044485679793,0.5406054542206151,0.02655764372180957,1.0,0.0,0.041991165423474364
PAIR-1567,SYN-0055,SYN-0367,0,0.6829,1,Slightly Similar,0.005280285292560286,0.22887686213603098,0.4189085984579357,0.3724708948062756,0.11073703106740922,0.043090061838482886,0.0,0.0
PAIR-1580,SYN-0016,SYN-0223,1,0.9706,1,Slightly Similar,0.5574982234838599,0.7834137487446895,1.0,0.9999999999999998,0.06268000853599372,1.0000000000000002,1.0,0.0
PAIR-1582,SYN-0364,SYN-0143,0,0.7568,1,Slightly Similar,0.006222397962508436,0.38472137579873844,0.5024993795043401,0.45377861259856356,0.04581509736903244,0.0,0.0,0.02174242090845897
PAIR-1583,SYN-0001,SYN-0258,0,0.7568,1,Slightly Similar,0.007287196324264886,0.535163795205841,0.5245134742796265,0.4756225410108911,0.06827013080437296,0.0,0.0,0.04247517197375908
PAIR-1606,SYN-0498,SYN-0412,0,0.7179,1,Slightly Similar,0.005148384470609741,0.2415349725163197,0.45878212927590284,0.4107520072573971,0.09426056986529957,0.10777665272185173,0.0,0.0
PAIR-1608,SYN-0110,SYN-0343,1,0.9429,1,Slightly Similar,0.7767509930215571,0.9762218238808972,1.0000000000000016,1.0,0.042053812304518705,1.0,1.0,0.04631158407334182
PAIR-1628,SYN-0130,SYN-0518,1,0.9429,1,Slightly Similar,0.704608667669986,0.7416385394253173,0.9999999999999998,1.0000000000000002,0.02503632546002444,1.0000000000000002,1.0,0.0
PAIR-1649,SYN-0157,SYN-0124,0,0.7838,1,Slightly Similar,0.0671939849577708,0.2889682516244996,0.540513334234945,0.49713850026419715,0.07191136188695764,0.0,0.0,0.03047855538189337
PAIR-1650,SYN-0288,SYN-0366,1,1.0,1,Slightly Similar,1.0000000000000002,0.7975391687388889,1.0000000000000002,1.0,1.0000000000000016,1.0,1.0,0.028087370201234824
PAIR-1653,SYN-0303,SYN-0562,1,0.9429,1,Slightly Similar,0.7380411322355112,0.8320305384380244,1.0000000000000002,1.0000000000000002,0.03179744592877114,1.0000000000000002,1.0,0.01801521310499749
PAIR-1660,SYN-0308,SYN-0238,0,0.6829,1,Slightly Similar,0.003572615561190438,0.2314500831901564,0.360453232482165,0.3174127812475772,0.0029950390026826923,0.0,0.0,0.029769058671394788
PAIR-1679,SYN-0485,SYN-0511,1,0.9143,1,Slightly Similar,0.5524944209898723,0.860968772463192,0.9999999999999998,1.0000000000000002,1.0000000000000013,1.0000000000000002,1.0,0.017801078092018294
PAIR-1680,SYN-0255,SYN-0182,0,0.7,1,Slightly Similar,0.005232743652693385,0.23960578332133922,0.4706101669046341,0.42236654348771796,0.046501162710801125,0.04436352704187294,0.0,0.027568465466162876
PAIR-1696,SYN-0213,SYN-0343,1,0.9429,1,Slightly Similar,0.7780734053904815,0.8545868422539835,1.0000000000000016,1.0,0.0029950390026826923,1.0,1.0,0.023172683650114097
PAIR-1707,SYN-0262,SYN-0413,0,0.7,1,Slightly Similar,0.006253241194994433,0.2454382389228306,0.4990444018903101,0.4503020421345302,0.023892081866768083,0.04478154128094414,0.0,0.017826699135499675
PAIR-1711,SYN-0257,SYN-0190,0,0.7368,1,Slightly Similar,0.004285687197959179,0.20726446985312194,0.4474850098685069,0.3998119716307699,0.04581509736903244,0.0,0.0,0.6776969855938058
PAIR-1723,SYN-0192,SYN-0554,1,0.9429,1,Slightly Similar,0.612509591064512,0.7885732132906734,1.0000000000000004,0.9999999999999998,0.019224050344583375,1.0,1.0,0.03047855538189337
PAIR-1731,SYN-0331,SYN-0394,0,0.6667,1,Slightly Similar,0.00392890161622726,0.2484328531844983,0.35325522089109906,0.3105225283008063,1.0000000000000002,0.14834632117724156,0.0,0.0233253839323659
PAIR-1732,SYN-0186,SYN-0104,0,0.7,1,Slightly Similar,0.005015645354594797,0.34187305080107167,0.4277489945195007,0.38109383964255955,0.0640695419242022,0.42769528954108654,0.0,0.0
PAIR-1733,SYN-0093,SYN-0559,1,0.9375,1,Slightly Similar,0.6346788972412761,0.9377614613346988,1.0000000000000022,1.0000000000000002,0.014864848687586085,1.0,1.0,0.02968944511173996
PAIR-1740,SYN-0095,SYN-0250,1,0.9394,1,Slightly Similar,0.5167372264736902,0.7585797627629907,1.0,1.0,0.06827013080437296,1.0,1.0,0.0
PAIR-1754,SYN-0272,SYN-0583,1,0.9143,1,Slightly Similar,0.6102398646353847,0.8614169052792927,1.0000000000000004,1.0000000000000002,0.05903918098534239,1.0,1.0,0.03857693722241696
PAIR-1775,SYN-0572,SYN-0446,0,0.6829,1,Slightly Similar,0.004959817651929891,0.22964577229644437,0.4608839482125023,0.4128097282723312,0.9999999999999999,0.0,0.0,0.015183508755212656
PAIR-1796,SYN-0493,SYN-0519,1,0.9394,1,Slightly Similar,0.6796104350152203,0.846710872925039,0.9999999999999999,0.9999999999999998,0.09426056986529957,1.0,1.0,0.0
PAIR-1798,SYN-0477,SYN-0581,1,0.9118,1,Slightly Similar,0.6166621963562158,0.8452045420665588,0.9999999999999999,1.0,0.9999999999999999,1.0,1.0,0.020154420298496907
PAIR-1806,SYN-0086,SYN-0213,0,0.7436,1,Slightly Similar,0.04551518424242525,0.19213594123012184,0.42979082083158715,0.382629038240879,0.04581509736903244,0.0,0.0,0.02470974697254518
PAIR-1827,SYN-0268,SYN-0373,0,0.6829,1,Slightly Similar,0.005717222657296909,0.2648111035168199,0.4469841474506278,0.4231405870919293,0.02390512074852718,0.0,0.0,0.018555918925305972
PAIR-1832,SYN-0061,SYN-0423,1,0.9429,1,Slightly Similar,0.6837180433143275,0.7674601809393246,0.9999999999999997,1.0000000000000002,0.02503632546002444,1.0,1.0,0.03614965955181639
PAIR-1848,SYN-0436,SYN-0155,0,0.7179,1,Slightly Similar,0.006075640972157054,0.2424430664478656,0.4771256256913217,0.4288010297453419,0.03992883593314474,0.0419916614064972,0.0,0.0
PAIR-1850,SYN-0136,SYN-0536,0,0.7,1,Slightly Similar,0.004598299646028256,0.17452382644573577,0.40660478138241213,0.36046674756274355,0.03992883593314474,0.0,0.0,0.020010090051812087
PAIR-1851,SYN-0138,SYN-0076,0,0.7179,1,Slightly Similar,0.005461135053980474,0.231334640502435,0.4474850098685069,0.3998119716307699,0.040157584397110896,0.0,0.0,0.015371896674250487
PAIR-1865,SYN-0443,SYN-0432,0,0.7436,1,Slightly Similar,0.06655563145204824,0.2947265696643675,0.42528388542685797,0.3785413310352686,0.9999999999999999,0.21851121952349303,0.0,0.041991165423474364
PAIR-1875,SYN-0504,SYN-0530,1,0.9412,1,Slightly Similar,0.6601877724264877,0.8269825375362082,1.0,1.0000000000000013,0.08578634339055208,1.0000000000000002,1.0,0.015124399477681159
PAIR-1892,SYN-0590,SYN-0284,0,0.8378,1,Slightly Similar,0.2883816141875013,0.3885221227608662,0.6440195688137114,0.6109815900003155,0.06001087285043441,0.03534403701153392,1.0,0.0
PAIR-1903,SYN-0012,SYN-0116,1,0.9412,1,Slightly Similar,0.5868578441740074,0.8673709551037004,1.0,1.0000000000000013,0.9999999999999989,1.0000000000000002,1.0,0.01622784826089571
PAIR-1916,SYN-0054,SYN-0397,0,0.7,1,Slightly Similar,0.005323400767184612,0.2240115406557599,0.44953507330290887,0.40181488697022155,0.06268000853599372,0.0,0.0,0.0
PAIR-1919,SYN-0024,SYN-0333,0,0.7,1,Slightly Similar,0.005085868650338358,0.20319227063537085,0.45878212927590284,0.4107520072573971,0.06827013080437296,0.0,0.0,0.0
PAIR-1924,SYN-0206,SYN-0269,1,0.8108,1,Slightly Similar,0.18000677730862713,0.597079826196637,0.5540044485679793,0.5406054542206151,1.0000000000000002,1.0,0.0,0.044776474247134976
PAIR-1925,SYN-0528,SYN-0466,0,0.8889,1,Slightly Similar,0.32197539876408543,0.4278575609616225,0.5464391597678737,0.532493257363148,0.09426056986529957,0.05238135855837332,1.0,0.027568465466162876
PAIR-1936,SYN-0102,SYN-0533,0,0.8286,1,Slightly Similar,0.16939866085779365,0.31209225696501536,0.5172838290119737,0.44133104848958266,0.019224050344583375,0.0,1.0,0.0
PAIR-1949,SYN-0232,SYN-0528,1,0.7632,1,Slightly Similar,0.08060891440100848,0.5017840118071063,0.5540044485679793,0.5406054542206151,0.08287688990740738,1.0,0.0,0.025776121337231905
PAIR-1955,SYN-0076,SYN-0517,0,0.7368,1,Slightly Similar,0.00710380316308162,0.22385950554791903,0.4967685557078483,0.44805743423964034,0.02503632546002444,0.0,0.0,0.01882534165361013
PAIR-1968,SYN-0213,SYN-0020,0,0.7,1,Slightly Similar,0.005144941913221659,0.1865853413782353,0.44324791627901516,0.395623891474637,0.0030491727376322384,0.0,0.0,0.019750041312171514
PAIR-1975,SYN-0272,SYN-0376,1,0.9143,1,Slightly Similar,0.6179362921160005,0.9005314837347366,1.0000000000000004,1.0000000000000002,0.9999999999999987,1.0,1.0,0.024952241022213738
PAIR-1991,SYN-0589,SYN-0322,0,0.7568,1,Slightly Similar,0.006820645959560255,0.25219738055458,0.4917217206816971,0.44307669092648966,0.08287688990740738,0.03704387701982834,0.0,0.017750280459335636
PAIR-1996,SYN-0315,SYN-0574,1,0.9429,1,Slightly Similar,0.7319775675056395,0.8314822264213555,1.0000000000000002,1.0000000000000004,0.02655764372180957,1.0,1.0,1.0
PAIR-2006,SYN-0572,SYN-0013,0,0.7179,1,Slightly Similar,0.00655693598578094,0.18981404056695864,0.47809925691500105,0.4296210089114079,0.049443921584745434,0.0,0.0,0.6776969855938058
PAIR-2007,SYN-0253,SYN-0383,1,0.9429,1,Slightly Similar,0.6804849739678133,0.8617859025482165,1.0000000000000002,0.9999999999999981,0.0029950390026826923,1.0,1.0,0.0
PAIR-2010,SYN-0355,SYN-0421,0,0.7179,1,Slightly Similar,0.005708057482883062,0.21570820670748855,0.4293352455022354,0.3824907209273746,0.039181891032583294,0.0,0.0,0.02948221512356881
PAIR-2026,SYN-0108,SYN-0470,1,0.9429,1,Slightly Similar,0.7526707801834365,0.8087665942456287,1.0000000000000002,1.0000000000000004,0.03992883593314474,1.0,1.0,0.29856181174611696
PAIR-2027,SYN-0079,SYN-0131,1,0.9394,1,Slightly Similar,0.5672600658496532,0.7995607555181441,0.9999999999999999,0.9999999999999998,0.0640695419242022,1.0,1.0,0.024952241022213738
PAIR-2035,SYN-0139,SYN-0449,1,0.9429,1,Slightly Similar,0.7147639188368153,0.9507450797044782,0.9999999999999997,1.0000000000000002,0.014864848687586085,1.0,1.0,0.023129804867103716
PAIR-2036,SYN-0332,SYN-0358,1,0.9167,1,Slightly Similar,0.6091097082565661,0.8639491542867481,1.0000000000000004,1.0000000000000002,0.0029950390026826923,1.0000000000000002,1.0,0.022651724911938377
PAIR-2037,SYN-0023,SYN-0144,0,0.7179,1,Slightly Similar,0.0050571826883921145,0.24307975446297236,0.4411426390796242,0.39363155614324646,1.0000000000000002,0.0,0.0,0.024921709251399977
PAIR-2038,SYN-0214,SYN-0207,0,0.7,1,Slightly Similar,0.00609618843394213,0.2943422049878255,0.4969187299197578,0.4481725008104974,0.02390512074852718,0.0,0.0,0.02335359825583299
PAIR-2047,SYN-0023,SYN-0282,1,0.9143,1,Slightly Similar,0.6409218171606614,0.7867039670675285,1.0,1.0000000000000002,0.0030491727376322384,1.0,1.0,0.024921709251399977
PAIR-2049,SYN-0101,SYN-0334,1,0.9412,1,Slightly Similar,0.6229227016576769,0.9681500007273584,1.0,1.0000000000000002,0.0030491727376322384,1.0,1.0,1.0000000000000002
PAIR-2060,SYN-0019,SYN-0485,1,0.9143,1,Slightly Similar,0.5501744453522176,0.9392515837732397,0.9999999999999998,1.0000000000000002,0.0531946842739727,1.0000000000000002,1.0,1.0
PAIR-2069,SYN-0301,SYN-0584,0,0.6829,1,Slightly Similar,0.004706005695899368,0.18473616973592819,0.41036704463592794,0.3639727276687344,0.0444595271076699,0.0,0.0,0.024254099660720375
PAIR-2076,SYN-0466,SYN-0158,0,0.7895,1,Slightly Similar,0.16674711008196874,0.3201642062398504,0.4922296280484471,0.44354491679923197,0.0690597706857835,0.0,1.0,0.0179934482769695
PAIR-2077,SYN-0332,SYN-0435,1,0.9167,1,Slightly Similar,0.6123695241872879,0.8030854317666118,1.0000000000000004,1.0000000000000002,0.039181891032583294,1.0000000000000002,1.0,0.022651724911938377
PAIR-2081,SYN-0256,SYN-0232,0,0.7838,1,Slightly Similar,0.07951400155864327,0.44744385692330113,0.48972767096964753,0.44113122566569685,0.0029950390026826923,0.0,0.0,1.0000000000000002
PAIR-2082,SYN-0314,SYN-0414,0,0.7895,1,Slightly Similar,0.15961993188283632,0.313525836809345,0.4922296280484471,0.44354491679923197,0.0444595271076699,0.047310991064681375,1.0,0.023730221444348325
PAIR-2090,SYN-0132,SYN-0532,0,0.7,1,Slightly Similar,0.005571886567314493,0.21031939072689734,0.44953507330290887,0.40181488697022155,0.014864848687586085,0.0,0.0,0.018409388231407465
PAIR-2094,SYN-0041,SYN-0119,1,0.9375,1,Slightly Similar,0.6046570017188543,0.8322098144934645,1.0000000000000022,1.0000000000000002,0.07191136188695764,1.0,1.0,0.0
PAIR-2096,SYN-0486,SYN-0513,0,0.7436,1,Slightly Similar,0.07521217029544754,0.30719447646480397,0.5146680543122369,0.4714855662487583,0.09426056986529957,0.03734041686399041,0.0,0.018555918925305972
PAIR-2107,SYN-0116,SYN-0426,1,0.9143,1,Slightly Similar,0.5804884439038865,0.9553135167890132,1.0,1.0000000000000013,0.019224050344583375,1.0000000000000002,1.0,0.012107139950846694
PAIR-2120,SYN-0337,SYN-0440,1,0.9706,1,Slightly Similar,0.5648388946988633,0.7425867336572357,0.9999999999999998,1.0000000000000002,0.06001087285043441,1.0000000000000002,1.0,0.024254099660720375
PAIR-2127,SYN-0067,SYN-0445,0,0.7,1,Slightly Similar,0.004530769620949037,0.19776114972433445,0.3959582833996004,0.33151044551688696,0.0531946842739727,0.0,0.0,0.023030653080536746
PAIR-2128,SYN-0125,SYN-0565,1,0.9429,1,Slightly Similar,0.6202643367950789,0.803095417651654,1.0000000000000004,1.0000000000000002,0.0690597706857835,1.0000000000000002,1.0,0.029769058671394788
PAIR-2134,SYN-0271,SYN-0545,0,0.7568,1,Slightly Similar,0.006894295734036773,0.21614592603800525,0.48842715524721336,0.43995387084717374,0.03708340816645848,0.0,0.0,0.0
PAIR-2138,SYN-0450,SYN-0185,0,0.7895,1,Slightly Similar,0.1474920955601507,0.30269211951863767,0.47809925691500105,0.45525913780589694,0.014864848687586085,0.04478154128094414,1.0,0.021036589832869997
PAIR-2139,SYN-0314,SYN-0167,0,0.7368,1,Slightly Similar,0.006216236582074092,0.24243953585261177,0.47645757718901105,0.4280107491901335,0.042053812304518705,0.03275334351532755,0.0,0.016524564100924604
PAIR-2148,SYN-0057,SYN-0419,1,0.9474,1,Slightly Similar,0.7748483550355139,0.8239308571834345,0.9999999999999994,1.0,0.03905908140646072,1.0,1.0,0.02701923548805889
PAIR-2150,SYN-0126,SYN-0203,1,0.9429,1,Slightly Similar,0.757641218907132,0.9701973733598546,1.0000000000000016,1.0,0.015562708906446683,1.0,1.0,0.9999999999999998
PAIR-2154,SYN-0268,SYN-0326,0,0.7368,1,Slightly Similar,0.005814575320581193,0.2845256540117873,0.48583415607583114,0.4122500562778649,0.0029950390026826923,0.0,0.0,0.0336144559401412
PAIR-2161,SYN-0525,SYN-0551,1,0.9412,1,Slightly Similar,0.653082699157389,0.7984055564310021,0.9999999999999984,1.0000000000000004,0.9999999999999999,1.0,1.0,0.030300421251634794
PAIR-2169,SYN-0265,SYN-0203,0,0.8378,1,Slightly Similar,0.20839463789190787,0.3051197930195459,0.5639373393031739,0.5268744741314138,0.02086270648700225,0.0,0.19803432424759018,0.0
PAIR-2170,SYN-0258,SYN-0521,0,0.7179,1,Slightly Similar,0.006830208885841266,0.23107362728544437,0.4990444018903101,0.4503020421345302,0.05903918098534239,0.04478154128094414,0.0,0.026846898342445417
PAIR-2179,SYN-0185,SYN-0314,1,0.9429,1,Slightly Similar,0.5960871106546116,0.8303815597167621,1.0000000000000002,1.0,0.11073703106740922,1.0,1.0,0.02291075697266481
PAIR-2184,SYN-0201,SYN-0279,1,0.9429,1,Slightly Similar,0.6726272281094201,0.833269987270192,1.0000000000000002,0.9999999999999981,0.02390512074852718,1.0,1.0,0.29856181174611696
PAIR-2212,SYN-0217,SYN-0580,1,0.9429,1,Slightly Similar,0.6768158080871794,0.792673876217654,1.0000000000000004,0.9999999999999998,0.039181891032583294,1.0,1.0,0.0
PAIR-2217,SYN-0514,SYN-0322,0,0.7368,1,Slightly Similar,0.005571326641054803,0.212766152968858,0.45553084809805267,0.4075741009852525,0.023892081866768083,0.03071281763612688,0.0,0.017816619571523477
PAIR-2224,SYN-0501,SYN-0422,0,0.75,1,Slightly Similar,0.19267447925814657,0.23666103728986884,0.4202789453930888,0.37346683032938593,1.0000000000000004,0.0,0.0,0.02174242090845897
PAIR-2256,SYN-0203,SYN-0229,1,0.9167,1,Slightly Similar,0.7222619831844278,0.8761050437506083,1.0000000000000016,1.0,0.02086270648700225,1.0,1.0,0.0
PAIR-2261,SYN-0373,SYN-0595,1,0.7436,1,Slightly Similar,0.07372880572734176,0.5032299290451622,0.5540044485679793,0.5406054542206151,0.03708340816645848,1.0,0.0,0.02726076139371382
PAIR-2300,SYN-0126,SYN-0385,1,0.9167,1,Slightly Similar,0.7183522688465067,0.8478453975975997,1.0000000000000016,1.0,0.046501162710801125,1.0,1.0,0.0
PAIR-2303,SYN-0140,SYN-0424,1,0.9429,1,Slightly Similar,0.6672474984294033,0.792673876217654,1.0000000000000004,0.9999999999999998,0.019224050344583375,1.0,1.0,0.0
PAIR-2316,SYN-0114,SYN-0569,1,0.7436,1,Slightly Similar,0.07332992486887654,0.5201605353526924,0.5540044485679793,0.5406054542206151,0.03905908140646072,1.0,0.0,0.0
PAIR-2333,SYN-0317,SYN-0212,0,0.6667,1,Slightly Similar,0.0035055163392589375,0.2066200933829777,0.3511777754767111,0.30854067799870555,1.0000000000000002,0.0,0.0,0.022545235011286795
PAIR-2342,SYN-0374,SYN-0581,1,0.9118,1,Slightly Similar,0.5999261625672583,0.8380726088627329,0.9999999999999999,1.0,0.023892081866768083,1.0,1.0,0.017801078092018294
PAIR-2369,SYN-0376,SYN-0583,1,0.8889,1,Slightly Similar,0.5625668313560493,0.8423593826436191,1.0000000000000004,1.0000000000000002,0.05903918098534239,1.0,1.0,0.6468175759612678
PAIR-2372,SYN-0436,SYN-0080,0,0.7,1,Slightly Similar,0.005546530775826681,0.20372971964148423,0.4608839482125023,0.4128097282723312,0.014864848687586085,0.0,0.0,0.0
PAIR-2385,SYN-0437,SYN-0414,0,0.8108,1,Slightly Similar,0.16070118502252215,0.3334688162463495,0.48304012310994227,0.43451171542095623,0.060635219401191216,0.0,1.0,0.023666036849184644
PAIR-2391,SYN-0273,SYN-0402,1,0.9429,1,Slightly Similar,0.7622229115792517,0.7939893988155198,1.0000000000000007,0.9999999999999993,0.039181891032583294,1.0,1.0,0.0
PAIR-2393,SYN-0132,SYN-0151,0,0.7895,1,Slightly Similar,0.16102267390283032,0.3739417429751303,0.47809925691500105,0.4296210089114079,0.040157584397110896,0.0,1.0,0.017742892563273268
PAIR-2399,SYN-0414,SYN-0588,0,0.7,1,Slightly Similar,0.005793894513332222,0.2748815294933578,0.43425882172469293,0.38730481044073506,0.060635219401191216,0.05350850773039705,0.0,0.024159678645707627
PAIR-2401,SYN-0580,SYN-0494,0,0.8378,1,Slightly Similar,0.23099985552630437,0.36417222294875556,0.47809925691500105,0.45525913780589694,0.09426056986529957,0.0,1.0,0.0
PAIR-2409,SYN-0164,SYN-0552,1,0.9706,1,Slightly Similar,0.7756416356189945,0.7900274310472909,1.0000000000000007,0.9999999999999993,0.0690597706857835,1.0,1.0,0.021932350754337474
PAIR-2411,SYN-0158,SYN-0287,1,0.9429,1,Slightly Similar,0.6831768972110467,0.8180750606160039,1.0000000000000002,1.0,0.015562708906446683,1.0,1.0,0.0
PAIR-2425,SYN-0073,SYN-0177,1,0.9429,1,Slightly Similar,0.6287078653209173,0.7964370341536975,1.0000000000000004,1.0000000000000002,0.0640695419242022,1.0000000000000002,1.0,0.02701923548805889
PAIR-2433,SYN-0322,SYN-0121,0,0.7778,1,Slightly Similar,0.007403155452470567,0.24814016024520588,0.5266848702051553,0.47813044119292764,0.06268000853599372,0.0,0.0,0.027882694783023843
PAIR-2447,SYN-0506,SYN-0075,0,0.7179,1,Slightly Similar,0.005359464754994379,0.19035822045081016,0.4411426390796242,0.39363155614324646,0.049443921584745434,0.0,0.0,0.0
PAIR-2448,SYN-0273,SYN-0506,1,0.9429,1,Slightly Similar,0.7524750603539663,0.9586698037360676,1.0000000000000007,0.9999999999999993,0.03179744592877114,1.0,1.0,1.0
PAIR-2459,SYN-0166,SYN-0232,1,0.7632,1,Slightly Similar,0.08183552999751692,0.5356429798411723,0.5540044485679793,0.5406054542206151,0.11073703106740922,1.0,0.0,0.016889367235519023
PAIR-2460,SYN-0006,SYN-0417,0,0.7,1,Slightly Similar,0.005177822163774773,0.18763430398725758,0.4608839482125023,0.4128097282723312,0.0690597706857835,0.0,0.0,0.017098920428964694
PAIR-2461,SYN-0133,SYN-0553,0,0.725,1,Slightly Similar,0.05717684402129325,0.22557253903402585,0.49750404499329737,0.4538338990289116,0.019224050344583375,0.0,0.0,0.03497808560968547
PAIR-2463,SYN-0013,SYN-0266,0,0.7368,1,Slightly Similar,0.006727165258941753,0.21120109367769016,0.482653749356181,0.4341033222836122,0.015562708906446683,0.0,0.0,0.02612361736736085
PAIR-2471,SYN-0073,SYN-0565,1,0.9429,1,Slightly Similar,0.6668143996050127,0.7566992905305903,1.0000000000000004,1.0000000000000002,0.019224050344583375,1.0000000000000002,1.0,0.036177268971577074
PAIR-2498,SYN-0234,SYN-0286,1,0.9394,1,Slightly Similar,0.6427539331688268,0.7652333893169175,0.9999999999999999,0.9999999999999998,0.0029950390026826923,1.0,1.0,0.027882694783023843
PAIR-2503,SYN-0052,SYN-0311,1,0.9167,1,Slightly Similar,0.587577786215629,0.7943346099771023,0.9999999999999998,1.0000000000000002,0.11073703106740922,1.0000000000000002,1.0,0.0
PAIR-2529,SYN-0328,SYN-0544,0,0.7368,1,Slightly Similar,0.00759548242673886,0.2767616908968498,0.5441195820399004,0.4954836465190938,0.03708340816645848,0.0,0.0,0.0
PAIR-2530,SYN-0242,SYN-0398,1,0.9167,1,Slightly Similar,0.662298541276595,1.0000000000000002,0.9999999999999997,1.0000000000000002,1.0000000000000002,1.0,1.0,0.19426651324061864
PAIR-2549,SYN-0204,SYN-0266,0,0.7632,1,Slightly Similar,0.08374177744325774,0.34846034982822766,0.5443771385223728,0.5021262644770622,0.02086270648700225,0.0,0.0,0.0172746495869581
PAIR-2580,SYN-0041,SYN-0274,1,0.9375,1,Slightly Similar,0.6171671233795399,0.9617436925313444,1.0000000000000022,1.0000000000000002,0.015562708906446683,1.0,1.0,0.0
PAIR-2585,SYN-0240,SYN-0344,1,0.9143,1,Slightly Similar,0.5924882139744349,0.853351063418478,0.9999999999999984,1.0000000000000004,0.02086270648700225,1.0,1.0,0.023129804867103716
PAIR-2591,SYN-0280,SYN-0205,0,0.7179,1,Slightly Similar,0.006389537324504091,0.2564315494887283,0.475918929143433,0.42747948917980316,1.0000000000000002,0.0,0.0,0.02196894710015036
PAIR-2615,SYN-0003,SYN-0340,1,0.9706,1,Slightly Similar,0.49007296264315775,0.8468687074409351,1.0000000000000002,1.0,0.046501162710801125,1.0,1.0,0.020940357966519402
PAIR-2622,SYN-0301,SYN-0381,0,0.7,1,Slightly Similar,0.00472549631704462,0.2517539608979281,0.3882288647949541,0.34289103082054395,0.02390512074852718,0.046291527794522724,0.0,0.019750041312171514
PAIR-2630,SYN-0448,SYN-0500,1,0.9706,1,Slightly Similar,0.7709196298977681,0.8962441261293774,1.0000000000000007,0.9999999999999993,1.0000000000000004,1.0,1.0,0.01882676083188386
PAIR-2638,SYN-0335,SYN-0394,0,0.6829,1,Slightly Similar,0.004025340637264901,0.24068365448165274,0.3656355201368392,0.3223964845064849,0.02390512074852718,0.0,0.0,0.0
PAIR-2658,SYN-0419,SYN-0461,0,0.6364,1,Slightly Similar,0.004433345506469629,0.2281568012091816,0.36429525079286457,0.3211057014736018,0.060635219401191216,0.0,0.0,0.027767313317979162
PAIR-2661,SYN-0233,SYN-0469,0,0.7895,1,Slightly Similar,0.16500583826565274,0.3418608836911391,0.4922296280484471,0.44354491679923197,0.03708340816645848,0.047310991064681375,1.0,0.6584309197916636
PAIR-2721,SYN-0099,SYN-0490,0,0.7179,1,Slightly Similar,0.005967186129433162,0.2229749055781092,0.475918929143433,0.42747948917980316,0.028472967256605038,0.0,0.0,0.0229641672356165
PAIR-2733,SYN-0339,SYN-0391,1,1.0,1,Slightly Similar,1.0000000000000002,0.8229313063943493,1.0000000000000002,1.0,0.0029950390026826923,1.0,1.0,0.0179934482769695
PAIR-2735,SYN-0369,SYN-0418,0,0.6829,1,Slightly Similar,0.004256419485232101,0.17990757632895393,0.40050950654817447,0.3546861623944933,0.03708340816645848,0.0,0.0,0.0
PAIR-2742,SYN-0025,SYN-0088,1,0.7632,1,Slightly Similar,0.07431492319610636,0.5207543287532382,0.5540044485679793,0.5406054542206151,1.0000000000000002,1.0,0.0,0.02343978103979647
PAIR-2753,SYN-0046,SYN-0283,0,0.7179,1,Slightly Similar,0.005746923461960247,0.22645751629950156,0.4614961245717988,0.4133903919104413,0.013112892679882186,0.0,0.0,0.4574852573905224
PAIR-2767,SYN-0144,SYN-0561,0,0.7179,1,Slightly Similar,0.005296083801283584,0.23111732794836143,0.4969242448237574,0.4488670659521536,0.028472967256605038,0.0,0.0,0.03047855538189337
PAIR-2779,SYN-0130,SYN-0182,1,0.9429,1,Slightly Similar,0.637989250726198,0.8069248883929698,0.9999999999999998,1.0000000000000002,0.0640695419242022,1.0000000000000002,1.0,0.028457286229059416
PAIR-2781,SYN-0103,SYN-0483,0,0.7568,1,Slightly Similar,0.008104426764780032,0.27092501438913036,0.5516527569713473,0.5030320254415293,0.03905908140646072,0.0,0.0,0.017826699135499675
PAIR-2782,SYN-0016,SYN-0068,1,0.9429,1,Slightly Similar,0.6811672603585858,0.8087507137372316,1.0,0.9999999999999998,1.0,1.0000000000000002,1.0,0.0
PAIR-2796,SYN-0526,SYN-0090,0,0.7179,1,Slightly Similar,0.00534790826432851,0.2098488148408749,0.43335907309126054,0.38607940355818227,0.0690597706857835,0.03030094937905793,0.0,0.0
PAIR-2803,SYN-0124,SYN-0501,0,0.725,1,Slightly Similar,0.08471883555372497,0.24872016924351553,0.43343821638858493,0.38615051651828275,0.028472967256605038,0.0,1.0,0.02174242090845897
PAIR-2809,SYN-0276,SYN-0589,0,0.7368,1,Slightly Similar,0.00698579136232108,0.27490351657730455,0.5499456710897258,0.5013187710201709,0.039181891032583294,0.0,0.0,0.023030653080536746
PAIR-2813,SYN-0192,SYN-0543,1,0.7632,1,Slightly Similar,0.07185146864969255,0.5297504257695894,0.5540044485679793,0.5406054542206151,0.019224050344583375,1.0,0.0,0.0
PAIR-2829,SYN-0439,SYN-0517,1,1.0,1,Slightly Similar,1.0000000000000002,0.8602594765942518,1.000000000000002,0.9999999999999998,0.9999999999999999,1.0,1.0,0.037623238027342444
PAIR-2841,SYN-0424,SYN-0595,1,0.7436,1,Slightly Similar,0.0715881635347291,0.5993107992039716,0.5540044485679793,0.5406054542206151,1.0000000000000004,1.0,0.0,0.0
PAIR-2846,SYN-0364,SYN-0460,0,0.7838,1,Slightly Similar,0.07174786043702325,0.26853602871295124,0.540513334234945,0.49713850026419715,0.039181891032583294,0.0,0.0,0.019871130360628916
PAIR-2851,SYN-0123,SYN-0073,0,0.7632,1,Slightly Similar,0.07988425110726663,0.3461756775730841,0.5522900853919535,0.5092840117409115,0.9999999999999989,0.05350850773039705,0.0,0.02764828167290212
PAIR-2858,SYN-0359,SYN-0073,0,0.7,1,Slightly Similar,0.005414384630406954,0.2516035528177403,0.45710042279617624,0.40910747405939385,0.013112892679882186,0.04436352704187294,0.0,0.028810367260630323
PAIR-2866,SYN-0131,SYN-0208,1,0.9688,1,Slightly Similar,0.4880538968295817,0.9584939913633804,0.9999999999999999,0.9999999999999998,0.046501162710801125,1.0,1.0,0.017778345643772873
PAIR-2868,SYN-0389,SYN-0440,1,0.9429,1,Slightly Similar,0.6838055399505694,0.7942747320581569,0.9999999999999998,1.0000000000000002,0.0444595271076699,1.0000000000000002,1.0,0.6776969855938058
PAIR-2871,SYN-0260,SYN-0011,0,0.8056,1,Slightly Similar,0.21559191722121207,0.400315530128211,0.55549160753947,0.5121550585711435,0.042053812304518705,0.0,1.0,0.020068023254021204
PAIR-2874,SYN-0040,SYN-0429,0,0.7568,1,Slightly Similar,0.005699892698897743,0.203259725903004,0.4845956877720073,0.41111442341312393,0.0531946842739727,0.0,0.0,0.16997474670636611
PAIR-2885,SYN-0154,SYN-0594,1,0.9143,1,Slightly Similar,0.6144529188719017,0.8026452143985738,0.9999999999999998,1.0000000000000002,0.049443921584745434,1.0,1.0,0.013055939814219647
PAIR-2911,SYN-0149,SYN-0506,0,0.7179,1,Slightly Similar,0.005980331100602114,0.207130978332711,0.4639367077660931,0.41595873659864513,0.03905908140646072,0.0,0.0,0.2402480154669482
PAIR-2921,SYN-0465,SYN-0389,0,0.7632,1,Slightly Similar,0.07946402201738755,0.31289839339226716,0.5703782210736287,0.5275866613013984,0.0444595271076699,0.05238135855837332,0.0,0.03047855538189337
PAIR-2930,SYN-0215,SYN-0345,1,1.0,1,Slightly Similar,1.0,0.8738911523095783,1.0000000000000007,0.9999999999999993,1.0000000000000002,1.0,1.0,0.0
PAIR-2948,SYN-0122,SYN-0295,0,0.725,1,Slightly Similar,0.0580711495513625,0.4240075198968958,0.42179261089689,0.39753370491029105,0.06268000853599372,0.05064771195628793,0.0,1.0000000000000002
PAIR-2956,SYN-0132,SYN-0209,1,0.9167,1,Slightly Similar,0.6360955163539027,0.9630676070464255,1.0000000000000002,1.0,0.013112892679882186,1.0,1.0,1.0
PAIR-2962,SYN-0181,SYN-0502,1,0.7632,1,Slightly Similar,0.0786350498753691,0.49672907590062865,0.5540044485679793,0.5406054542206151,0.0690597706857835,1.0,0.0,0.02665464178516917
PAIR-2965,SYN-0133,SYN-0521,1,0.9429,1,Slightly Similar,0.6511783655503594,0.7489452497507536,1.0000000000000002,1.0,0.02503632546002444,1.0,1.0,0.026846898342445417
PAIR-2981,SYN-0485,SYN-0559,0,0.7568,1,Slightly Similar,0.0062415962482053455,0.3550070991346281,0.5363016666926423,0.45915459860470625,1.0000000000000013,0.0,0.0,0.017801078092018294
PAIR-2990,SYN-0580,SYN-0448,0,0.7632,1,Slightly Similar,0.11664715119800724,0.3728543006381877,0.44584471397933656,0.42197495388026734,0.09426056986529957,0.0419916614064972,0.0,0.0
PAIR-2995,SYN-0253,SYN-0279,1,1.0,1,Slightly Similar,1.0000000000000002,0.8341539105854175,1.0000000000000002,0.9999999999999981,0.0029950390026826923,1.0,1.0,0.023496559142264457
PAIR-2999,SYN-0043,SYN-0328,1,0.9394,1,Slightly Similar,0.5167372264736902,0.7400056219141511,1.0,1.0,0.046501162710801125,1.0,1.0,0.02625863999715187
PAIR-0013,SYN-0299,SYN-0428,1,0.9429,2,Moderately Similar,0.7552846776970253,0.8563280936855465,1.0000000000000007,0.9999999999999993,0.06001087285043441,1.0,1.0,0.018877505521054258
PAIR-0015,SYN-0212,SYN-0549,1,0.9474,2,Moderately Similar,0.8226545510513199,0.8705526090473692,0.9999999999999994,1.0,0.0444595271076699,1.0,1.0,0.025609473794955734
PAIR-0016,SYN-0353,SYN-0560,1,0.9429,2,Moderately Similar,0.7313442089032324,0.8279576189594291,1.0,0.9999999999999998,0.023892081866768083,1.0000000000000002,1.0,0.02665464178516917
PAIR-0017,SYN-0234,SYN-0415,1,0.9394,2,Moderately Similar,0.6747219766804475,0.7105288435069301,0.9999999999999999,0.9999999999999998,0.06001087285043441,1.0,1.0,0.3054195385514388
PAIR-0021,SYN-0239,SYN-0395,1,0.9706,2,Moderately Similar,0.6719776109522517,1.0,1.0000000000000016,1.0,0.0029950390026826923,1.0,1.0,0.5738460809602193
PAIR-0022,SYN-0347,SYN-0543,1,0.7632,2,Moderately Similar,0.07953203074548632,0.5318752265287042,0.5540044485679793,0.5406054542206151,0.06001087285043441,1.0,0.0,0.26127533205450887
PAIR-0030,SYN-0081,SYN-0392,1,0.9429,2,Moderately Similar,0.6283655092805358,0.8533823794219797,1.0000000000000002,1.0,0.06827013080437296,1.0,1.0,0.017724769246968242
PAIR-0034,SYN-0216,SYN-0294,1,0.9706,2,Moderately Similar,0.5916467527801709,0.8015374310925375,0.9999999999999997,1.0000000000000002,1.0000000000000002,1.0,1.0,0.026846898342445417
PAIR-0047,SYN-0471,SYN-0523,1,0.9231,2,Moderately Similar,0.7897892671807772,0.8973391384704736,0.9999999999999994,1.0,0.08578634339055208,1.0,1.0,0.022233220731288215
PAIR-0057,SYN-0164,SYN-0267,1,0.9706,2,Moderately Similar,0.6426059160044394,0.8216209306241072,1.0000000000000007,0.9999999999999993,0.046501162710801125,1.0,1.0,0.013476869677009763
PAIR-0073,SYN-0297,SYN-0582,1,0.9143,2,Moderately Similar,0.6230258499661577,0.7776878658166875,1.0,1.0000000000000013,0.023892081866768083,1.0000000000000002,1.0,0.018555918925305972
PAIR-0076,SYN-0036,SYN-0543,1,0.7632,2,Moderately Similar,0.07922847988934588,0.5297504257695894,0.5540044485679793,0.5406054542206151,0.028472967256605038,1.0,0.0,0.29655670359380454
PAIR-0077,SYN-0036,SYN-0051,1,0.7632,2,Moderately Similar,0.07451596838561265,0.6114829984609228,0.5540044485679793,0.5406054542206151,0.040157584397110896,1.0,0.0,0.02239644700210254
PAIR-0078,SYN-0230,SYN-0256,1,0.9143,2,Moderately Similar,0.6427120285779323,0.867125695168025,1.0,1.0000000000000002,0.02086270648700225,1.0,1.0,0.016524564100924604
PAIR-0090,SYN-0447,SYN-0525,1,0.9143,2,Moderately Similar,0.5903869501771364,0.8452275572526431,0.9999999999999984,1.0000000000000004,0.060635219401191216,1.0,1.0,0.0246490832637288
PAIR-0093,SYN-0403,SYN-0533,1,0.9375,2,Moderately Similar,0.6369414500481789,0.8661913565250338,1.0000000000000022,1.0000000000000002,1.0000000000000004,1.0,1.0,0.0
PAIR-0110,SYN-0120,SYN-0430,1,0.9429,2,Moderately Similar,0.7297832638619896,0.9461256911661182,1.0,0.9999999999999998,0.049443921584745434,1.0000000000000002,1.0,0.02665464178516917
PAIR-0111,SYN-0339,SYN-0416,1,0.9167,2,Moderately Similar,0.6378646613392895,0.9447080128301439,1.0000000000000002,1.0,0.023892081866768083,1.0,1.0,0.01806377038989184
PAIR-0115,SYN-0089,SYN-0400,1,0.9688,2,Moderately Similar,0.5537512101461809,0.8285312311531418,0.9999999999999999,1.0,0.0030491727376322384,1.0,1.0,0.0165483478612762
PAIR-0124,SYN-0041,SYN-0145,1,0.9375,2,Moderately Similar,0.5579689587022526,0.7821860790718085,1.0000000000000022,1.0000000000000002,1.0,1.0,1.0,0.0
PAIR-0128,SYN-0224,SYN-0380,1,1.0,2,Moderately Similar,1.0,1.0000000000000002,1.0,1.0,0.02086270648700225,1.0,1.0,0.023030653080536746
PAIR-0143,SYN-0054,SYN-0313,1,0.9429,2,Moderately Similar,0.6535953131808555,0.812675124660017,1.0000000000000002,1.0,0.046501162710801125,1.0,1.0,0.0
PAIR-0154,SYN-0153,SYN-0256,1,0.9412,2,Moderately Similar,0.627168801525663,0.8350104744633285,1.0,1.0000000000000002,0.0030491727376322384,1.0,1.0,0.027485872840346967
PAIR-0165,SYN-0267,SYN-0345,1,0.9706,2,Moderately Similar,0.6503341460146461,0.8485485636038433,1.0000000000000007,0.9999999999999993,0.02390512074852718,1.0,1.0,0.0
PAIR-0167,SYN-0410,SYN-0514,1,1.0,2,Moderately Similar,1.0,0.8724171572261912,1.0000000000000016,1.0,0.060635219401191216,1.0,1.0,0.014806993809533459
PAIR-0183,SYN-0106,SYN-0391,1,0.9167,2,Moderately Similar,0.622453718303742,0.7890763961853127,1.0000000000000002,1.0,0.015562708906446683,1.0,1.0,0.0179934482769695
PAIR-0192,SYN-0242,SYN-0579,1,0.9429,2,Moderately Similar,0.6838712435775037,0.8147683042159285,0.9999999999999997,1.0000000000000002,0.08287688990740738,1.0,1.0,0.02291075697266481
PAIR-0194,SYN-0173,SYN-0431,1,0.9394,2,Moderately Similar,0.5157074384748306,0.6809991563503932,1.0,1.0,0.049443921584745434,1.0,1.0,0.0
PAIR-0202,SYN-0004,SYN-0056,1,0.9429,2,Moderately Similar,0.7021933424789394,0.8123547866987972,1.0000000000000002,1.0000000000000004,0.0640695419242022,1.0,1.0,0.0
PAIR-0223,SYN-0330,SYN-0537,1,0.9412,2,Moderately Similar,0.6080020970145187,0.714914431593323,0.9999999999999998,1.0000000000000002,0.0444595271076699,1.0000000000000002,1.0,0.025776121337231905
PAIR-0230,SYN-0207,SYN-0544,1,0.9167,2,Moderately Similar,0.632371640874698,0.7978075779694958,0.9999999999999998,1.0000000000000002,0.03708340816645848,1.0000000000000002,1.0,0.0
PAIR-0231,SYN-0243,SYN-0362,1,0.7632,2,Moderately Similar,0.05753688301025875,0.5783089659752834,0.5540044485679793,0.5406054542206151,0.02086270648700225,1.0,0.0,0.017656306835392432
PAIR-0235,SYN-0057,SYN-0342,1,0.973,2,Moderately Similar,0.8070097919254791,0.8381124132467769,0.9999999999999994,1.0,0.0030491727376322384,1.0,1.0,0.02612361736736085
PAIR-0240,SYN-0144,SYN-0454,1,0.9429,2,Moderately Similar,0.7090490636654809,0.9543962633570012,1.0000000000000007,0.9999999999999993,0.03905908140646072,1.0,1.0,0.02665464178516917
PAIR-0249,SYN-0066,SYN-0170,1,1.0,2,Moderately Similar,0.9999999999999996,0.8848680162064472,1.0000000000000007,0.9999999999999993,0.0640695419242022,1.0,1.0,0.0
PAIR-0250,SYN-0028,SYN-0365,1,0.9429,2,Moderately Similar,0.6750383766585921,0.8084736532141338,1.0000000000000002,1.0,0.06268000853599372,1.0,1.0,0.03047855538189337
PAIR-0251,SYN-0030,SYN-0367,1,0.9167,2,Moderately Similar,0.7028911645690645,0.8362677163836114,1.0000000000000002,1.0000000000000004,0.06268000853599372,1.0,1.0,0.03072138281198905
PAIR-0257,SYN-0043,SYN-0354,1,0.9394,2,Moderately Similar,0.49776094857914555,0.6886656125682952,1.0,1.0,0.06268000853599372,1.0,1.0,0.036177268971577074
PAIR-0258,SYN-0282,SYN-0463,1,0.9143,2,Moderately Similar,0.6427017864765135,0.7744043371611183,1.0,1.0000000000000002,0.06001087285043441,1.0,1.0,0.044776474247134976
PAIR-0273,SYN-0026,SYN-0311,1,0.9167,2,Moderately Similar,0.6211702450849803,0.8010895974461123,0.9999999999999998,1.0000000000000002,0.06268000853599372,1.0000000000000002,1.0,0.0
PAIR-0276,SYN-0345,SYN-0500,1,0.9429,2,Moderately Similar,0.7666133597942939,0.8042814672110804,1.0000000000000007,0.9999999999999993,0.0444595271076699,1.0,1.0,0.0
PAIR-0278,SYN-0033,SYN-0214,1,0.9412,2,Moderately Similar,0.5915136659106355,0.8167263695558513,0.9999999999999984,1.0000000000000004,0.11073703106740922,1.0,1.0,0.02291075697266481
PAIR-0284,SYN-0094,SYN-0456,1,0.9429,2,Moderately Similar,0.6773130690417686,0.7872332232133615,1.0,0.9999999999999998,0.0531946842739727,1.0000000000000002,1.0,0.027568465466162876
PAIR-0287,SYN-0001,SYN-0364,1,0.9394,2,Moderately Similar,0.6561866122339487,0.726822411610695,0.9999999999999999,0.9999999999999998,0.0030491727376322384,1.0,1.0,0.030300421251634794
PAIR-0293,SYN-0093,SYN-0197,1,0.9375,2,Moderately Similar,0.6009554104052097,0.8397214560035122,1.0000000000000022,1.0000000000000002,0.9999999999999989,1.0,1.0,0.0
PAIR-0294,SYN-0015,SYN-0585,1,0.9091,2,Moderately Similar,0.5597850482680539,0.796268418408589,1.0000000000000022,1.0000000000000002,0.049443921584745434,1.0,1.0,0.024952241022213738
PAIR-0296,SYN-0010,SYN-0543,1,0.7632,2,Moderately Similar,0.07922847988934588,0.5130962519756668,0.5540044485679793,0.5406054542206151,0.019224050344583375,1.0,0.0,0.29655670359380454
PAIR-0299,SYN-0410,SYN-0566,1,0.9167,2,Moderately Similar,0.7177441924534408,1.0,1.0000000000000016,1.0,0.09426056986529957,1.0,1.0,0.16997474670636611
PAIR-0300,SYN-0083,SYN-0549,1,0.9474,2,Moderately Similar,0.8264303713902299,0.960742576952737,0.9999999999999994,1.0,0.019224050344583375,1.0,1.0,0.02174242090845897
PAIR-0304,SYN-0024,SYN-0102,1,0.9412,2,Moderately Similar,0.6696659993593483,0.9189698079289522,0.9999999999999998,1.0000000000000002,0.040157584397110896,1.0,1.0,0.02785537773126374
PAIR-0307,SYN-0441,SYN-0467,1,0.9118,2,Moderately Similar,0.580775099508166,0.765549122102289,0.9999999999999999,0.9999999999999998,0.060635219401191216,1.0,1.0,0.024921709251399977
PAIR-0310,SYN-0137,SYN-0292,1,0.9143,2,Moderately Similar,0.5596074332560065,0.8099923783588503,0.9999999999999984,1.0000000000000004,0.042053812304518705,1.0,1.0,0.02023816792343047
PAIR-0314,SYN-0044,SYN-0458,1,0.9167,2,Moderately Similar,0.6752158699672345,0.7658747266006406,1.0000000000000002,1.0000000000000002,0.02503632546002444,1.0000000000000002,1.0,0.0
PAIR-0317,SYN-0078,SYN-0311,1,0.9167,2,Moderately Similar,0.6211702450849803,0.959029856534211,0.9999999999999998,1.0000000000000002,0.11073703106740922,1.0000000000000002,1.0,1.0000000000000002
PAIR-0330,SYN-0299,SYN-0584,1,0.9167,2,Moderately Similar,0.7017906881355356,0.8563280936855465,1.0000000000000007,0.9999999999999993,0.06001087285043441,1.0,1.0,0.018877505521054258
PAIR-0334,SYN-0189,SYN-0214,1,0.9412,2,Moderately Similar,0.5915136659106355,0.8167263695558513,0.9999999999999984,1.0000000000000004,0.06268000853599372,1.0,1.0,0.03810824594105467
PAIR-0340,SYN-0344,SYN-0525,1,0.9412,2,Moderately Similar,0.6493587506041686,0.8125947754999582,0.9999999999999984,1.0000000000000004,0.03179744592877114,1.0,1.0,0.024952241022213738
PAIR-0345,SYN-0024,SYN-0231,1,0.9143,2,Moderately Similar,0.6043645849936972,0.8624131543994509,0.9999999999999998,1.0000000000000002,0.0030491727376322384,1.0,1.0,0.027440039945625008
PAIR-0346,SYN-0466,SYN-0518,1,0.9429,2,Moderately Similar,0.701668659664772,0.8286813277912101,0.9999999999999998,1.0000000000000002,0.060635219401191216,1.0000000000000002,1.0,0.29856181174611696
PAIR-0349,SYN-0460,SYN-0512,1,0.9429,2,Moderately Similar,0.6810942607835294,0.8851454209183471,1.0000000000000002,0.9999999999999981,1.0000000000000013,1.0,1.0,0.018877505521054258
PAIR-0351,SYN-0105,SYN-0312,1,0.9688,2,Moderately Similar,0.48578468634446786,0.8142775429412898,0.9999999999999999,0.9999999999999998,0.11073703106740922,1.0,1.0,0.03857693722241696
PAIR-0353,SYN-0114,SYN-0543,1,0.7632,2,Moderately Similar,0.0791017538084563,0.5318752265287042,0.5540044485679793,0.5406054542206151,0.028472967256605038,1.0,0.0,0.26127533205450887
PAIR-0356,SYN-0334,SYN-0437,1,0.9412,2,Moderately Similar,0.673341233342385,0.8001174507446224,1.0,1.0000000000000002,0.03179744592877114,1.0,1.0,0.017826699135499675
PAIR-0369,SYN-0291,SYN-0472,1,0.9706,2,Moderately Similar,0.7937856595033691,0.8704558735037112,1.0000000000000016,1.0,0.03708340816645848,1.0,1.0,0.0
PAIR-0370,SYN-0098,SYN-0201,1,0.9429,2,Moderately Similar,0.6169629822228735,0.790197524806348,1.0000000000000002,0.9999999999999981,0.046501162710801125,1.0,1.0,0.0
PAIR-0378,SYN-0321,SYN-0476,1,0.9429,2,Moderately Similar,0.6727036870069347,0.7637904388122844,1.0000000000000004,0.9999999999999998,0.039181891032583294,1.0,1.0,0.29856181174611696
PAIR-0379,SYN-0013,SYN-0169,1,0.9412,2,Moderately Similar,0.6129458717547629,1.0000000000000002,1.0000000000000004,1.0000000000000002,0.0640695419242022,1.0,1.0,1.0000000000000002
PAIR-0385,SYN-0100,SYN-0592,1,0.9429,2,Moderately Similar,0.7024790589725209,0.8301909961899206,1.0000000000000016,1.0,0.02503632546002444,1.0,1.0,0.2630418923512479
PAIR-0386,SYN-0441,SYN-0519,1,1.0,2,Moderately Similar,1.0000000000000002,0.8180651590958936,0.9999999999999999,0.9999999999999998,1.0000000000000004,1.0,1.0,0.0
PAIR-0389,SYN-0205,SYN-0438,1,0.9412,2,Moderately Similar,0.6610886719991222,0.9562524540365931,0.9999999999999998,1.0000000000000002,0.08287688990740738,1.0,1.0,1.0000000000000002
PAIR-0395,SYN-0089,SYN-0167,1,0.9394,2,Moderately Similar,0.6930966637851851,0.8603803853122544,0.9999999999999999,1.0,1.0000000000000002,1.0,1.0,0.0165483478612762
PAIR-0397,SYN-0024,SYN-0594,1,0.9143,2,Moderately Similar,0.6054815657066906,0.8242086550977333,0.9999999999999998,1.0000000000000002,0.03905908140646072,1.0,1.0,0.01988627655647779
PAIR-0406,SYN-0155,SYN-0243,1,0.7436,2,Moderately Similar,0.0754627907382433,0.5356429798411712,0.5540044485679793,0.5406054542206151,0.046501162710801125,1.0,0.0,0.02059970172410225
PAIR-0412,SYN-0426,SYN-0478,1,0.9143,2,Moderately Similar,0.615481414315067,0.8673301684040124,1.0,1.0000000000000013,0.060635219401191216,1.0000000000000002,1.0,0.013055939814219647
PAIR-0417,SYN-0045,SYN-0407,1,0.9412,2,Moderately Similar,0.5602424986912,0.7216086483277893,0.9999999999999998,1.0000000000000002,0.02503632546002444,1.0000000000000002,1.0,0.04631158407334182
PAIR-0425,SYN-0454,SYN-0480,1,0.9429,2,Moderately Similar,0.7465967566152312,0.8820896388128048,1.0000000000000007,0.9999999999999993,0.08578634339055208,1.0,1.0,0.027568465466162876
PAIR-0434,SYN-0395,SYN-0446,1,0.9429,2,Moderately Similar,0.6292794310004023,0.8515641756098014,1.0000000000000016,1.0,0.023892081866768083,1.0,1.0,0.08303417564128915
PAIR-0444,SYN-0402,SYN-0558,1,1.0,2,Moderately Similar,1.0,1.0,1.0000000000000007,0.9999999999999993,0.09426056986529957,1.0,1.0,1.0000000000000002
PAIR-0457,SYN-0475,SYN-0579,1,0.9429,2,Moderately Similar,0.7030646340278345,0.8661937437568439,0.9999999999999997,1.0000000000000002,0.09426056986529957,1.0,1.0,0.02291075697266481
PAIR-0458,SYN-0202,SYN-0591,1,0.9429,2,Moderately Similar,0.6859122894655825,0.9410263038351552,1.0000000000000004,1.0000000000000002,0.039181891032583294,1.0000000000000002,1.0,0.0
PAIR-0464,SYN-0092,SYN-0454,1,0.9429,2,Moderately Similar,0.7760226481642941,0.8340347337431754,1.0000000000000007,0.9999999999999993,0.02503632546002444,1.0,1.0,0.023496559142264457
PAIR-0465,SYN-0429,SYN-0481,1,0.9375,2,Moderately Similar,0.6404691890082412,0.8593406510065165,1.0000000000000022,1.0000000000000002,0.09426056986529957,1.0,1.0,0.025609473794955734
PAIR-0470,SYN-0013,SYN-0220,1,0.9143,2,Moderately Similar,0.6137477917809364,0.8157535785716299,1.0000000000000004,1.0000000000000002,0.046501162710801125,1.0,1.0,0.03047855538189337
PAIR-0480,SYN-0065,SYN-0350,1,0.9412,2,Moderately Similar,0.6550112066316559,0.8649345056052604,1.0000000000000004,1.0000000000000002,0.042053812304518705,1.0,1.0,0.0
PAIR-0482,SYN-0033,SYN-0240,1,0.9143,2,Moderately Similar,0.5596074332560065,0.8416260597941838,0.9999999999999984,1.0000000000000004,0.013112892679882186,1.0,1.0,0.017801078092018294
PAIR-0486,SYN-0191,SYN-0320,1,0.9429,2,Moderately Similar,0.7303777267356261,0.8502016193874375,0.9999999999999997,1.0000000000000002,0.11073703106740922,1.0,1.0,0.020940357966519402
PAIR-0495,SYN-0413,SYN-0502,1,0.8108,2,Moderately Similar,0.1693267846981546,0.5779844523320397,0.5540044485679793,0.5406054542206151,0.060635219401191216,1.0,0.0,0.01762579776872631
PAIR-0497,SYN-0153,SYN-0489,1,0.9412,2,Moderately Similar,0.627168801525663,0.815837730940834,1.0,1.0000000000000002,0.028472967256605038,1.0,1.0,0.6468175759612678
PAIR-0513,SYN-0103,SYN-0450,1,0.7632,2,Moderately Similar,0.0826780274350136,0.48725493850018503,0.5540044485679793,0.5406054542206151,0.0531946842739727,1.0,0.0,0.01634489767629536
PAIR-0514,SYN-0166,SYN-0336,1,0.7436,2,Moderately Similar,0.07449564006928858,0.5235780215666014,0.5540044485679793,0.5406054542206151,0.11073703106740922,1.0,0.0,0.0
PAIR-0518,SYN-0311,SYN-0414,1,0.9167,2,Moderately Similar,0.630714082315844,0.7725552246763635,0.9999999999999998,1.0000000000000002,0.0444595271076699,1.0000000000000002,1.0,0.0
PAIR-0525,SYN-0544,SYN-0570,1,0.9429,2,Moderately Similar,0.701668659664772,0.8334089855623368,0.9999999999999998,1.0000000000000002,0.09426056986529957,1.0000000000000002,1.0,0.0
PAIR-0528,SYN-0292,SYN-0370,1,0.9143,2,Moderately Similar,0.6118515109640782,0.8452849998524823,0.9999999999999984,1.0000000000000004,0.0029950390026826923,1.0,1.0,0.02023816792343047
PAIR-0534,SYN-0236,SYN-0366,1,0.9167,2,Moderately Similar,0.6291804702613341,0.8346769406543346,1.0000000000000002,1.0,0.0029950390026826923,1.0,1.0,0.03659426228379095
PAIR-0536,SYN-0135,SYN-0471,1,0.9474,2,Moderately Similar,0.8304539201830428,0.8702757096813362,0.9999999999999994,1.0,0.014864848687586085,1.0,1.0,0.029033107884805714
PAIR-0541,SYN-0045,SYN-0304,1,0.9697,2,Moderately Similar,0.430904543635088,0.7935523449625294,0.9999999999999998,1.0000000000000002,0.013112892679882186,1.0000000000000002,1.0,0.027485872840346967
PAIR-0548,SYN-0365,SYN-0598,1,0.9429,2,Moderately Similar,0.6665284743922244,0.941044515872017,1.0000000000000002,1.0,0.023892081866768083,1.0,1.0,1.0000000000000002
PAIR-0551,SYN-0157,SYN-0493,1,0.9394,2,Moderately Similar,0.6304239619910791,0.7282729120166073,0.9999999999999999,0.9999999999999998,0.03992883593314474,1.0,1.0,0.03411335723846008
PAIR-0555,SYN-0146,SYN-0586,1,0.9429,2,Moderately Similar,0.6870813538843827,0.8107249364782375,1.0,0.9999999999999998,0.049443921584745434,1.0000000000000002,1.0,0.044776474247134976
PAIR-0558,SYN-0115,SYN-0193,1,0.9394,2,Moderately Similar,0.6265423289400216,0.8023434225496054,0.9999999999999999,1.0,1.0000000000000002,1.0,1.0,0.03659426228379095
PAIR-0561,SYN-0045,SYN-0563,1,0.9412,2,Moderately Similar,0.5490394665129336,0.7216086483277893,0.9999999999999998,1.0000000000000002,0.02503632546002444,1.0000000000000002,1.0,0.044776474247134976
PAIR-0576,SYN-0270,SYN-0503,1,0.9688,2,Moderately Similar,0.5462467738318315,0.954173204394716,0.9999999999999999,1.0,0.05903918098534239,1.0,1.0,1.0000000000000002
PAIR-0588,SYN-0409,SYN-0591,1,0.9429,2,Moderately Similar,0.6903182329359554,0.8638947775922579,1.0000000000000004,1.0000000000000002,1.0000000000000013,1.0000000000000002,1.0,0.029769058671394788
PAIR-0592,SYN-0211,SYN-0289,1,0.9429,2,Moderately Similar,0.7346547650495551,0.8181004071784482,1.0000000000000002,1.0000000000000004,1.0000000000000002,1.0,1.0,0.30328049279748737
PAIR-0593,SYN-0470,SYN-0496,1,0.9167,2,Moderately Similar,0.7103137654701073,0.8616865687970553,1.0000000000000002,1.0000000000000004,0.08578634339055208,1.0,1.0,0.0
PAIR-0597,SYN-0134,SYN-0211,1,0.9429,2,Moderately Similar,0.7363237937952775,0.9700706732882964,1.0000000000000002,1.0000000000000004,0.042053812304518705,1.0,1.0,0.03022674924257162
PAIR-0599,SYN-0031,SYN-0394,1,0.973,2,Moderately Similar,0.7425077899622008,0.8555138281926663,0.9999999999999994,1.0,0.042053812304518705,1.0,1.0,0.02284878883365555
PAIR-0605,SYN-0446,SYN-0472,1,0.9167,2,Moderately Similar,0.7367943527791982,0.8909031414417273,1.0000000000000016,1.0,0.060635219401191216,1.0,1.0,0.0
PAIR-0608,SYN-0274,SYN-0507,1,0.9091,2,Moderately Similar,0.59825412015873,0.9389307156049197,1.0000000000000022,1.0000000000000002,0.06001087285043441,1.0,1.0,0.0229437323631189
PAIR-0609,SYN-0441,SYN-0571,1,0.9394,2,Moderately Similar,0.6796104350152203,0.8265247163507334,0.9999999999999999,0.9999999999999998,0.09426056986529957,1.0,1.0,0.016524564100924604
PAIR-0615,SYN-0004,SYN-0289,1,0.9429,2,Moderately Similar,0.7498485203429006,0.7828132585345947,1.0000000000000002,1.0000000000000004,0.06268000853599372,1.0,1.0,0.0
PAIR-0619,SYN-0161,SYN-0419,1,0.9231,2,Moderately Similar,0.8060790853385785,0.8189443878580323,0.9999999999999994,1.0,0.02503632546002444,1.0,1.0,0.0
PAIR-0629,SYN-0133,SYN-0547,1,0.9167,2,Moderately Similar,0.5914108087751354,0.7688923963385689,1.0000000000000002,1.0,0.019224050344583375,1.0,1.0,0.02612361736736085
PAIR-0639,SYN-0269,SYN-0502,1,0.9429,2,Moderately Similar,0.6671352441374149,0.9412888866245664,1.0000000000000004,0.9999999999999998,0.0444595271076699,1.0,1.0,0.02665464178516917
PAIR-0640,SYN-0509,SYN-0535,1,0.9118,2,Moderately Similar,0.4877747830596344,0.8436288230082707,1.0,1.0,0.08578634339055208,1.0,1.0,0.0172746495869581
PAIR-0643,SYN-0095,SYN-0276,1,0.9118,2,Moderately Similar,0.4566959755491601,0.740005621914151,1.0,1.0,0.0030491727376322384,1.0,1.0,0.024952241022213738
PAIR-0654,SYN-0127,SYN-0360,1,0.9412,2,Moderately Similar,0.6824317212615381,0.9706212524228062,1.0,1.0000000000000002,0.04581509736903244,1.0,1.0,1.0
PAIR-0655,SYN-0155,SYN-0528,1,0.7632,2,Moderately Similar,0.08083534675087187,0.5017840118071062,0.5540044485679793,0.5406054542206151,0.03992883593314474,1.0,0.0,0.03152347753447504
PAIR-0661,SYN-0099,SYN-0151,1,0.9429,2,Moderately Similar,0.6287078653209173,0.846398535443444,1.0000000000000004,1.0000000000000002,1.0000000000000002,1.0000000000000002,1.0,0.023129804867103716
PAIR-0666,SYN-0388,SYN-0580,1,0.7632,2,Moderately Similar,0.08026439092066309,0.5321430469698065,0.5540044485679793,0.5406054542206151,0.039181891032583294,1.0,0.0,0.0
PAIR-0668,SYN-0069,SYN-0224,1,0.9394,2,Moderately Similar,0.5599176049696015,0.7962136109169919,1.0,1.0,0.013112892679882186,1.0,1.0,0.03857693722241696
PAIR-0669,SYN-0017,SYN-0535,1,0.9118,2,Moderately Similar,0.45686117813147753,0.7395517452959661,1.0,1.0,0.049443921584745434,1.0,1.0,0.022233220731288215
PAIR-0674,SYN-0422,SYN-0526,1,0.9167,2,Moderately Similar,0.7008389449759928,0.8710103083656383,1.0000000000000007,0.9999999999999993,1.0000000000000004,1.0,1.0,0.03047855538189337
PAIR-0676,SYN-0133,SYN-0443,1,0.9429,2,Moderately Similar,0.6662906208692327,0.9530946601731596,1.0000000000000002,1.0,0.02503632546002444,1.0,1.0,1.0000000000000002
PAIR-0688,SYN-0227,SYN-0434,1,0.9706,2,Moderately Similar,0.5346331505582472,0.8105045635100891,1.0000000000000002,0.9999999999999981,0.05903918098534239,1.0,1.0,0.0
PAIR-0691,SYN-0260,SYN-0519,1,0.9118,2,Moderately Similar,0.6085138738164219,0.7781984633932777,0.9999999999999999,0.9999999999999998,0.0444595271076699,1.0,1.0,0.0
PAIR-0700,SYN-0195,SYN-0324,1,0.9412,2,Moderately Similar,0.6687831332421468,0.8590929860985682,1.0000000000000004,1.0000000000000002,0.06268000853599372,1.0,1.0,0.023030653080536746
PAIR-0704,SYN-0134,SYN-0237,1,0.9429,2,Moderately Similar,0.7492763736820246,0.7875194659159439,1.0000000000000002,1.0000000000000004,0.0030491727376322384,1.0,1.0,0.0336144559401412
PAIR-0706,SYN-0193,SYN-0400,1,0.9688,2,Moderately Similar,0.5512937678912304,0.7867923626355278,0.9999999999999999,1.0,0.0030491727376322384,1.0,1.0,0.02607322696510237
PAIR-0707,SYN-0021,SYN-0280,1,0.9429,2,Moderately Similar,0.6374336675831758,0.8083725621076117,1.0000000000000004,1.0000000000000002,0.06268000853599372,1.0000000000000002,1.0,0.027485872840346967
PAIR-0714,SYN-0540,SYN-0566,1,0.9167,2,Moderately Similar,0.7177441924534408,0.8344236066972079,1.0000000000000016,1.0,1.0000000000000013,1.0,1.0,0.0336144559401412
PAIR-0717,SYN-0043,SYN-0199,1,1.0,2,Moderately Similar,1.0,1.0000000000000002,1.0,1.0,0.07191136188695764,1.0,1.0,0.0
PAIR-0719,SYN-0253,SYN-0357,1,0.9706,2,Moderately Similar,0.5458164119708748,0.8112437457186444,1.0000000000000002,0.9999999999999981,1.0000000000000016,1.0,1.0,0.0268674096194347
PAIR-0722,SYN-0010,SYN-0103,1,0.7632,2,Moderately Similar,0.0820654079396446,0.5599753877206585,0.5540044485679793,0.5406054542206151,0.040157584397110896,1.0,0.0,0.01762579776872631
PAIR-0743,SYN-0435,SYN-0487,1,0.9429,2,Moderately Similar,0.6863414256828896,0.8452089579126567,1.0000000000000004,1.0000000000000002,0.08578634339055208,1.0000000000000002,1.0,0.017875046878487164
PAIR-0744,SYN-0258,SYN-0569,1,0.9143,2,Moderately Similar,0.5474832986553658,0.6963736874079544,1.000000000000002,0.9999999999999998,0.05903918098534239,1.0,1.0,0.03497808560968547
PAIR-0757,SYN-0169,SYN-0324,1,0.9412,2,Moderately Similar,0.6171288994146611,0.8031282442703196,1.0000000000000004,1.0000000000000002,0.11073703106740922,1.0,1.0,0.03497808560968547
PAIR-0764,SYN-0365,SYN-0546,1,0.9429,2,Moderately Similar,0.6769158317393236,0.7886702741902265,1.0000000000000002,1.0,0.023892081866768083,1.0,1.0,0.44926535322823086
PAIR-0772,SYN-0209,SYN-0261,1,0.9167,2,Moderately Similar,0.6280765490426796,0.8431607925941192,1.0000000000000002,1.0,0.02390512074852718,1.0,1.0,0.0
PAIR-0784,SYN-0344,SYN-0396,1,0.9412,2,Moderately Similar,0.6546735130962202,0.853351063418478,0.9999999999999984,1.0000000000000004,1.0000000000000016,1.0,1.0,0.023129804867103716
PAIR-0785,SYN-0327,SYN-0560,1,0.9429,2,Moderately Similar,0.7313442089032324,0.9492013843763277,1.0,0.9999999999999998,0.05903918098534239,1.0000000000000002,1.0,0.01801521310499749
PAIR-0790,SYN-0142,SYN-0426,1,0.9143,2,Moderately Similar,0.5740512138389955,0.7983069059515129,1.0,1.0000000000000013,0.019224050344583375,1.0000000000000002,1.0,0.013440642456099295
PAIR-0797,SYN-0269,SYN-0295,1,0.9167,2,Moderately Similar,0.6329229916289227,0.8503360584960412,1.0000000000000004,0.9999999999999998,1.0000000000000002,1.0,1.0,0.6750587166765522
PAIR-0803,SYN-0062,SYN-0347,1,0.9429,2,Moderately Similar,0.687199653611598,0.8187861326062373,1.0000000000000004,0.9999999999999998,0.04581509736903244,1.0,1.0,0.0
PAIR-0811,SYN-0074,SYN-0229,1,0.9167,2,Moderately Similar,0.6790284864187934,0.8083254820207278,1.0000000000000016,1.0,0.013112892679882186,1.0,1.0,0.30328049279748737
PAIR-0821,SYN-0344,SYN-0447,1,0.9143,2,Moderately Similar,0.5763821215496464,0.8122237458142884,0.9999999999999984,1.0000000000000004,0.06001087285043441,1.0,1.0,0.029769058671394788
PAIR-0822,SYN-0054,SYN-0132,1,0.9429,2,Moderately Similar,0.6699206939324545,0.9013533502902792,1.0000000000000002,1.0,0.0640695419242022,1.0,1.0,0.0
PAIR-0832,SYN-0468,SYN-0572,1,1.0,2,Moderately Similar,1.0,0.822868319979596,1.0000000000000002,1.0,0.9999999999999999,1.0,1.0,0.028457286229059416
PAIR-0838,SYN-0232,SYN-0580,1,0.7632,2,Moderately Similar,0.08244643345061622,0.5321430469698065,0.5540044485679793,0.5406054542206151,0.08287688990740738,1.0,0.0,0.0
PAIR-0849,SYN-0134,SYN-0600,1,0.9429,2,Moderately Similar,0.7336405140480313,0.9522253253382971,1.0000000000000002,1.0000000000000004,0.028472967256605038,1.0,1.0,0.04631158407334182
PAIR-0851,SYN-0319,SYN-0526,1,0.9706,2,Moderately Similar,0.6386938144970915,0.8309577304419468,1.0000000000000007,0.9999999999999993,0.0444595271076699,1.0,1.0,0.044776474247134976
PAIR-0862,SYN-0492,SYN-0544,1,0.9429,2,Moderately Similar,0.6560594014468004,0.8394361211008345,0.9999999999999998,1.0000000000000002,0.060635219401191216,1.0000000000000002,1.0,0.0
PAIR-0864,SYN-0101,SYN-0593,1,0.9412,2,Moderately Similar,0.6200724913852068,0.8001174507446224,1.0,1.0000000000000002,0.03905908140646072,1.0,1.0,0.02322591610196474
PAIR-0869,SYN-0319,SYN-0448,1,1.0,2,Moderately Similar,0.6539872450044716,0.8336703466370557,1.0000000000000007,0.9999999999999993,0.0444595271076699,1.0,1.0,0.03072138281198905
PAIR-0870,SYN-0103,SYN-0491,1,0.9412,2,Moderately Similar,0.6288607377774509,0.6963623350385392,1.000000000000002,0.9999999999999998,0.0531946842739727,1.0,1.0,0.027767313317979162
PAIR-0872,SYN-0070,SYN-0458,1,0.9167,2,Moderately Similar,0.6752158699672345,0.7864770039283365,1.0000000000000002,1.0000000000000002,0.049443921584745434,1.0000000000000002,1.0,0.0
PAIR-0873,SYN-0082,SYN-0211,1,0.9429,2,Moderately Similar,0.6965612221317271,0.8096233104309932,1.0000000000000002,1.0000000000000004,0.06268000853599372,1.0,1.0,0.4574852573905224
PAIR-0878,SYN-0088,SYN-0424,1,0.9429,2,Moderately Similar,0.6051988104608854,0.7917553610947705,1.0000000000000004,0.9999999999999998,0.028472967256605038,1.0,1.0,0.08303417564128915
PAIR-0882,SYN-0303,SYN-0381,1,1.0,2,Moderately Similar,1.0,0.8347856146988473,1.0000000000000002,1.0000000000000002,0.02086270648700225,1.0000000000000002,1.0,0.01514269391177691
PAIR-0899,SYN-0006,SYN-0369,1,0.9167,2,Moderately Similar,0.7424207532550297,0.8662803551968694,1.0000000000000016,1.0,0.046501162710801125,1.0,1.0,0.0
PAIR-0901,SYN-0039,SYN-0324,1,0.9412,2,Moderately Similar,0.6180851738583771,0.8590929860985682,1.0000000000000004,1.0000000000000002,0.06268000853599372,1.0,1.0,0.0293901845279424
PAIR-0905,SYN-0301,SYN-0379,1,0.9167,2,Moderately Similar,0.6817857649718827,0.8145817810523868,1.0,0.9999999999999998,0.02390512074852718,1.0000000000000002,1.0,0.037015988051066345
PAIR-0917,SYN-0079,SYN-0234,1,0.9394,2,Moderately Similar,0.6042969335509467,0.7099319128894229,0.9999999999999999,0.9999999999999998,0.04581509736903244,1.0,1.0,0.036177268971577074
PAIR-0927,SYN-0235,SYN-0442,1,0.9429,2,Moderately Similar,0.6695154492186601,0.7939285719050735,1.0000000000000002,1.0,0.06001087285043441,1.0,1.0,0.02775161313653176
PAIR-0938,SYN-0133,SYN-0417,1,0.9429,2,Moderately Similar,0.6550179080475919,0.7630215906291266,1.0000000000000002,1.0,0.019224050344583375,1.0,1.0,0.024921709251399977
PAIR-0944,SYN-0313,SYN-0546,1,0.9429,2,Moderately Similar,0.6769158317393236,0.9478748526726958,1.0000000000000002,1.0,0.05903918098534239,1.0,1.0,0.021789019706487153
PAIR-0949,SYN-0055,SYN-0159,1,1.0,2,Moderately Similar,1.0000000000000002,0.8642193483249976,1.0000000000000002,1.0,0.040157584397110896,1.0,1.0,0.0
PAIR-0952,SYN-0199,SYN-0354,1,0.9394,2,Moderately Similar,0.49776094857914555,0.6886656125682952,1.0,1.0,0.042053812304518705,1.0,1.0,0.0
PAIR-0955,SYN-0048,SYN-0385,1,0.9167,2,Moderately Similar,0.6790284864187934,0.8451195032110024,1.0000000000000016,1.0,0.06827013080437296,1.0,1.0,0.023496559142264457
PAIR-0971,SYN-0240,SYN-0318,1,0.9143,2,Moderately Similar,0.6118515109640782,0.7826086895943819,0.9999999999999984,1.0000000000000004,0.02086270648700225,1.0,1.0,0.026846898342445417
PAIR-0983,SYN-0086,SYN-0474,1,0.9429,2,Moderately Similar,0.7173318932370619,0.7900261896475592,1.0000000000000007,0.9999999999999993,0.02503632546002444,1.0,1.0,0.021932350754337474
PAIR-0989,SYN-0092,SYN-0325,1,0.9429,2,Moderately Similar,0.7725865889313921,0.9740594591763184,1.0000000000000007,0.9999999999999993,0.11073703106740922,1.0,1.0,1.0000000000000002
PAIR-1004,SYN-0079,SYN-0286,1,0.9394,2,Moderately Similar,0.6005547397866213,0.758612102330679,0.9999999999999999,0.9999999999999998,0.11073703106740922,1.0,1.0,0.02322591610196474
PAIR-1006,SYN-0031,SYN-0109,1,0.973,2,Moderately Similar,0.8147437306708007,0.8449499892710228,0.9999999999999994,1.0,1.0000000000000002,1.0,1.0,0.028087370201234824
PAIR-1008,SYN-0201,SYN-0253,1,0.9429,2,Moderately Similar,0.6726272281094201,0.8112437457186444,1.0000000000000002,0.9999999999999981,0.02086270648700225,1.0,1.0,0.0
PAIR-1014,SYN-0237,SYN-0470,1,0.9429,2,Moderately Similar,0.7578077996284486,0.9528941274232141,1.0000000000000002,1.0000000000000004,0.039181891032583294,1.0,1.0,0.0
PAIR-1022,SYN-0043,SYN-0069,1,0.9394,2,Moderately Similar,0.5147403099817863,0.8437012663918382,1.0,1.0,0.0640695419242022,1.0,1.0,0.03857693722241696
PAIR-1024,SYN-0235,SYN-0313,1,0.9429,2,Moderately Similar,0.6513882658768078,0.7990213696516371,1.0000000000000002,1.0,0.02086270648700225,1.0,1.0,0.037015988051066345
PAIR-1035,SYN-0384,SYN-0565,1,0.9429,2,Moderately Similar,0.6648567954658045,0.7867810066703226,1.0000000000000004,1.0000000000000002,0.03708340816645848,1.0000000000000002,1.0,0.03013518673394657
PAIR-1037,SYN-0076,SYN-0154,1,0.9412,2,Moderately Similar,0.679588366155065,0.8466816260575686,0.9999999999999998,1.0000000000000002,0.0640695419242022,1.0,1.0,0.10895598826170594
PAIR-1038,SYN-0005,SYN-0135,1,1.0,2,Moderately Similar,1.0,0.9103316158654702,0.9999999999999994,1.0,0.9999999999999989,1.0,1.0,0.022651724911938377
PAIR-1039,SYN-0202,SYN-0280,1,0.9429,2,Moderately Similar,0.6756463669688396,0.8379691557864364,1.0000000000000004,1.0000000000000002,0.0029950390026826923,1.0000000000000002,1.0,0.0
PAIR-1046,SYN-0242,SYN-0501,1,0.9167,2,Moderately Similar,0.6547616570744957,0.8151056354967214,0.9999999999999997,1.0000000000000002,0.0444595271076699,1.0,1.0,0.21537551927794102
PAIR-1058,SYN-0091,SYN-0401,1,0.9412,2,Moderately Similar,0.6797740596728742,0.9577377748867338,1.0000000000000004,1.0000000000000002,0.019224050344583375,1.0,1.0,1.0
PAIR-1061,SYN-0214,SYN-0447,1,0.9143,2,Moderately Similar,0.5693942481361097,0.9436883005446788,0.9999999999999984,1.0000000000000004,0.0444595271076699,1.0,1.0,1.0
PAIR-1065,SYN-0430,SYN-0482,1,0.9429,2,Moderately Similar,0.7283621124984339,0.8557473662960068,1.0,0.9999999999999998,0.060635219401191216,1.0000000000000002,1.0,0.02240456882349668
PAIR-1072,SYN-0419,SYN-0549,1,0.9231,2,Moderately Similar,0.7920994733918176,0.8568834016316993,0.9999999999999994,1.0,0.060635219401191216,1.0,1.0,0.03152347753447504
PAIR-1075,SYN-0420,SYN-0524,1,0.9167,2,Moderately Similar,0.7316562852868097,0.8735027669380676,1.0000000000000016,1.0,1.0000000000000004,1.0,1.0,0.028380790097580808
PAIR-1079,SYN-0204,SYN-0411,1,0.8889,2,Moderately Similar,0.5795144811511304,0.8001278509082194,1.0,1.0000000000000002,0.05903918098534239,1.0,1.0,0.02284878883365555
PAIR-1101,SYN-0456,SYN-0534,1,0.9429,2,Moderately Similar,0.7082914225680764,0.8145226347749144,1.0,0.9999999999999998,1.0000000000000013,1.0000000000000002,1.0,0.037015988051066345
PAIR-1107,SYN-0451,SYN-0581,1,0.9118,2,Moderately Similar,0.6134024650015231,0.8883778563004799,0.9999999999999999,1.0,0.9999999999999999,1.0,1.0,0.0172746495869581
PAIR-1115,SYN-0251,SYN-0303,1,0.9706,2,Moderately Similar,0.6119885777618601,0.8862901587214846,1.0000000000000002,1.0000000000000002,1.0000000000000016,1.0000000000000002,1.0,0.0
PAIR-1117,SYN-0231,SYN-0594,1,0.8889,2,Moderately Similar,0.5642245212029661,0.802645214398573,0.9999999999999998,1.0000000000000002,0.03179744592877114,1.0,1.0,0.013440642456099295
PAIR-1119,SYN-0020,SYN-0176,1,0.9429,2,Moderately Similar,0.6814092623739284,1.0000000000000002,1.0000000000000002,0.9999999999999981,0.07191136188695764,1.0,1.0,0.021789019706487153
PAIR-1121,SYN-0084,SYN-0524,1,0.9429,2,Moderately Similar,0.7807917238028921,0.8680216637705901,1.0000000000000016,1.0,0.028472967256605038,1.0,1.0,0.027440039945625008
PAIR-1122,SYN-0315,SYN-0522,1,0.9167,2,Moderately Similar,0.7007250835277979,0.7866467552235896,1.0000000000000002,1.0000000000000004,0.02655764372180957,1.0,1.0,0.013055939814219647
PAIR-1125,SYN-0426,SYN-0556,1,1.0,2,Moderately Similar,1.0000000000000002,0.8702682807973734,1.0,1.0000000000000013,0.060635219401191216,1.0000000000000002,1.0,0.01364408263644671
PAIR-1133,SYN-0491,SYN-0569,1,0.9143,2,Moderately Similar,0.5628216552615725,0.7550861488416151,1.000000000000002,0.9999999999999998,0.08578634339055208,1.0,1.0,0.036177268971577074
PAIR-1138,SYN-0144,SYN-0506,1,0.9429,2,Moderately Similar,0.6999812376016874,0.8332521649025392,1.0000000000000007,0.9999999999999993,0.03905908140646072,1.0,1.0,0.0
PAIR-1144,SYN-0277,SYN-0432,1,0.9429,2,Moderately Similar,0.7545367261895859,0.7712768824553835,1.0000000000000002,1.0000000000000002,0.03179744592877114,1.0000000000000002,1.0,0.037015988051066345
PAIR-1147,SYN-0087,SYN-0423,1,0.9429,2,Moderately Similar,0.6837180433143275,0.8302431973155211,0.9999999999999997,1.0000000000000002,0.02503632546002444,1.0,1.0,0.029769058671394788
PAIR-1154,SYN-0251,SYN-0381,1,0.9706,2,Moderately Similar,0.6119885777618601,0.8621667499694131,1.0000000000000002,1.0000000000000002,0.02086270648700225,1.0000000000000002,1.0,0.08303417564128915
PAIR-1165,SYN-0273,SYN-0428,1,0.9429,2,Moderately Similar,0.7524750603539663,0.8126949817641189,1.0000000000000007,0.9999999999999993,0.06001087285043441,1.0,1.0,0.0
PAIR-1171,SYN-0208,SYN-0597,1,0.9688,2,Moderately Similar,0.525152506280099,0.9337420239432251,0.9999999999999999,0.9999999999999998,0.02655764372180957,1.0,1.0,1.0000000000000002
PAIR-1174,SYN-0163,SYN-0318,1,0.9412,2,Moderately Similar,0.6019816455411432,0.7499329503297528,0.9999999999999984,1.0000000000000004,0.04581509736903244,1.0,1.0,0.03497808560968547
PAIR-1176,SYN-0147,SYN-0276,1,0.9118,2,Moderately Similar,0.4557858417119727,0.7681251573125693,1.0,1.0,0.015562708906446683,1.0,1.0,0.03013518673394657
PAIR-1192,SYN-0182,SYN-0207,1,0.9167,2,Moderately Similar,0.5901758839194413,0.7700046748642673,0.9999999999999998,1.0000000000000002,0.046501162710801125,1.0000000000000002,1.0,0.028380790097580808
PAIR-1202,SYN-0013,SYN-0324,1,0.9412,2,Moderately Similar,0.6657580015406601,0.8031282442703196,1.0000000000000004,1.0000000000000002,0.06268000853599372,1.0,1.0,0.03497808560968547
PAIR-1203,SYN-0276,SYN-0354,1,0.9118,2,Moderately Similar,0.48262598214834806,0.7293749260563285,1.0,1.0,0.0029950390026826923,1.0,1.0,0.036177268971577074
PAIR-1212,SYN-0087,SYN-0527,1,0.9429,2,Moderately Similar,0.6837180433143275,0.7882353891868855,0.9999999999999997,1.0000000000000002,0.019224050344583375,1.0,1.0,0.036177268971577074
PAIR-1214,SYN-0453,SYN-0531,1,0.9412,2,Moderately Similar,0.6703193659189735,0.885647754131124,1.0000000000000004,1.0000000000000002,0.09426056986529957,1.0,1.0,0.0
PAIR-1219,SYN-0210,SYN-0521,1,0.9429,2,Moderately Similar,0.6518029174109445,0.7489452497507536,1.0000000000000002,1.0,0.03179744592877114,1.0,1.0,0.027767313317979162
PAIR-1225,SYN-0189,SYN-0499,1,0.9412,2,Moderately Similar,0.6133218773253197,0.9426956114231625,0.9999999999999984,1.0000000000000004,0.049443921584745434,1.0,1.0,0.02968944511173996
PAIR-1229,SYN-0188,SYN-0446,1,0.9167,2,Moderately Similar,0.7441565616629364,0.8129405147662845,1.0000000000000016,1.0,0.02503632546002444,1.0,1.0,0.013640323743566354
PAIR-1232,SYN-0042,SYN-0430,1,0.9429,2,Moderately Similar,0.7334598894438122,0.855795415475791,1.0,0.9999999999999998,0.049443921584745434,1.0000000000000002,1.0,0.0
PAIR-1243,SYN-0033,SYN-0525,1,0.9412,2,Moderately Similar,0.6133218773253197,0.7958409688719414,0.9999999999999984,1.0000000000000004,0.02503632546002444,1.0,1.0,0.21537551927794102
PAIR-1253,SYN-0029,SYN-0262,1,0.9167,2,Moderately Similar,0.6288246112790177,0.9673310847045103,1.0000000000000002,1.0,0.06268000853599372,1.0,1.0,1.0000000000000002
PAIR-1257,SYN-0078,SYN-0389,1,0.9429,2,Moderately Similar,0.6516691774064907,0.8506998473139354,0.9999999999999998,1.0000000000000002,0.11073703106740922,1.0000000000000002,1.0,0.0
PAIR-1261,SYN-0149,SYN-0226,1,0.9412,2,Moderately Similar,0.6224304001452089,0.9602280209864125,0.9999999999999998,1.0000000000000002,0.0030491727376322384,1.0000000000000002,1.0,0.1665590708393702
PAIR-1268,SYN-0238,SYN-0394,1,0.973,2,Moderately Similar,0.7316045029646704,1.0000000000000007,0.9999999999999994,1.0,1.0000000000000002,1.0,1.0,1.0
PAIR-1275,SYN-0120,SYN-0456,1,0.9429,2,Moderately Similar,0.7194078829053174,0.8107111287759342,1.0,0.9999999999999998,0.03992883593314474,1.0000000000000002,1.0,0.027568465466162876
PAIR-1277,SYN-0338,SYN-0493,1,0.9688,2,Moderately Similar,0.5423982575675229,0.786254609910686,0.9999999999999999,0.9999999999999998,0.02655764372180957,1.0,1.0,0.021950256041213926
PAIR-1282,SYN-0449,SYN-0579,1,0.9429,2,Moderately Similar,0.7030646340278345,0.8441887268617717,0.9999999999999997,1.0000000000000002,1.0000000000000013,1.0,1.0,0.029769058671394788
PAIR-1284,SYN-0107,SYN-0417,1,0.9429,2,Moderately Similar,0.6783252475206043,0.947807387915366,1.0000000000000002,1.0,0.0690597706857835,1.0,1.0,0.017778345643772873
PAIR-1285,SYN-0370,SYN-0499,1,0.9412,2,Moderately Similar,0.6705806518069406,0.7954801905273323,0.9999999999999984,1.0000000000000004,0.03179744592877114,1.0,1.0,0.017875046878487164
PAIR-1290,SYN-0185,SYN-0340,1,0.9706,2,Moderately Similar,0.48385486714838744,0.8240434477173476,1.0000000000000002,1.0,0.013112892679882186,1.0,1.0,0.021210303879264807
PAIR-1296,SYN-0102,SYN-0257,1,0.9697,2,Moderately Similar,0.5426328424535007,0.8885111098785999,0.9999999999999998,1.0000000000000002,0.04581509736903244,1.0,1.0,0.02785537773126374
PAIR-1303,SYN-0103,SYN-0258,1,0.9412,2,Moderately Similar,0.6117226440998188,0.7183673596196504,1.000000000000002,0.9999999999999998,0.06827013080437296,1.0,1.0,0.026846898342445417
PAIR-1307,SYN-0285,SYN-0570,1,0.9429,2,Moderately Similar,0.6910530969695157,0.7181850774701963,0.9999999999999998,1.0000000000000002,0.08287688990740738,1.0000000000000002,1.0,0.010974174947864828
PAIR-1308,SYN-0352,SYN-0403,1,0.9677,2,Moderately Similar,0.5155282670262382,0.7784245796782263,1.0000000000000022,1.0000000000000002,0.03708340816645848,1.0,1.0,0.016035885744959098
PAIR-1312,SYN-0208,SYN-0441,1,0.9688,2,Moderately Similar,0.5236862205674981,0.9337420239432251,0.9999999999999999,0.9999999999999998,0.03708340816645848,1.0,1.0,1.0000000000000002
PAIR-1313,SYN-0183,SYN-0234,1,0.9394,2,Moderately Similar,0.6561866122339487,0.7522614321603875,0.9999999999999999,0.9999999999999998,0.0030491727376322384,1.0,1.0,0.036177268971577074
PAIR-1327,SYN-0125,SYN-0151,1,0.9429,2,Moderately Similar,0.6217016796138037,0.8205538874337903,1.0000000000000004,1.0000000000000002,0.07191136188695764,1.0000000000000002,1.0,0.02284878883365555
PAIR-1340,SYN-0121,SYN-0457,1,0.9394,2,Moderately Similar,0.5646911800012492,0.7073219414865001,1.0,1.0,0.03992883593314474,1.0,1.0,0.03528289438452101
PAIR-1352,SYN-0117,SYN-0143,1,0.9412,2,Moderately Similar,0.5690547538784321,0.8862563244671201,1.0000000000000004,1.0000000000000002,0.040157584397110896,1.0,1.0,0.019611441047045947
PAIR-1354,SYN-0099,SYN-0565,1,0.9429,2,Moderately Similar,0.6272543245554232,0.9372520804592419,1.0000000000000004,1.0000000000000002,0.028472967256605038,1.0000000000000002,1.0,1.0
PAIR-1381,SYN-0183,SYN-0208,1,0.9688,2,Moderately Similar,0.5274979731146253,0.8042756405135485,0.9999999999999999,0.9999999999999998,0.06827013080437296,1.0,1.0,0.021471168273774932
PAIR-1384,SYN-0342,SYN-0368,1,1.0,2,Moderately Similar,1.0000000000000002,0.8743151095337546,0.9999999999999994,1.0,1.0000000000000016,1.0,1.0,0.6584309197916636
PAIR-1387,SYN-0109,SYN-0187,1,0.973,2,Moderately Similar,0.8084315611031228,0.8449499892710228,0.9999999999999994,1.0,0.07191136188695764,1.0,1.0,0.028087370201234824
PAIR-1391,SYN-0252,SYN-0459,1,0.9412,2,Moderately Similar,0.6250550646978272,0.7449904979917288,0.9999999999999998,1.0000000000000002,0.08287688990740738,1.0000000000000002,1.0,0.0
PAIR-1394,SYN-0349,SYN-0530,1,0.9412,2,Moderately Similar,0.670370173395694,0.7776876375279148,1.0,1.0000000000000013,0.023892081866768083,1.0000000000000002,1.0,0.019750041312171514
PAIR-1400,SYN-0335,SYN-0568,1,0.9412,2,Moderately Similar,0.6872624328005488,0.9512193588751593,0.9999999999999998,1.0000000000000002,0.02655764372180957,1.0,1.0,1.0000000000000002
PAIR-1406,SYN-0193,SYN-0348,1,0.9118,2,Moderately Similar,0.6264006862982098,0.772642653227606,0.9999999999999999,1.0,0.06827013080437296,1.0,1.0,0.03659426228379095
PAIR-1409,SYN-0078,SYN-0130,1,0.9429,2,Moderately Similar,0.6714946341136334,0.8606937733529466,0.9999999999999998,1.0000000000000002,0.9999999999999989,1.0000000000000002,1.0,0.0
PAIR-1410,SYN-0570,SYN-0596,1,0.9429,2,Moderately Similar,0.701668659664772,0.801056825908604,0.9999999999999998,1.0000000000000002,0.08578634339055208,1.0000000000000002,1.0,0.013055939814219647
PAIR-1413,SYN-0414,SYN-0544,1,0.9429,2,Moderately Similar,0.6789667830306348,0.8334089855623368,0.9999999999999998,1.0000000000000002,1.0000000000000004,1.0000000000000002,1.0,0.0
PAIR-1422,SYN-0018,SYN-0536,1,0.9429,2,Moderately Similar,0.7622915309231102,0.8350083389234934,1.0000000000000002,1.0000000000000002,0.03992883593314474,1.0000000000000002,1.0,0.01828789487709646
PAIR-1426,SYN-0164,SYN-0578,1,0.9429,2,Moderately Similar,0.7607361855492465,0.7849457700461498,1.0000000000000007,0.9999999999999993,0.03992883593314474,1.0,1.0,0.010974174947864828
PAIR-1456,SYN-0439,SYN-0502,1,0.7632,2,Moderately Similar,0.08040638814264589,0.5969156702625786,0.5540044485679793,0.5406054542206151,0.060635219401191216,1.0,0.0,0.029397104641649064
PAIR-1469,SYN-0248,SYN-0585,1,0.9375,2,Moderately Similar,0.4731769596053735,0.796268418408589,1.0000000000000022,1.0000000000000002,0.05903918098534239,1.0,1.0,0.019069614920195408
PAIR-1470,SYN-0099,SYN-0461,1,0.9429,2,Moderately Similar,0.6471189777515426,0.7867650749759768,1.0000000000000004,1.0000000000000002,0.028472967256605038,1.0000000000000002,1.0,0.023129804867103716
PAIR-1486,SYN-0017,SYN-0069,1,0.9394,2,Moderately Similar,0.5137145015697121,0.8119385107479754,1.0,1.0,0.0640695419242022,1.0,1.0,0.03810824594105467
PAIR-1494,SYN-0108,SYN-0160,1,0.9429,2,Moderately Similar,0.751552067090202,0.8586398516934137,1.0000000000000002,1.0000000000000004,0.0640695419242022,1.0,1.0,0.020010090051812087
PAIR-1496,SYN-0154,SYN-0568,1,0.9412,2,Moderately Similar,0.6778419208829285,0.8475671796500148,0.9999999999999998,1.0000000000000002,0.03992883593314474,1.0,1.0,0.32469294845640106
PAIR-1501,SYN-0149,SYN-0537,1,0.9412,2,Moderately Similar,0.6142672644030633,0.7620003296065196,0.9999999999999998,1.0000000000000002,0.028472967256605038,1.0000000000000002,1.0,0.0
PAIR-1506,SYN-0116,SYN-0582,1,0.9412,2,Moderately Similar,0.629212319783397,0.9553135167890132,1.0,1.0000000000000013,0.02503632546002444,1.0000000000000002,1.0,1.0
PAIR-1512,SYN-0284,SYN-0399,1,0.7436,2,Moderately Similar,0.07478105783009056,0.5922593345750404,0.5540044485679793,0.5406054542206151,0.0029950390026826923,1.0,0.0,0.018067370740517858
PAIR-1513,SYN-0239,SYN-0317,1,0.9706,2,Moderately Similar,0.8022402529900217,0.9314383618599075,1.0000000000000016,1.0,0.0029950390026826923,1.0,1.0,0.018409388231407465
PAIR-1521,SYN-0002,SYN-0520,1,0.9429,2,Moderately Similar,0.5989625386004029,0.7971275590187559,1.0000000000000002,1.0,0.014864848687586085,1.0,1.0,0.0
PAIR-1526,SYN-0270,SYN-0451,1,0.9688,2,Moderately Similar,0.5462467738318315,0.7744984405579496,0.9999999999999999,1.0,0.05903918098534239,1.0,1.0,0.02701923548805889
PAIR-1527,SYN-0458,SYN-0562,1,0.9167,2,Moderately Similar,0.7142585072701558,0.8590381056579153,1.0000000000000002,1.0000000000000002,0.9999999999999999,1.0000000000000002,1.0,0.29856181174611696
PAIR-1531,SYN-0122,SYN-0536,1,0.9429,2,Moderately Similar,0.7217300782916238,0.792029699739985,1.0000000000000002,1.0000000000000002,0.03992883593314474,1.0000000000000002,1.0,0.0179934482769695
PAIR-1548,SYN-0062,SYN-0321,1,0.9429,2,Moderately Similar,0.6666511356986684,0.7661242072777673,1.0000000000000004,0.9999999999999998,0.04581509736903244,1.0,1.0,0.0
PAIR-1550,SYN-0072,SYN-0124,1,1.0,2,Moderately Similar,1.0000000000000002,0.8577634906142372,1.0000000000000002,0.9999999999999981,1.0000000000000002,1.0,1.0,0.03047855538189337
PAIR-1554,SYN-0214,SYN-0396,1,0.9412,2,Moderately Similar,0.6467364597670642,0.8284877383002097,0.9999999999999984,1.0000000000000004,0.0029950390026826923,1.0,1.0,0.02284878883365555
PAIR-1556,SYN-0191,SYN-0372,1,0.9429,2,Moderately Similar,0.7280342880284248,0.8131655192063225,0.9999999999999997,1.0000000000000002,0.04581509736903244,1.0,1.0,0.0
PAIR-1559,SYN-0065,SYN-0298,1,0.9412,2,Moderately Similar,0.6657580015406601,0.9747614104453037,1.0000000000000004,1.0000000000000002,0.06827013080437296,1.0,1.0,0.0
PAIR-1561,SYN-0037,SYN-0425,1,0.9394,2,Moderately Similar,0.6904010113405408,0.7549068373878739,0.9999999999999999,1.0,0.014864848687586085,1.0,1.0,0.0
PAIR-1570,SYN-0100,SYN-0462,1,0.9429,2,Moderately Similar,0.708214184152745,0.787196817933964,1.0000000000000016,1.0,0.019224050344583375,1.0,1.0,0.0
PAIR-1571,SYN-0319,SYN-0500,1,0.9706,2,Moderately Similar,0.6386938144970915,0.8094868112564662,1.0000000000000007,0.9999999999999993,0.0444595271076699,1.0,1.0,0.030263311439488134
PAIR-1573,SYN-0336,SYN-0388,1,0.9143,2,Moderately Similar,0.5482306759672522,0.8057875844017213,1.000000000000002,0.9999999999999998,0.0029950390026826923,1.0,1.0,0.0
PAIR-1576,SYN-0449,SYN-0475,1,1.0,2,Moderately Similar,1.0,0.8878946048358749,0.9999999999999997,1.0000000000000002,0.09426056986529957,1.0,1.0,0.023192535148944763
PAIR-1589,SYN-0155,SYN-0232,1,0.9412,2,Moderately Similar,0.6203568300480334,0.9598145370408023,1.000000000000002,0.9999999999999998,0.06268000853599372,1.0,1.0,0.018709148312136166
PAIR-1590,SYN-0008,SYN-0215,1,0.9429,2,Moderately Similar,0.7281422292119168,0.8461593038061883,1.0000000000000007,0.9999999999999993,0.11073703106740922,1.0,1.0,0.0
PAIR-1604,SYN-0439,SYN-0580,1,0.8108,2,Moderately Similar,0.15903159988225954,0.5993107992039716,0.5540044485679793,0.5406054542206151,0.08578634339055208,1.0,0.0,0.0
PAIR-1614,SYN-0223,SYN-0379,1,0.9429,2,Moderately Similar,0.5513782393602402,0.9999999999999999,1.0,0.9999999999999998,0.02390512074852718,1.0000000000000002,1.0,1.0000000000000002
PAIR-1619,SYN-0506,SYN-0558,1,0.9429,2,Moderately Similar,0.7558216740742928,0.8353352934712869,1.0000000000000007,0.9999999999999993,0.060635219401191216,1.0,1.0,0.0
PAIR-1621,SYN-0161,SYN-0290,1,0.973,2,Moderately Similar,0.7425077899622008,0.8726375869618797,0.9999999999999994,1.0,0.04581509736903244,1.0,1.0,0.0
PAIR-1622,SYN-0213,SYN-0550,1,0.9429,2,Moderately Similar,0.7783887341564101,0.8491982634869684,1.0000000000000016,1.0,0.039181891032583294,1.0,1.0,0.02240456882349668
PAIR-1624,SYN-0437,SYN-0593,1,0.9412,2,Moderately Similar,0.6702603308563414,1.0000000000000004,1.0,1.0000000000000002,0.9999999999999999,1.0,1.0,0.023129804867103716
PAIR-1629,SYN-0131,SYN-0571,1,0.9394,2,Moderately Similar,0.633368815348607,0.759657502410743,0.9999999999999999,0.9999999999999998,0.03992883593314474,1.0,1.0,0.21537551927794102
PAIR-1631,SYN-0389,SYN-0466,1,0.9429,2,Moderately Similar,0.6634205522314246,0.9351735770964583,0.9999999999999998,1.0000000000000002,0.0444595271076699,1.0000000000000002,1.0,0.02665464178516917
PAIR-1633,SYN-0112,SYN-0267,1,0.9706,2,Moderately Similar,0.6066420992148698,0.8208282530118112,1.0000000000000007,0.9999999999999993,0.046501162710801125,1.0,1.0,0.020655225107562996
PAIR-1640,SYN-0215,SYN-0500,1,0.9429,2,Moderately Similar,0.7666133597942939,0.8495190140510881,1.0000000000000007,0.9999999999999993,0.0444595271076699,1.0,1.0,0.0
PAIR-1645,SYN-0280,SYN-0461,1,0.9429,2,Moderately Similar,0.697479658665396,0.763106095316638,1.0000000000000004,1.0000000000000002,0.0444595271076699,1.0000000000000002,1.0,0.016479869092091183
PAIR-1662,SYN-0141,SYN-0322,1,0.9394,2,Moderately Similar,0.69509981925598,0.8347394272713033,0.9999999999999999,1.0,0.06268000853599372,1.0,1.0,0.017346430906045464
PAIR-1663,SYN-0528,SYN-0580,1,0.9429,2,Moderately Similar,0.6804379715882044,0.8536934629380599,1.0000000000000004,0.9999999999999998,1.0000000000000013,1.0,1.0,0.0
PAIR-1664,SYN-0227,SYN-0590,1,0.9706,2,Moderately Similar,0.5492077318083678,0.8105045635100891,1.0000000000000002,0.9999999999999981,0.03708340816645848,1.0,1.0,0.0
PAIR-1668,SYN-0193,SYN-0581,1,0.9118,2,Moderately Similar,0.6190699375527411,0.7549068373878739,0.9999999999999999,1.0,0.03905908140646072,1.0,1.0,0.028087370201234824
PAIR-1674,SYN-0155,SYN-0166,1,0.7632,2,Moderately Similar,0.0820654079396446,0.5728790609256967,0.5540044485679793,0.5406054542206151,0.0640695419242022,1.0,0.0,0.020655225107562996
PAIR-1681,SYN-0121,SYN-0483,1,0.9394,2,Moderately Similar,0.5646911800012492,0.6810204991931045,1.0,1.0,0.049443921584745434,1.0,1.0,0.027882694783023843
PAIR-1684,SYN-0311,SYN-0544,1,0.9167,2,Moderately Similar,0.632371640874698,0.9345976345459734,0.9999999999999998,1.0000000000000002,0.0444595271076699,1.0000000000000002,1.0,0.0
PAIR-1687,SYN-0332,SYN-0591,1,0.9167,2,Moderately Similar,0.6317627874134523,0.8030854317666118,1.0000000000000004,1.0000000000000002,0.039181891032583294,1.0000000000000002,1.0,0.029033107884805714
PAIR-1688,SYN-0366,SYN-0495,1,0.9429,2,Moderately Similar,0.6903895527868453,0.7626989632070439,1.0000000000000002,1.0,0.06001087285043441,1.0,1.0,0.03614965955181639
PAIR-1699,SYN-0030,SYN-0418,1,0.9429,2,Moderately Similar,0.7601094045833806,0.8588460012753223,1.0000000000000002,1.0000000000000004,0.0690597706857835,1.0,1.0,0.02785537773126374
PAIR-1700,SYN-0362,SYN-0543,1,0.9697,2,Moderately Similar,0.45792511261332536,0.7669753027187802,1.000000000000002,0.9999999999999998,0.06001087285043441,1.0,1.0,0.0
PAIR-1710,SYN-0076,SYN-0128,1,0.9412,2,Moderately Similar,0.679588366155065,0.8260842011930281,0.9999999999999998,1.0000000000000002,0.040157584397110896,1.0,1.0,0.013640323743566354
PAIR-1717,SYN-0006,SYN-0498,1,0.9429,2,Moderately Similar,0.785450465358794,0.8522796294685172,1.0000000000000016,1.0,0.0690597706857835,1.0,1.0,0.016958878934339897
PAIR-1720,SYN-0192,SYN-0502,1,0.9429,2,Moderately Similar,0.6027087027696056,0.9412888866245671,1.0000000000000004,0.9999999999999998,0.019224050344583375,1.0,1.0,0.02665464178516917
PAIR-1736,SYN-0215,SYN-0397,1,0.9429,2,Moderately Similar,0.7635943857979004,0.8747350730073341,1.0000000000000007,0.9999999999999993,1.0000000000000002,1.0,1.0,0.0
PAIR-1739,SYN-0430,SYN-0534,1,0.9429,2,Moderately Similar,0.7185064806903324,0.8566674208007383,1.0,0.9999999999999998,0.08578634339055208,1.0000000000000002,1.0,0.035789003310186876
PAIR-1746,SYN-0203,SYN-0385,1,0.9167,2,Moderately Similar,0.7222619831844278,0.8761050437506083,1.0000000000000016,1.0,0.02086270648700225,1.0,1.0,0.0
PAIR-1757,SYN-0261,SYN-0468,1,0.9429,2,Moderately Similar,0.6850769876074717,0.7456477145284758,1.0000000000000002,1.0,0.023892081866768083,1.0,1.0,0.0
PAIR-1758,SYN-0162,SYN-0369,1,0.9167,2,Moderately Similar,0.7017555609131028,0.8662803551968694,1.0000000000000016,1.0,0.06827013080437296,1.0,1.0,0.0
PAIR-1763,SYN-0372,SYN-0398,1,0.9167,2,Moderately Similar,0.6804925839758609,0.8879318321570026,0.9999999999999997,1.0000000000000002,0.0029950390026826923,1.0,1.0,0.0
PAIR-1765,SYN-0035,SYN-0475,1,0.9429,2,Moderately Similar,0.7284556995155633,0.8151077085285541,0.9999999999999997,1.0000000000000002,0.0690597706857835,1.0,1.0,0.020209081047817185
PAIR-1766,SYN-0027,SYN-0053,1,1.0,2,Moderately Similar,1.0000000000000002,0.8467798522768621,0.9999999999999999,0.9999999999999998,0.07191136188695764,1.0,1.0,0.022750841693730886
PAIR-1770,SYN-0491,SYN-0502,1,0.7632,2,Moderately Similar,0.08040638814264589,0.5541577345846752,0.5540044485679793,0.5406054542206151,0.09426056986529957,1.0,0.0,0.027568465466162876
PAIR-1772,SYN-0078,SYN-0337,1,0.9706,2,Moderately Similar,0.538293529915256,0.7953399440299832,0.9999999999999998,1.0000000000000002,0.04581509736903244,1.0000000000000002,1.0,0.0
PAIR-1773,SYN-0068,SYN-0586,1,0.9429,2,Moderately Similar,0.7334598894438122,0.8057866128581618,1.0,0.9999999999999998,0.049443921584745434,1.0000000000000002,1.0,0.01988627655647779
PAIR-1778,SYN-0301,SYN-0404,1,0.9167,2,Moderately Similar,0.6748032638316686,0.7824433909937831,1.0,0.9999999999999998,0.0444595271076699,1.0000000000000002,1.0,0.024188902129880382
PAIR-1780,SYN-0171,SYN-0533,1,0.9375,2,Moderately Similar,0.6030977430974511,0.7791434651792415,1.0000000000000022,1.0000000000000002,0.028472967256605038,1.0,1.0,0.0
PAIR-1787,SYN-0367,SYN-0548,1,0.9167,2,Moderately Similar,0.7039374441062449,0.791382742266487,1.0000000000000002,1.0000000000000004,0.023892081866768083,1.0,1.0,0.029397104641649064
PAIR-1790,SYN-0079,SYN-0571,1,0.9394,2,Moderately Similar,0.6304239619910791,0.7898387580971711,0.9999999999999999,0.9999999999999998,0.014864848687586085,1.0,1.0,0.023192535148944763
PAIR-1794,SYN-0017,SYN-0199,1,0.9394,2,Moderately Similar,0.4700791115919667,0.7832953214378554,1.0,1.0,0.07191136188695764,1.0,1.0,0.0
PAIR-1803,SYN-0042,SYN-0560,1,0.9429,2,Moderately Similar,0.7334598894438122,0.8310034644366573,1.0,0.9999999999999998,0.049443921584745434,1.0000000000000002,1.0,0.32469294845640106
PAIR-1804,SYN-0327,SYN-0586,1,0.9429,2,Moderately Similar,0.7313442089032324,0.8279660086858166,1.0,0.9999999999999998,0.05903918098534239,1.0000000000000002,1.0,0.027440039945625008
PAIR-1805,SYN-0089,SYN-0374,1,0.9394,2,Moderately Similar,0.6716637274239972,0.8347394272713033,0.9999999999999999,1.0,0.042053812304518705,1.0,1.0,0.017875046878487164
PAIR-1815,SYN-0099,SYN-0125,1,0.9429,2,Moderately Similar,0.584818005358199,0.863949154286748,1.0000000000000004,1.0000000000000002,0.07191136188695764,1.0000000000000002,1.0,0.029769058671394788
PAIR-1825,SYN-0321,SYN-0554,1,0.9429,2,Moderately Similar,0.6577108511997071,0.9481862801744045,1.0000000000000004,0.9999999999999998,0.06001087285043441,1.0,1.0,0.0
PAIR-1830,SYN-0458,SYN-0536,1,0.9167,2,Moderately Similar,0.7109264172053562,0.8347331505941373,1.0000000000000002,1.0000000000000002,0.08578634339055208,1.0000000000000002,1.0,0.29856181174611696
PAIR-1840,SYN-0270,SYN-0400,1,1.0,2,Moderately Similar,1.0000000000000004,0.8170370538512286,0.9999999999999999,1.0,0.02086270648700225,1.0,1.0,0.025776121337231905
PAIR-1845,SYN-0217,SYN-0336,1,0.7436,2,Moderately Similar,0.07298842318609641,0.5437660619528226,0.5540044485679793,0.5406054542206151,0.0029950390026826923,1.0,0.0,0.0
PAIR-1849,SYN-0151,SYN-0332,1,0.9167,2,Moderately Similar,0.6137885723023939,0.8090652616878738,1.0000000000000004,1.0000000000000002,0.0030491727376322384,1.0000000000000002,1.0,0.022557989739406925
PAIR-1860,SYN-0080,SYN-0132,1,0.9429,2,Moderately Similar,0.6770607827603075,0.8441425400590818,1.0000000000000002,1.0,0.9999999999999989,1.0,1.0,0.016335655951814552
PAIR-1861,SYN-0311,SYN-0570,1,0.9167,2,Moderately Similar,0.651802585680082,0.7725552246763635,0.9999999999999998,1.0000000000000002,0.08287688990740738,1.0000000000000002,1.0,0.0
PAIR-1866,SYN-0043,SYN-0405,1,0.9394,2,Moderately Similar,0.5167257833051156,0.7138725646183889,1.0,1.0,0.049443921584745434,1.0,1.0,0.021471168273774932
PAIR-1868,SYN-0059,SYN-0137,1,0.9412,2,Moderately Similar,0.5942797481794769,0.8452849998524833,0.9999999999999984,1.0000000000000004,1.0000000000000002,1.0,1.0,0.02023816792343047
PAIR-1871,SYN-0009,SYN-0579,1,0.9429,2,Moderately Similar,0.6859103501742398,0.8147683042159286,0.9999999999999997,1.0000000000000002,0.014864848687586085,1.0,1.0,0.022233220731288215
PAIR-1872,SYN-0130,SYN-0259,1,0.9706,2,Moderately Similar,0.5502965667712957,0.770004674864267,0.9999999999999998,1.0000000000000002,0.013112892679882186,1.0000000000000002,1.0,0.4574852573905224
PAIR-1874,SYN-0092,SYN-0558,1,0.9429,2,Moderately Similar,0.7760226481642941,0.9585932903360531,1.0000000000000007,0.9999999999999993,0.019224050344583375,1.0,1.0,0.017530120156733595
PAIR-1877,SYN-0166,SYN-0450,1,0.9429,2,Moderately Similar,0.6907921096461188,0.7646685939608809,1.0000000000000004,0.9999999999999998,0.014864848687586085,1.0,1.0,0.3044657756145084
PAIR-1886,SYN-0272,SYN-0557,1,0.9412,2,Moderately Similar,0.6813173224060233,0.8426751045647808,1.0000000000000004,1.0000000000000002,0.02655764372180957,1.0,1.0,0.023129804867103716
PAIR-1887,SYN-0097,SYN-0356,1,0.9143,2,Moderately Similar,0.5577433200121303,0.7619084765678968,0.9999999999999998,1.0000000000000002,0.0030491727376322384,1.0000000000000002,1.0,0.03568957878641582
PAIR-1891,SYN-0274,SYN-0429,1,0.9375,2,Moderately Similar,0.648113155498308,0.7710765783817928,1.0000000000000022,1.0000000000000002,0.039181891032583294,1.0,1.0,0.02593961011781908
PAIR-1896,SYN-0144,SYN-0351,1,0.9429,2,Moderately Similar,0.708545298304479,0.8703036518667511,1.0000000000000007,0.9999999999999993,0.06827013080437296,1.0,1.0,0.02665464178516917
PAIR-1901,SYN-0135,SYN-0342,1,0.9474,2,Moderately Similar,0.8395368083407126,0.8502220625287543,0.9999999999999994,1.0,0.04581509736903244,1.0,1.0,0.03411335723846008
PAIR-1906,SYN-0019,SYN-0071,1,0.9412,2,Moderately Similar,0.6084207932052215,0.8075458627352764,0.9999999999999998,1.0000000000000002,0.07191136188695764,1.0000000000000002,1.0,0.016479869092091183
PAIR-1909,SYN-0153,SYN-0282,1,0.9143,2,Moderately Similar,0.585598584978315,0.7926013677862006,1.0,1.0000000000000002,0.0030491727376322384,1.0,1.0,0.044776474247134976
PAIR-1915,SYN-0216,SYN-0242,1,0.9706,2,Moderately Similar,0.5758281435308652,0.8879318321570026,0.9999999999999997,1.0000000000000002,1.0000000000000002,1.0,1.0,0.017801078092018294
PAIR-1918,SYN-0012,SYN-0556,1,0.9143,2,Moderately Similar,0.5740512138389955,0.8672373473903743,1.0,1.0000000000000013,0.02503632546002444,1.0000000000000002,1.0,0.01828789487709646
PAIR-1923,SYN-0357,SYN-0590,1,0.9706,2,Moderately Similar,0.5492077318083678,0.9526154665896185,1.0000000000000002,0.9999999999999981,0.06001087285043441,1.0,1.0,0.0
PAIR-1929,SYN-0001,SYN-0105,1,0.9394,2,Moderately Similar,0.6131055133630976,0.7731431127966764,0.9999999999999999,0.9999999999999998,0.040157584397110896,1.0,1.0,0.04684538945405717
PAIR-1943,SYN-0197,SYN-0352,1,0.9677,2,Moderately Similar,0.48813581581626775,0.7939345610346883,1.0000000000000022,1.0000000000000002,0.013112892679882186,1.0,1.0,0.0
PAIR-1946,SYN-0031,SYN-0187,1,0.9474,2,Moderately Similar,0.8410158827826079,1.0,0.9999999999999994,1.0,0.07191136188695764,1.0,1.0,1.0
PAIR-1948,SYN-0408,SYN-0564,1,0.9167,2,Moderately Similar,0.6251579681541599,1.0000000000000009,1.0000000000000002,0.9999999999999981,0.09426056986529957,1.0,1.0,0.03022674924257162
PAIR-1961,SYN-0476,SYN-0528,1,0.9429,2,Moderately Similar,0.6804379715882044,0.8235408772819057,1.0000000000000004,0.9999999999999998,1.0000000000000013,1.0,1.0,0.027568465466162876
PAIR-1967,SYN-0065,SYN-0453,1,0.9412,2,Moderately Similar,0.6766992123037493,0.8437569789858645,1.0000000000000004,1.0000000000000002,0.0531946842739727,1.0,1.0,0.0
PAIR-1974,SYN-0035,SYN-0087,1,0.9429,2,Moderately Similar,0.6825196679173183,0.8830568931677245,0.9999999999999997,1.0000000000000002,0.0640695419242022,1.0,1.0,0.02625863999715187
PAIR-1976,SYN-0137,SYN-0447,1,0.9143,2,Moderately Similar,0.5443951660259806,0.9436883005446788,0.9999999999999984,1.0000000000000004,0.028472967256605038,1.0,1.0,0.0229437323631189
PAIR-1977,SYN-0211,SYN-0263,1,0.9429,2,Moderately Similar,0.7413492441596846,0.8678264898548307,1.0000000000000002,1.0000000000000004,0.02390512074852718,1.0,1.0,0.0
PAIR-1983,SYN-0109,SYN-0471,1,0.973,2,Moderately Similar,0.7982788112116127,0.8189525989854555,0.9999999999999994,1.0,0.0531946842739727,1.0,1.0,0.03614965955181639
PAIR-1993,SYN-0125,SYN-0280,1,0.9429,2,Moderately Similar,0.6303302434057567,0.8010076883669439,1.0000000000000004,1.0000000000000002,0.06268000853599372,1.0000000000000002,1.0,0.021210303879264807
PAIR-2005,SYN-0009,SYN-0372,1,0.9429,2,Moderately Similar,0.707726506327044,0.8562712797541568,0.9999999999999997,1.0000000000000002,0.04581509736903244,1.0,1.0,0.0
PAIR-2014,SYN-0108,SYN-0315,1,0.9429,2,Moderately Similar,0.742510311571833,0.8506387770089183,1.0000000000000002,1.0000000000000004,0.046501162710801125,1.0,1.0,1.0
PAIR-2021,SYN-0296,SYN-0581,1,0.9118,2,Moderately Similar,0.6030751470578627,0.8163894209590687,0.9999999999999999,1.0,0.023892081866768083,1.0,1.0,0.01767682796916962
PAIR-2032,SYN-0254,SYN-0435,1,0.9706,2,Moderately Similar,0.532561446555561,0.7857218516246859,1.0000000000000004,1.0000000000000002,0.08287688990740738,1.0000000000000002,1.0,0.02973217704967169
PAIR-2040,SYN-0175,SYN-0537,1,0.9412,2,Moderately Similar,0.607301885682777,0.7453742350558064,0.9999999999999998,1.0000000000000002,0.028472967256605038,1.0000000000000002,1.0,0.0
PAIR-2045,SYN-0217,SYN-0347,1,0.9429,2,Moderately Similar,0.6743746990550898,0.8481320416563771,1.0000000000000004,0.9999999999999998,1.0000000000000016,1.0,1.0,0.0
PAIR-2046,SYN-0233,SYN-0337,1,0.9706,2,Moderately Similar,0.5428705150035191,0.8297977553723372,0.9999999999999998,1.0000000000000002,0.02086270648700225,1.0000000000000002,1.0,0.035789003310186876
PAIR-2052,SYN-0269,SYN-0424,1,0.9429,2,Moderately Similar,0.6708770160575506,0.8427987026024162,1.0000000000000004,0.9999999999999998,0.0444595271076699,1.0,1.0,0.0
PAIR-2068,SYN-0076,SYN-0309,1,0.9412,2,Moderately Similar,0.6890331498209983,0.9726466728281821,0.9999999999999998,1.0000000000000002,0.11073703106740922,1.0,1.0,1.0
PAIR-2086,SYN-0019,SYN-0123,1,0.9412,2,Moderately Similar,0.61709159809619,0.8345987075962595,0.9999999999999998,1.0000000000000002,0.040157584397110896,1.0000000000000002,1.0,0.01767682796916962
PAIR-2092,SYN-0243,SYN-0399,1,0.9167,2,Moderately Similar,0.6329229916289227,1.0,1.0000000000000004,0.9999999999999998,0.02390512074852718,1.0,1.0,1.0
PAIR-2093,SYN-0026,SYN-0104,1,0.9429,2,Moderately Similar,0.6240734661245357,0.7814064524777128,0.9999999999999998,1.0000000000000002,0.0640695419242022,1.0000000000000002,1.0,0.013424404331690901
PAIR-2102,SYN-0010,SYN-0347,1,0.9429,2,Moderately Similar,0.6883005915137049,0.8376483673010022,1.0000000000000004,0.9999999999999998,0.04581509736903244,1.0,1.0,0.32469294845640106
PAIR-2103,SYN-0167,SYN-0451,1,0.9394,2,Moderately Similar,0.683703817904648,0.8159212058585884,0.9999999999999999,1.0,0.03905908140646072,1.0,1.0,0.016035885744959098
PAIR-2104,SYN-0489,SYN-0515,1,0.9412,2,Moderately Similar,0.6883256201478081,0.8169033716698092,1.0,1.0000000000000002,0.09426056986529957,1.0,1.0,0.028962210532623975
PAIR-2108,SYN-0175,SYN-0330,1,0.9412,2,Moderately Similar,0.6107976241532771,0.7207554946249664,0.9999999999999998,1.0000000000000002,0.042053812304518705,1.0000000000000002,1.0,0.0
PAIR-2113,SYN-0347,SYN-0439,1,0.7632,2,Moderately Similar,0.08327517623450055,0.5371977971923417,0.5540044485679793,0.5406054542206151,0.03179744592877114,1.0,0.0,0.0
PAIR-2117,SYN-0270,SYN-0529,1,0.9688,2,Moderately Similar,0.5345652974970316,0.7891465472692276,0.9999999999999999,1.0,0.03708340816645848,1.0,1.0,0.02764828167290212
PAIR-2136,SYN-0088,SYN-0155,1,0.7632,2,Moderately Similar,0.07431492319610636,0.555651607783109,0.5540044485679793,0.5406054542206151,0.07191136188695764,1.0,0.0,0.16997474670636611
PAIR-2140,SYN-0314,SYN-0573,1,0.9429,2,Moderately Similar,0.6482962293748882,0.8110619162067854,1.0000000000000002,1.0,0.0444595271076699,1.0,1.0,0.21537551927794102
PAIR-2142,SYN-0101,SYN-0230,1,0.9143,2,Moderately Similar,0.594586954436628,0.8346663785419567,1.0,1.0000000000000002,0.06827013080437296,1.0,1.0,0.017875046878487164
PAIR-2143,SYN-0142,SYN-0478,1,0.9412,2,Moderately Similar,0.6222347743995992,0.8411795646191796,1.0,1.0000000000000013,0.02503632546002444,1.0000000000000002,1.0,0.01801521310499749
PAIR-2153,SYN-0294,SYN-0398,1,0.9167,2,Moderately Similar,0.6804925839758609,0.8224236324486288,0.9999999999999997,1.0000000000000002,1.0000000000000002,1.0,1.0,0.02612361736736085
PAIR-2164,SYN-0180,SYN-0464,1,0.9412,2,Moderately Similar,0.6744011004896137,0.8447654636534293,0.9999999999999998,1.0000000000000002,0.028472967256605038,1.0,1.0,0.01801521310499749
PAIR-2165,SYN-0229,SYN-0436,1,0.9167,2,Moderately Similar,0.7300436488658844,0.8309843215207513,1.0000000000000016,1.0,0.02655764372180957,1.0,1.0,0.0
PAIR-2166,SYN-0441,SYN-0597,1,0.9394,2,Moderately Similar,0.6580019722831081,0.9999999999999996,0.9999999999999999,0.9999999999999998,0.09426056986529957,1.0,1.0,1.0000000000000002
PAIR-2173,SYN-0111,SYN-0447,1,0.9143,2,Moderately Similar,0.581127655440894,0.8122237458142885,0.9999999999999984,1.0000000000000004,0.0690597706857835,1.0,1.0,0.029033107884805714
PAIR-2175,SYN-0361,SYN-0412,1,0.9412,2,Moderately Similar,0.6872624328005488,0.8269482117130572,0.9999999999999998,1.0000000000000002,0.02655764372180957,1.0,1.0,0.0
PAIR-2182,SYN-0164,SYN-0448,1,0.9706,2,Moderately Similar,0.7756416356189945,0.8291093944659473,1.0000000000000007,0.9999999999999993,0.0690597706857835,1.0,1.0,0.01364408263644671
PAIR-2183,SYN-0325,SYN-0584,1,0.9167,2,Moderately Similar,0.6991800654831666,0.8134467909577774,1.0000000000000007,0.9999999999999993,0.0444595271076699,1.0,1.0,0.024254099660720375
PAIR-2186,SYN-0108,SYN-0418,1,0.9429,2,Moderately Similar,0.7526707801834365,0.9472613298521626,1.0000000000000002,1.0000000000000004,0.0690597706857835,1.0,1.0,0.02665464178516917
PAIR-2206,SYN-0078,SYN-0466,1,0.9429,2,Moderately Similar,0.6686927957452796,0.8263514163495193,0.9999999999999998,1.0000000000000002,0.019224050344583375,1.0000000000000002,1.0,0.32469294845640106
PAIR-2211,SYN-0059,SYN-0577,1,0.9412,2,Moderately Similar,0.6444858991693801,0.812603823760572,0.9999999999999984,1.0000000000000004,0.03905908140646072,1.0,1.0,0.02625863999715187
PAIR-2213,SYN-0410,SYN-0462,1,0.9429,2,Moderately Similar,0.76053096846521,0.8299052056133779,1.0000000000000016,1.0,1.0000000000000004,1.0,1.0,0.013640323743566354
PAIR-2214,SYN-0338,SYN-0597,1,0.9688,2,Moderately Similar,0.525152506280099,0.7596542374901203,0.9999999999999999,0.9999999999999998,0.02655764372180957,1.0,1.0,0.016035885744959098
PAIR-2228,SYN-0205,SYN-0309,1,0.9412,2,Moderately Similar,0.6827709297023861,0.8260842011930281,0.9999999999999998,1.0000000000000002,1.0000000000000002,1.0,1.0,0.019750041312171514
PAIR-2232,SYN-0025,SYN-0206,1,0.9412,2,Moderately Similar,0.6117226440998188,0.7418866865257205,1.000000000000002,0.9999999999999998,0.042053812304518705,1.0,1.0,0.04684538945405717
PAIR-2233,SYN-0077,SYN-0528,1,0.7632,2,Moderately Similar,0.07991376600531933,0.5015233748462897,0.5540044485679793,0.5406054542206151,0.0531946842739727,1.0,0.0,0.027882694783023843
PAIR-2237,SYN-0122,SYN-0406,1,0.9167,2,Moderately Similar,0.6752158699672345,0.8150912568946962,1.0000000000000002,1.0000000000000002,0.0690597706857835,1.0000000000000002,1.0,0.0179934482769695
PAIR-2242,SYN-0287,SYN-0416,1,0.9429,2,Moderately Similar,0.6850769876074717,0.8155505868059282,1.0000000000000002,1.0,0.03179744592877114,1.0,1.0,0.1883095710199688
PAIR-2251,SYN-0132,SYN-0365,1,0.9429,2,Moderately Similar,0.6750383766585921,0.9630676070464255,1.0000000000000002,1.0,0.11073703106740922,1.0,1.0,0.026831718581607572
PAIR-2253,SYN-0250,SYN-0354,1,0.9394,2,Moderately Similar,0.5460762187352206,0.7476822364428894,1.0,1.0,0.02390512074852718,1.0,1.0,0.0
PAIR-2266,SYN-0117,SYN-0220,1,0.9143,2,Moderately Similar,0.5697992509444095,0.8587657359071482,1.0000000000000004,1.0000000000000002,0.06827013080437296,1.0,1.0,0.019611441047045947
PAIR-2270,SYN-0207,SYN-0466,1,0.9167,2,Moderately Similar,0.632371640874698,0.7942862517480631,0.9999999999999998,1.0000000000000002,0.03708340816645848,1.0000000000000002,1.0,0.01801521310499749
PAIR-2273,SYN-0294,SYN-0372,1,1.0,2,Moderately Similar,1.0000000000000002,0.8015374310925375,0.9999999999999997,1.0000000000000002,0.0029950390026826923,1.0,1.0,0.0
PAIR-2277,SYN-0295,SYN-0595,1,0.725,2,Moderately Similar,0.06753815311170898,0.5065613321743588,0.5540044485679793,0.5406054542206151,0.0444595271076699,1.0,0.0,0.03022674924257162
PAIR-2283,SYN-0013,SYN-0427,1,0.9412,2,Moderately Similar,0.6766992123037493,0.8053007740914716,1.0000000000000004,1.0000000000000002,0.049443921584745434,1.0,1.0,0.02612361736736085
PAIR-2292,SYN-0366,SYN-0392,1,1.0,2,Moderately Similar,1.0000000000000002,0.8346769406543346,1.0000000000000002,1.0,0.02086270648700225,1.0,1.0,0.027966966550991276
PAIR-2295,SYN-0267,SYN-0397,1,0.9706,2,Moderately Similar,0.6361785961109399,0.8493680108473401,1.0000000000000007,0.9999999999999993,0.02390512074852718,1.0,1.0,0.3044657756145084
PAIR-2301,SYN-0273,SYN-0377,1,0.9429,2,Moderately Similar,0.7521181806390754,0.8766899317888665,1.0000000000000007,0.9999999999999993,1.0000000000000016,1.0,1.0,0.0
PAIR-2304,SYN-0268,SYN-0346,1,0.9429,2,Moderately Similar,0.5553206666264737,0.8597682539027265,0.9999999999999997,1.0000000000000002,0.0029950390026826923,1.0,1.0,0.02023816792343047
PAIR-2306,SYN-0328,SYN-0483,1,0.9394,2,Moderately Similar,0.5668818790941902,0.7317905654708464,1.0,1.0,0.05903918098534239,1.0,1.0,0.02023816792343047
PAIR-2310,SYN-0306,SYN-0358,1,0.9429,2,Moderately Similar,0.6724701737244527,0.7891809019271887,1.0000000000000004,1.0000000000000002,1.0000000000000002,1.0000000000000002,1.0,0.02820408159804729
PAIR-2311,SYN-0305,SYN-0590,1,0.9429,2,Moderately Similar,0.6847130296669812,0.8075772697786588,1.0000000000000002,0.9999999999999981,0.06001087285043441,1.0,1.0,0.29856181174611696
PAIR-2312,SYN-0142,SYN-0582,1,0.9412,2,Moderately Similar,0.6222347743995992,0.7983069059515129,1.0,1.0000000000000013,0.02503632546002444,1.0000000000000002,1.0,0.016706013462851475
PAIR-2325,SYN-0173,SYN-0587,1,0.9394,2,Moderately Similar,0.5157074384748306,0.6809991563503932,1.0,1.0,0.03992883593314474,1.0,1.0,0.0
PAIR-2334,SYN-0345,SYN-0578,1,0.9429,2,Moderately Similar,0.7698850963709315,0.9568572460413779,1.0000000000000007,0.9999999999999993,0.08287688990740738,1.0,1.0,0.07635162400096726
PAIR-2337,SYN-0147,SYN-0328,1,0.9394,2,Moderately Similar,0.5157074384748306,0.787861975683133,1.0,1.0,0.046501162710801125,1.0,1.0,0.02625863999715187
PAIR-2340,SYN-0307,SYN-0488,1,0.9167,2,Moderately Similar,0.710093628875282,0.8115409007862663,1.0000000000000016,1.0,0.03179744592877114,1.0,1.0,0.4574852573905224
PAIR-2343,SYN-0129,SYN-0424,1,0.7632,2,Moderately Similar,0.0726296782765197,0.5371868448931848,0.5540044485679793,0.5406054542206151,0.0690597706857835,1.0,0.0,0.0
PAIR-2346,SYN-0085,SYN-0240,1,0.9143,2,Moderately Similar,0.5973663543512061,0.7499329503297529,0.9999999999999984,1.0000000000000004,0.046501162710801125,1.0,1.0,0.026846898342445417
PAIR-2349,SYN-0105,SYN-0571,1,0.9394,2,Moderately Similar,0.6304239619910791,0.9324374725641973,0.9999999999999999,0.9999999999999998,0.014864848687586085,1.0,1.0,0.02968944511173996
PAIR-2352,SYN-0002,SYN-0028,1,0.9429,2,Moderately Similar,0.6201449772929832,0.7980920986258555,1.0000000000000002,1.0,0.0640695419242022,1.0,1.0,0.0336144559401412
PAIR-2371,SYN-0350,SYN-0453,1,0.9412,2,Moderately Similar,0.6703193659189735,0.8423578253621304,1.0000000000000004,1.0000000000000002,0.08287688990740738,1.0,1.0,0.20900625264959635
PAIR-2378,SYN-0139,SYN-0475,1,0.9429,2,Moderately Similar,0.7147639188368153,0.8373782024513746,0.9999999999999997,1.0000000000000002,0.019224050344583375,1.0,1.0,0.017801078092018294
PAIR-2380,SYN-0041,SYN-0222,1,0.9091,2,Moderately Similar,0.5586987517011412,0.7462115328612206,1.0000000000000022,1.0000000000000002,0.046501162710801125,1.0,1.0,0.0
PAIR-2384,SYN-0180,SYN-0283,1,0.9412,2,Moderately Similar,0.6851780282752659,0.8461180628313087,0.9999999999999998,1.0000000000000002,0.06827013080437296,1.0,1.0,0.0179934482769695
PAIR-2388,SYN-0074,SYN-0540,1,0.9429,2,Moderately Similar,0.7238826897750383,0.9567597633750219,1.0000000000000016,1.0,0.014864848687586085,1.0,1.0,0.03022674924257162
PAIR-2394,SYN-0087,SYN-0268,1,0.9167,2,Moderately Similar,0.6379501351415319,0.8502016193874375,0.9999999999999997,1.0000000000000002,0.11073703106740922,1.0,1.0,0.02625863999715187
PAIR-2395,SYN-0396,SYN-0473,1,0.9412,2,Moderately Similar,0.658427940798408,0.9458550539740734,0.9999999999999984,1.0000000000000004,0.039181891032583294,1.0,1.0,0.023129804867103716
PAIR-2400,SYN-0199,SYN-0431,1,0.9394,2,Moderately Similar,0.5167372264736902,0.6643246089014576,1.0,1.0,0.03905908140646072,1.0,1.0,0.0
PAIR-2403,SYN-0349,SYN-0582,1,0.9412,2,Moderately Similar,0.670370173395694,0.9553135167890131,1.0,1.0000000000000013,0.023892081866768083,1.0000000000000002,1.0,0.021789019706487153
PAIR-2404,SYN-0029,SYN-0521,1,0.9429,2,Moderately Similar,0.6743490835366847,0.7896889468560551,1.0000000000000002,1.0,0.049443921584745434,1.0,1.0,0.017826699135499675
PAIR-2417,SYN-0390,SYN-0493,1,0.9688,2,Moderately Similar,0.5423982575675229,0.7282729120166073,0.9999999999999999,0.9999999999999998,0.08287688990740738,1.0,1.0,0.03411335723846008
PAIR-2419,SYN-0036,SYN-0077,1,0.8108,2,Moderately Similar,0.1702990514535483,0.5911664526551137,0.5540044485679793,0.5406054542206151,1.0000000000000002,1.0,0.0,0.01769903821319596
PAIR-2429,SYN-0164,SYN-0422,1,0.9167,2,Moderately Similar,0.705131695321802,0.7849457700461498,1.0000000000000007,0.9999999999999993,0.0690597706857835,1.0,1.0,0.014928963889200307
PAIR-2446,SYN-0280,SYN-0487,1,0.9429,2,Moderately Similar,0.697479658665396,0.7861004336707028,1.0000000000000004,1.0000000000000002,0.023892081866768083,1.0000000000000002,1.0,0.016524564100924604
PAIR-2456,SYN-0062,SYN-0388,1,0.7632,2,Moderately Similar,0.07954222400875641,0.5235813272518856,0.5540044485679793,0.5406054542206151,0.04581509736903244,1.0,0.0,0.0336144559401412
PAIR-2464,SYN-0254,SYN-0358,1,0.9706,2,Moderately Similar,0.5297264715625223,0.8452696342934547,1.0000000000000004,1.0000000000000002,1.0000000000000002,1.0000000000000002,1.0,0.02973217704967169
PAIR-2468,SYN-0172,SYN-0534,1,0.9429,2,Moderately Similar,0.7096734127947847,0.7606591475293512,1.0,0.9999999999999998,0.03992883593314474,1.0000000000000002,1.0,0.0268674096194347
PAIR-2469,SYN-0067,SYN-0352,1,0.9677,2,Moderately Similar,0.5087953051336106,0.7772511909705259,1.0000000000000022,1.0000000000000002,0.06827013080437296,1.0,1.0,0.021471168273774932
PAIR-2470,SYN-0192,SYN-0206,1,0.7632,2,Moderately Similar,0.07318283247821941,0.5582707400585146,0.5540044485679793,0.5406054542206151,0.11073703106740922,1.0,0.0,0.044776474247134976
PAIR-2481,SYN-0235,SYN-0494,1,0.9429,2,Moderately Similar,0.6592416516586764,0.7456457091819536,1.0000000000000002,1.0,0.06001087285043441,1.0,1.0,0.023172683650114097
PAIR-2486,SYN-0207,SYN-0311,1,1.0,2,Moderately Similar,1.0,0.8606937733529468,0.9999999999999998,1.0000000000000002,0.02390512074852718,1.0000000000000002,1.0,0.0
PAIR-2489,SYN-0453,SYN-0505,1,1.0,2,Moderately Similar,1.0,0.9005023223433122,1.0000000000000004,1.0000000000000002,0.09426056986529957,1.0,1.0,0.024952241022213738
PAIR-2493,SYN-0199,SYN-0405,1,0.9394,2,Moderately Similar,0.5167257833051156,0.7138725646183889,1.0,1.0,0.03905908140646072,1.0,1.0,0.0
PAIR-2497,SYN-0195,SYN-0427,1,0.9412,2,Moderately Similar,0.6797740596728742,0.8614169052792927,1.0000000000000004,1.0000000000000002,0.049443921584745434,1.0,1.0,0.017200597411476875
PAIR-2511,SYN-0167,SYN-0477,1,0.9394,2,Moderately Similar,0.687337143330788,0.9491393358228613,0.9999999999999999,1.0,0.03905908140646072,1.0,1.0,0.018709148312136166
PAIR-2512,SYN-0289,SYN-0315,1,1.0,2,Moderately Similar,1.0,0.8351557010550686,1.0000000000000002,1.0000000000000004,0.02390512074852718,1.0,1.0,0.01622784826089571
PAIR-2517,SYN-0177,SYN-0591,1,0.9429,2,Moderately Similar,0.6471189777515426,0.7857218516246859,1.0000000000000004,1.0000000000000002,0.03992883593314474,1.0000000000000002,1.0,0.022233220731288215
PAIR-2520,SYN-0061,SYN-0346,1,0.9706,2,Moderately Similar,0.554658691042469,0.7855842075013683,0.9999999999999997,1.0000000000000002,0.04581509736903244,1.0,1.0,0.02820408159804729
PAIR-2521,SYN-0255,SYN-0514,1,0.9429,2,Moderately Similar,0.7663618279327725,0.8484879488018832,1.0000000000000016,1.0,0.05903918098534239,1.0,1.0,0.01761583179830795
PAIR-2524,SYN-0122,SYN-0200,1,0.9429,2,Moderately Similar,0.7240008624862011,0.8186500471165165,1.0000000000000002,1.0000000000000002,0.07191136188695764,1.0000000000000002,1.0,0.30328049279748737
PAIR-2525,SYN-0055,SYN-0521,1,0.9429,2,Moderately Similar,0.6743490835366847,0.9497150232597139,1.0000000000000002,1.0,0.02503632546002444,1.0,1.0,0.0
PAIR-2526,SYN-0295,SYN-0543,1,0.7436,2,Moderately Similar,0.07285410928312162,0.5015423084552448,0.5540044485679793,0.5406054542206151,0.0444595271076699,1.0,0.0,0.0
PAIR-2537,SYN-0127,SYN-0463,1,0.9412,2,Moderately Similar,0.6824208461968283,0.8424835973871502,1.0,1.0000000000000002,0.019224050344583375,1.0,1.0,0.03857693722241696
PAIR-2542,SYN-0324,SYN-0479,1,0.9143,2,Moderately Similar,0.6102398646353847,0.7877736260528988,1.0000000000000004,1.0000000000000002,0.0444595271076699,1.0,1.0,0.03497808560968547
PAIR-2544,SYN-0362,SYN-0413,1,0.9697,2,Moderately Similar,0.45792511261332536,0.7964137907516637,1.000000000000002,0.9999999999999998,0.03179744592877114,1.0,1.0,0.0172746495869581
PAIR-2551,SYN-0026,SYN-0518,1,0.9429,2,Moderately Similar,0.6892397842027506,0.7233766234524122,0.9999999999999998,1.0000000000000002,0.049443921584745434,1.0000000000000002,1.0,0.0
PAIR-2554,SYN-0324,SYN-0505,1,0.9412,2,Moderately Similar,0.6813173224060233,0.8426843629840826,1.0000000000000004,1.0000000000000002,0.0444595271076699,1.0,1.0,0.03013518673394657
PAIR-2566,SYN-0175,SYN-0226,1,0.9412,2,Moderately Similar,0.6153724569415385,0.7682260983960025,0.9999999999999998,1.0000000000000002,0.0030491727376322384,1.0000000000000002,1.0,0.0
PAIR-2570,SYN-0042,SYN-0223,1,0.9706,2,Moderately Similar,0.5959041435770216,0.8329283204127221,1.0,0.9999999999999998,0.06268000853599372,1.0000000000000002,1.0,0.0
PAIR-2576,SYN-0148,SYN-0536,1,0.9429,2,Moderately Similar,0.7174450850318663,0.7864839100689605,1.0000000000000002,1.0000000000000002,0.0531946842739727,1.0000000000000002,1.0,0.10895598826170594
PAIR-2596,SYN-0207,SYN-0363,1,1.0,2,Moderately Similar,1.0,1.0000000000000007,0.9999999999999998,1.0000000000000002,0.02390512074852718,1.0000000000000002,1.0,0.01801521310499749
PAIR-2599,SYN-0243,SYN-0413,1,0.7436,2,Moderately Similar,0.07285410928312162,0.5017951726328785,0.5540044485679793,0.5406054542206151,0.05903918098534239,1.0,0.0,0.018145154556774637
PAIR-2606,SYN-0040,SYN-0428,1,0.9429,2,Moderately Similar,0.7660983160472179,0.8126949817641191,1.0000000000000007,0.9999999999999993,0.028472967256605038,1.0,1.0,0.015183508755212656
PAIR-2612,SYN-0140,SYN-0181,1,0.7632,2,Moderately Similar,0.0810000363658703,0.5213584556714389,0.5540044485679793,0.5406054542206151,0.0640695419242022,1.0,0.0,0.035789003310186876
PAIR-2628,SYN-0010,SYN-0129,1,0.7632,2,Moderately Similar,0.07451596838561265,0.5783089659752831,0.5540044485679793,0.5406054542206151,0.0640695419242022,1.0,0.0,0.029397104641649064
PAIR-2662,SYN-0411,SYN-0541,1,0.9143,2,Moderately Similar,0.6206429114226837,0.8831232558977169,1.0,1.0000000000000002,0.08578634339055208,1.0,1.0,0.029033107884805714
PAIR-2688,SYN-0095,SYN-0561,1,0.9118,2,Moderately Similar,0.45777345924919055,0.928373552177378,1.0,1.0,0.028472967256605038,1.0,1.0,0.02174242090845897
PAIR-2692,SYN-0417,SYN-0469,1,0.9429,2,Moderately Similar,0.6787091194746155,0.8804145923065766,1.0000000000000002,1.0,1.0000000000000004,1.0,1.0,0.016409223945179695
PAIR-2697,SYN-0458,SYN-0510,1,0.9167,2,Moderately Similar,0.7062660499976834,0.8128598989127249,1.0000000000000002,1.0000000000000002,0.060635219401191216,1.0000000000000002,1.0,0.0
PAIR-2698,SYN-0456,SYN-0586,1,0.9429,2,Moderately Similar,0.7283621124984339,0.8619192512727624,1.0,0.9999999999999998,0.08578634339055208,1.0000000000000002,1.0,0.041991165423474364
PAIR-2701,SYN-0005,SYN-0497,1,0.9231,2,Moderately Similar,0.8060790853385785,0.841043309831787,0.9999999999999994,1.0,0.014864848687586085,1.0,1.0,0.017826699135499675
PAIR-2720,SYN-0010,SYN-0373,1,0.9429,2,Moderately Similar,0.6883005915137049,0.784682533407247,1.0000000000000004,0.9999999999999998,0.013112892679882186,1.0,1.0,0.01622784826089571
PAIR-2728,SYN-0167,SYN-0581,1,0.9118,2,Moderately Similar,0.6190699375527411,0.7952817782675957,0.9999999999999999,1.0,0.03905908140646072,1.0,1.0,0.016479869092091183
PAIR-2736,SYN-0305,SYN-0486,1,0.9429,2,Moderately Similar,0.6811052405156629,0.8084342064886647,1.0000000000000002,0.9999999999999981,0.06001087285043441,1.0,1.0,0.01622784826089571
PAIR-2737,SYN-0257,SYN-0412,1,0.9697,2,Moderately Similar,0.5412383533636261,0.8703374700461661,0.9999999999999998,1.0000000000000002,0.039181891032583294,1.0,1.0,0.0
PAIR-2738,SYN-0111,SYN-0421,1,0.9412,2,Moderately Similar,0.6318344504599722,0.9402570266351203,0.9999999999999984,1.0000000000000004,0.03992883593314474,1.0,1.0,0.022461289183700873
PAIR-2739,SYN-0415,SYN-0493,1,1.0,2,Moderately Similar,1.0000000000000004,0.8554666535962518,0.9999999999999999,0.9999999999999998,0.09426056986529957,1.0,1.0,0.022619169202971405
PAIR-2741,SYN-0136,SYN-0291,1,0.9706,2,Moderately Similar,0.8017173378775801,0.8446159325608593,1.0000000000000016,1.0,0.046501162710801125,1.0,1.0,0.02059970172410225
PAIR-2745,SYN-0124,SYN-0538,1,0.9167,2,Moderately Similar,0.6266187098183881,0.8075924450759278,1.0000000000000002,0.9999999999999981,0.0531946842739727,1.0,1.0,0.020010090051812087
PAIR-2750,SYN-0335,SYN-0438,1,0.9412,2,Moderately Similar,0.6648082559289786,0.8269344996026166,0.9999999999999998,1.0000000000000002,0.02655764372180957,1.0,1.0,0.0
PAIR-2752,SYN-0088,SYN-0543,1,0.7632,2,Moderately Similar,0.07174592249941958,0.49766657014323046,0.5540044485679793,0.5406054542206151,0.028472967256605038,1.0,0.0,0.0758388549270148
PAIR-2772,SYN-0415,SYN-0519,1,0.9394,2,Moderately Similar,0.6796104350152203,0.8260811124476521,0.9999999999999999,0.9999999999999998,1.0000000000000004,1.0,1.0,0.0
PAIR-2775,SYN-0373,SYN-0528,1,0.9429,2,Moderately Similar,0.6779837982985539,0.7474514229361942,1.0000000000000004,0.9999999999999998,0.02655764372180957,1.0,1.0,0.025565012889029445
PAIR-2780,SYN-0041,SYN-0093,1,0.9375,2,Moderately Similar,0.6009554104052097,0.8397214560035122,1.0000000000000022,1.0000000000000002,0.0640695419242022,1.0,1.0,0.0
PAIR-2784,SYN-0101,SYN-0515,1,0.9412,2,Moderately Similar,0.6367850856159328,0.7683108948225468,1.0,1.0000000000000002,0.0531946842739727,1.0,1.0,0.026958455208865445
PAIR-2791,SYN-0361,SYN-0542,1,0.9143,2,Moderately Similar,0.6229924630734605,0.7823542226651077,0.9999999999999998,1.0000000000000002,0.03708340816645848,1.0,1.0,0.010974174947864828
PAIR-2797,SYN-0112,SYN-0241,1,0.9429,2,Moderately Similar,0.7281422292119168,0.8011006641443108,1.0000000000000007,0.9999999999999993,0.06268000853599372,1.0,1.0,0.0268674096194347
PAIR-2805,SYN-0243,SYN-0424,1,0.9167,2,Moderately Similar,0.614546705085425,0.8163029880476945,1.0000000000000004,0.9999999999999998,0.03708340816645848,1.0,1.0,0.0
PAIR-2807,SYN-0026,SYN-0363,1,0.9167,2,Moderately Similar,0.6211702450849803,0.7700046748642673,0.9999999999999998,1.0000000000000002,0.06268000853599372,1.0000000000000002,1.0,0.0179934482769695
PAIR-2819,SYN-0007,SYN-0266,1,0.9412,2,Moderately Similar,0.6527355777780507,0.8416260597941836,0.9999999999999984,1.0000000000000004,0.04581509736903244,1.0,1.0,0.0172746495869581
PAIR-2824,SYN-0420,SYN-0446,1,1.0,2,Moderately Similar,1.0,0.8545506786596189,1.0000000000000016,1.0,0.060635219401191216,1.0,1.0,0.023172683650114097
PAIR-2838,SYN-0206,SYN-0258,1,1.0,2,Moderately Similar,1.0000000000000002,0.7799052992892934,1.000000000000002,0.9999999999999998,0.02390512074852718,1.0,1.0,0.044776474247134976
PAIR-2842,SYN-0181,SYN-0321,1,0.7632,2,Moderately Similar,0.07900541603948263,0.4869062590066495,0.5540044485679793,0.5406054542206151,0.015562708906446683,1.0,0.0,0.0
PAIR-2845,SYN-0169,SYN-0557,1,0.9412,2,Moderately Similar,0.6272709290122981,0.7877798889883738,1.0000000000000004,1.0000000000000002,0.014864848687586085,1.0,1.0,0.026846898342445417
PAIR-2847,SYN-0382,SYN-0433,1,0.9697,2,Moderately Similar,0.4655184471782511,0.7875386314516015,0.9999999999999998,1.0000000000000002,0.05903918098534239,1.0000000000000002,1.0,0.02322591610196474
PAIR-2862,SYN-0295,SYN-0347,1,0.9167,2,Moderately Similar,0.6329229916289227,0.8537467111632312,1.0000000000000004,0.9999999999999998,0.0029950390026826923,1.0,1.0,0.0
PAIR-2863,SYN-0470,SYN-0548,1,1.0,2,Moderately Similar,1.0,0.834223134083222,1.0000000000000002,1.0000000000000004,0.08578634339055208,1.0,1.0,0.29856181174611696
PAIR-2865,SYN-0191,SYN-0294,1,0.9429,2,Moderately Similar,0.7280342880284248,0.7859093465140662,0.9999999999999997,1.0000000000000002,0.11073703106740922,1.0,1.0,0.024921709251399977
PAIR-2869,SYN-0206,SYN-0217,1,0.7632,2,Moderately Similar,0.07906386008053667,0.5615689473431977,0.5540044485679793,0.5406054542206151,0.0029950390026826923,1.0,0.0,0.02726076139371382
PAIR-2873,SYN-0432,SYN-0510,1,1.0,2,Moderately Similar,1.0,0.8185934682674512,1.0000000000000002,1.0000000000000002,0.060635219401191216,1.0000000000000002,1.0,0.037015988051066345
PAIR-2884,SYN-0252,SYN-0330,1,0.9412,2,Moderately Similar,0.6160819735390505,0.7572557013252972,0.9999999999999998,1.0000000000000002,1.0000000000000002,1.0000000000000002,1.0,0.0
PAIR-2886,SYN-0131,SYN-0597,1,0.9394,2,Moderately Similar,0.6132306218527463,0.9337420239432251,0.9999999999999999,0.9999999999999998,0.03992883593314474,1.0,1.0,0.017778345643772873
PAIR-2890,SYN-0091,SYN-0350,1,0.9412,2,Moderately Similar,0.6579875060699276,0.8770920217110537,1.0000000000000004,1.0000000000000002,0.11073703106740922,1.0,1.0,0.0172746495869581
PAIR-2899,SYN-0062,SYN-0362,1,0.7838,2,Moderately Similar,0.06247099030607252,0.528543974844765,0.5540044485679793,0.5406054542206151,0.04581509736903244,1.0,0.0,0.02881144378364917
PAIR-2900,SYN-0359,SYN-0592,1,0.9429,2,Moderately Similar,0.742831830289664,0.9524276019224606,1.0000000000000016,1.0,0.05903918098534239,1.0,1.0,0.5738460809602193
PAIR-2904,SYN-0114,SYN-0580,1,0.9429,2,Moderately Similar,0.6896871865567554,0.9408168759155682,1.0000000000000004,0.9999999999999998,0.0531946842739727,1.0,1.0,0.0
PAIR-2914,SYN-0168,SYN-0323,1,0.9697,2,Moderately Similar,0.5463061739037054,0.8858459511266727,1.0,1.0000000000000013,0.04581509736903244,1.0000000000000002,1.0,0.32469294845640106
PAIR-2916,SYN-0079,SYN-0441,1,0.9394,2,Moderately Similar,0.6086751522596783,0.7348038517747916,0.9999999999999999,0.9999999999999998,0.019224050344583375,1.0,1.0,0.021471168273774932
PAIR-2920,SYN-0258,SYN-0295,1,0.7436,2,Moderately Similar,0.07420405143019154,0.5248098704033731,0.5540044485679793,0.5406054542206151,0.02390512074852718,1.0,0.0,0.6750587166765522
PAIR-2922,SYN-0344,SYN-0370,1,0.9412,2,Moderately Similar,0.6546735130962202,0.8702550278457579,0.9999999999999984,1.0000000000000004,1.0000000000000016,1.0,1.0,0.02322591610196474
PAIR-2925,SYN-0052,SYN-0414,1,0.9429,2,Moderately Similar,0.6308723755152349,0.7181850774701961,0.9999999999999998,1.0000000000000002,0.019224050344583375,1.0000000000000002,1.0,0.0268674096194347
PAIR-2943,SYN-0317,SYN-0576,1,0.9706,2,Moderately Similar,0.7909818646534873,0.8539648781389678,1.0000000000000016,1.0,0.0444595271076699,1.0,1.0,0.2595135950046855
PAIR-2967,SYN-0354,SYN-0380,1,0.9394,2,Moderately Similar,0.5414480132432098,0.7765437899918334,1.0,1.0,0.0029950390026826923,1.0,1.0,0.02764828167290212
PAIR-2970,SYN-0239,SYN-0265,1,1.0,2,Moderately Similar,1.0000000000000002,0.8916795080854251,1.0000000000000016,1.0,0.02086270648700225,1.0,1.0,0.024555030060727595
PAIR-2974,SYN-0150,SYN-0201,1,0.9429,2,Moderately Similar,0.6719815520032528,0.8293383112022134,1.0000000000000002,0.9999999999999981,0.013112892679882186,1.0,1.0,0.0
PAIR-2983,SYN-0339,SYN-0442,1,0.9167,2,Moderately Similar,0.6378646613392895,0.8122887430442546,1.0000000000000002,1.0,0.0444595271076699,1.0,1.0,0.01761583179830795
PAIR-2987,SYN-0405,SYN-0509,1,0.9394,2,Moderately Similar,0.5505906945028249,0.7836504048373848,1.0,1.0,0.08578634339055208,1.0,1.0,0.016479869092091183
PAIR-2989,SYN-0171,SYN-0559,1,0.9375,2,Moderately Similar,0.6098881401188827,0.8034585827350836,1.0000000000000022,1.0000000000000002,0.0531946842739727,1.0,1.0,0.017724769246968242
PAIR-0005,SYN-0356,SYN-0485,1,0.8889,3,Highly Similar,0.4916232534925245,0.7703372037887919,0.9999999999999998,1.0000000000000002,0.039181891032583294,1.0000000000000002,1.0,0.022557989739406925
PAIR-0006,SYN-0226,SYN-0330,1,0.9412,3,Highly Similar,0.6160819735390505,0.7741468203057623,0.9999999999999998,1.0000000000000002,0.0029950390026826923,1.0000000000000002,1.0,0.027882694783023843
PAIR-0009,SYN-0013,SYN-0479,1,0.9143,3,Highly Similar,0.6061035322818629,0.9601509028286355,1.0000000000000004,1.0000000000000002,0.0690597706857835,1.0,1.0,1.0000000000000002
PAIR-0019,SYN-0098,SYN-0590,1,0.9429,3,Highly Similar,0.6241603869617107,0.7726711746688197,1.0000000000000002,0.9999999999999981,0.0690597706857835,1.0,1.0,0.0
PAIR-0020,SYN-0249,SYN-0430,1,0.9429,3,Highly Similar,0.742274254838061,0.80492147783401,1.0,0.9999999999999998,0.05903918098534239,1.0000000000000002,1.0,0.03047855538189337
PAIR-0023,SYN-0306,SYN-0539,1,0.9429,3,Highly Similar,0.6799863674974013,0.9476446277458259,1.0000000000000004,1.0000000000000002,0.023892081866768083,1.0000000000000002,1.0,0.0439313843031815
PAIR-0029,SYN-0026,SYN-0544,1,0.9429,3,Highly Similar,0.6686927957452796,0.7781625700890864,0.9999999999999998,1.0000000000000002,0.0690597706857835,1.0000000000000002,1.0,0.0
PAIR-0040,SYN-0286,SYN-0312,1,0.9688,3,Highly Similar,0.5166996562208561,0.7991318105950279,0.9999999999999999,0.9999999999999998,1.0000000000000002,1.0,1.0,0.02322591610196474
PAIR-0042,SYN-0027,SYN-0441,1,0.9394,3,Highly Similar,0.6115184119925643,0.7786163544097081,0.9999999999999999,0.9999999999999998,0.0690597706857835,1.0,1.0,0.016409223945179695
PAIR-0043,SYN-0373,SYN-0399,1,1.0,3,Highly Similar,1.0,0.8181869544752547,1.0000000000000004,0.9999999999999998,0.02390512074852718,1.0,1.0,0.016706013462851475
PAIR-0046,SYN-0361,SYN-0516,1,0.9412,3,Highly Similar,0.6648082559289786,0.7874806914495147,0.9999999999999998,1.0000000000000002,0.05903918098534239,1.0,1.0,0.013424404331690901
PAIR-0048,SYN-0101,SYN-0567,1,0.9412,3,Highly Similar,0.6234664860117121,0.9491589398395678,1.0,1.0000000000000002,0.028472967256605038,1.0,1.0,1.0000000000000002
PAIR-0054,SYN-0367,SYN-0470,1,0.9167,3,Highly Similar,0.7039374441062449,0.7697700893692994,1.0000000000000002,1.0000000000000004,0.08287688990740738,1.0,1.0,0.0
PAIR-0055,SYN-0218,SYN-0244,1,1.0,3,Highly Similar,1.0,0.86718442523017,0.9999999999999999,1.0,0.02390512074852718,1.0,1.0,0.0336144559401412
PAIR-0058,SYN-0143,SYN-0583,1,0.9143,3,Highly Similar,0.5618317841360564,0.8423593826436191,1.0000000000000004,1.0000000000000002,0.02503632546002444,1.0,1.0,0.0336144559401412
PAIR-0068,SYN-0105,SYN-0183,1,0.9394,3,Highly Similar,0.6131055133630976,0.8555324688945473,0.9999999999999999,0.9999999999999998,0.040157584397110896,1.0,1.0,0.03857693722241696
PAIR-0071,SYN-0075,SYN-0230,1,0.9143,3,Highly Similar,0.637198549007735,0.8571826796156571,1.0,1.0000000000000002,0.046501162710801125,1.0,1.0,0.023192535148944763
PAIR-0074,SYN-0274,SYN-0585,1,0.9091,3,Highly Similar,0.59825412015873,0.7710765783817928,1.0000000000000022,1.0000000000000002,0.03179744592877114,1.0,1.0,0.0246490832637288
PAIR-0075,SYN-0185,SYN-0443,1,0.9429,3,Highly Similar,0.6203927439166743,0.7626857886407727,1.0000000000000002,1.0,0.02503632546002444,1.0,1.0,0.034553118648998994
PAIR-0080,SYN-0166,SYN-0269,1,0.9429,3,Highly Similar,0.6883005915137049,0.8343020262835255,1.0000000000000004,0.9999999999999998,0.11073703106740922,1.0,1.0,0.6776969855938058
PAIR-0081,SYN-0051,SYN-0424,1,0.7632,3,Highly Similar,0.0726296782765197,0.5501452372649209,0.5540044485679793,0.5406054542206151,0.019224050344583375,1.0,0.0,0.0
PAIR-0088,SYN-0079,SYN-0493,1,0.9394,3,Highly Similar,0.6304239619910791,0.7605340526328233,0.9999999999999999,0.9999999999999998,0.014864848687586085,1.0,1.0,0.0293901845279424
PAIR-0097,SYN-0300,SYN-0481,1,0.9375,3,Highly Similar,0.6518003540661714,0.7791603981084244,1.0000000000000022,1.0000000000000002,0.0444595271076699,1.0,1.0,0.0293901845279424
PAIR-0103,SYN-0053,SYN-0364,1,0.9394,3,Highly Similar,0.6071197416309105,0.7766607863125083,0.9999999999999999,0.9999999999999998,0.0030491727376322384,1.0,1.0,0.0246490832637288
PAIR-0109,SYN-0377,SYN-0402,1,0.9429,3,Highly Similar,0.7554632071459335,0.8340232014059765,1.0000000000000007,0.9999999999999993,0.039181891032583294,1.0,1.0,0.013142675326008851
PAIR-0112,SYN-0004,SYN-0496,1,0.9167,3,Highly Similar,0.709258008649652,0.8116948766595223,1.0000000000000002,1.0000000000000004,0.049443921584745434,1.0,1.0,0.0
PAIR-0118,SYN-0128,SYN-0594,1,0.9143,3,Highly Similar,0.6144529188719017,0.9562524540365931,0.9999999999999998,1.0000000000000002,0.03905908140646072,1.0,1.0,0.012107139950846694
PAIR-0120,SYN-0081,SYN-0185,1,0.9429,3,Highly Similar,0.5646571575591461,0.8633156679543794,1.0000000000000002,1.0,0.040157584397110896,1.0,1.0,0.02291075697266481
PAIR-0126,SYN-0042,SYN-0198,1,0.9429,3,Highly Similar,0.6811672603585858,1.0000000000000007,1.0,0.9999999999999998,0.0640695419242022,1.0000000000000002,1.0,0.5738460809602193
PAIR-0131,SYN-0053,SYN-0234,1,0.9394,3,Highly Similar,0.6071197416309105,0.7264324890421899,0.9999999999999999,0.9999999999999998,0.0030491727376322384,1.0,1.0,0.03573773250830846
PAIR-0136,SYN-0208,SYN-0467,1,0.9394,3,Highly Similar,0.46351760623684224,0.7036149343925722,0.9999999999999999,0.9999999999999998,0.05903918098534239,1.0,1.0,0.024921709251399977
PAIR-0137,SYN-0027,SYN-0519,1,0.9394,3,Highly Similar,0.6115184119925643,0.7781984633932776,0.9999999999999999,0.9999999999999998,0.0690597706857835,1.0,1.0,0.0
PAIR-0138,SYN-0175,SYN-0433,1,0.9412,3,Highly Similar,0.5958701743822395,0.7703553163792645,0.9999999999999998,1.0000000000000002,0.03905908140646072,1.0000000000000002,1.0,0.0
PAIR-0141,SYN-0103,SYN-0517,1,0.9412,3,Highly Similar,0.6288607377774509,0.7681948841747784,1.000000000000002,0.9999999999999998,0.03905908140646072,1.0,1.0,0.022557989739406925
PAIR-0144,SYN-0039,SYN-0272,1,0.9412,3,Highly Similar,0.6180851738583771,0.9714346490318903,1.0000000000000004,1.0000000000000002,0.046501162710801125,1.0,1.0,0.0293901845279424
PAIR-0147,SYN-0134,SYN-0289,1,0.9429,3,Highly Similar,0.742510311571833,0.7883499377831482,1.0000000000000002,1.0000000000000004,0.042053812304518705,1.0,1.0,0.02726076139371382
PAIR-0148,SYN-0151,SYN-0306,1,0.9429,3,Highly Similar,0.6776357399189838,0.7390467943265945,1.0000000000000004,1.0000000000000002,0.042053812304518705,1.0000000000000002,1.0,0.028087370201234824
PAIR-0151,SYN-0289,SYN-0574,1,0.9429,3,Highly Similar,0.7319775675056395,0.8096344967119605,1.0000000000000002,1.0000000000000004,0.08287688990740738,1.0,1.0,0.01622784826089571
PAIR-0152,SYN-0003,SYN-0443,1,0.9429,3,Highly Similar,0.6283655092805358,0.7838114965891065,1.0000000000000002,1.0,0.049443921584745434,1.0,1.0,0.03411335723846008
PAIR-0158,SYN-0150,SYN-0176,1,1.0,3,Highly Similar,1.0,0.8617859025482166,1.0000000000000002,0.9999999999999981,0.0640695419242022,1.0,1.0,0.0
PAIR-0160,SYN-0327,SYN-0482,1,0.9429,3,Highly Similar,0.7209466358790558,0.7815961372608449,1.0,0.9999999999999998,0.03708340816645848,1.0000000000000002,1.0,0.01514269391177691
PAIR-0163,SYN-0039,SYN-0531,1,0.9412,3,Highly Similar,0.608107922988871,0.8628366959447868,1.0000000000000004,1.0000000000000002,0.0690597706857835,1.0,1.0,0.0
PAIR-0166,SYN-0098,SYN-0486,1,0.9429,3,Highly Similar,0.6208716528859793,0.7734910718094588,1.0000000000000002,0.9999999999999981,0.0690597706857835,1.0,1.0,0.30328049279748737
PAIR-0168,SYN-0400,SYN-0503,1,0.9688,3,Highly Similar,0.5462467738318315,0.7687235871482592,0.9999999999999999,1.0,0.03179744592877114,1.0,1.0,0.025776121337231905
PAIR-0170,SYN-0043,SYN-0173,1,0.9394,3,Highly Similar,0.4700791115919667,0.7832953214378554,1.0,1.0,1.0,1.0,1.0,0.0
PAIR-0174,SYN-0077,SYN-0258,1,0.9412,3,Highly Similar,0.6047485686108091,0.7345391713184893,1.000000000000002,0.9999999999999998,0.06827013080437296,1.0,1.0,0.026958455208865445
PAIR-0177,SYN-0013,SYN-0583,1,0.9143,3,Highly Similar,0.6061035322818629,0.8053007740914716,1.0000000000000004,1.0000000000000002,0.049443921584745434,1.0,1.0,0.044776474247134976
PAIR-0190,SYN-0465,SYN-0528,1,0.7632,3,Highly Similar,0.0785585566906663,0.5598114868830659,0.5540044485679793,0.5406054542206151,0.09426056986529957,1.0,0.0,0.03152347753447504
PAIR-0213,SYN-0104,SYN-0233,1,0.9429,3,Highly Similar,0.6293798181233834,0.791831011807148,0.9999999999999998,1.0000000000000002,0.013112892679882186,1.0000000000000002,1.0,0.01988627655647779
PAIR-0222,SYN-0411,SYN-0593,1,0.9143,3,Highly Similar,0.6043539728544212,0.848926997715295,1.0,1.0000000000000002,0.9999999999999999,1.0,1.0,0.029769058671394788
PAIR-0227,SYN-0182,SYN-0518,1,0.9429,3,Highly Similar,0.6548489759335688,0.7233766234524122,0.9999999999999998,1.0000000000000002,0.049443921584745434,1.0000000000000002,1.0,0.0
PAIR-0229,SYN-0046,SYN-0486,1,0.9429,3,Highly Similar,0.6199701437890992,0.7853493046984389,1.0000000000000002,0.9999999999999981,0.019224050344583375,1.0,1.0,0.3044657756145084
PAIR-0239,SYN-0429,SYN-0507,1,0.9091,3,Highly Similar,0.5878538248231783,0.8321422503948345,1.0000000000000022,1.0000000000000002,0.09426056986529957,1.0,1.0,0.02023816792343047
PAIR-0242,SYN-0074,SYN-0566,1,0.9167,3,Highly Similar,0.6675885111728068,0.7914812636066532,1.0000000000000016,1.0,0.014864848687586085,1.0,1.0,0.02057481448225616
PAIR-0243,SYN-0034,SYN-0293,1,0.9167,3,Highly Similar,0.6710322482804264,0.8641763255789606,1.0000000000000007,0.9999999999999993,0.042053812304518705,1.0,1.0,0.018183774801056752
PAIR-0244,SYN-0197,SYN-0585,1,0.9091,3,Highly Similar,0.5597850482680539,0.7710765783817928,1.0000000000000022,1.0000000000000002,0.02503632546002444,1.0,1.0,0.0
PAIR-0256,SYN-0545,SYN-0571,1,1.0,3,Highly Similar,1.0000000000000004,0.8551539224841957,0.9999999999999999,0.9999999999999998,0.09426056986529957,1.0,1.0,0.0
PAIR-0261,SYN-0321,SYN-0465,1,0.7632,3,Highly Similar,0.0776656108835397,0.49792531207407376,0.5540044485679793,0.5406054542206151,0.06001087285043441,1.0,0.0,0.0
PAIR-0263,SYN-0504,SYN-0582,1,0.9412,3,Highly Similar,0.6601877724264877,0.8278083645444039,1.0,1.0000000000000013,0.08578634339055208,1.0000000000000002,1.0,0.30328049279748737
PAIR-0266,SYN-0077,SYN-0192,1,0.7632,3,Highly Similar,0.07357575898581539,0.5911664526551137,0.5540044485679793,0.5406054542206151,0.040157584397110896,1.0,0.0,0.026958455208865445
PAIR-0271,SYN-0009,SYN-0061,1,0.9429,3,Highly Similar,0.6634814706086462,0.8224236324486288,0.9999999999999997,1.0000000000000002,0.9999999999999989,1.0,1.0,0.027330669734477668
PAIR-0277,SYN-0241,SYN-0552,1,0.9706,3,Highly Similar,0.7849698052113749,0.7900274310472909,1.0000000000000007,0.9999999999999993,0.0444595271076699,1.0,1.0,0.0394712892339555
PAIR-0283,SYN-0004,SYN-0574,1,0.9429,3,Highly Similar,0.7408910628567087,0.8087816030412547,1.0000000000000002,1.0000000000000004,0.03992883593314474,1.0,1.0,0.29856181174611696
PAIR-0291,SYN-0497,SYN-0549,1,0.9231,3,Highly Similar,0.7920994733918176,0.8800060943493246,0.9999999999999994,1.0,0.09426056986529957,1.0,1.0,0.020154420298496907
PAIR-0302,SYN-0526,SYN-0578,1,0.9429,3,Highly Similar,0.7561049222756591,0.8710103083656383,1.0000000000000007,0.9999999999999993,0.09426056986529957,1.0,1.0,0.02240456882349668
PAIR-0306,SYN-0065,SYN-0427,1,0.9412,3,Highly Similar,0.6766992123037493,0.8491699170380712,1.0000000000000004,1.0000000000000002,0.03905908140646072,1.0,1.0,0.0
PAIR-0308,SYN-0102,SYN-0283,1,0.9412,3,Highly Similar,0.6851780282752659,0.8489163667047097,0.9999999999999998,1.0000000000000002,0.013112892679882186,1.0,1.0,0.01880401554380751
PAIR-0309,SYN-0329,SYN-0588,1,0.9429,3,Highly Similar,0.759515612284607,0.8150780120642679,1.0000000000000002,1.0000000000000002,0.023892081866768083,1.0000000000000002,1.0,0.6750587166765522
PAIR-0318,SYN-0052,SYN-0337,1,0.9706,3,Highly Similar,0.5091829867004206,0.7393662757993796,0.9999999999999998,1.0000000000000002,0.04581509736903244,1.0000000000000002,1.0,0.0268674096194347
PAIR-0319,SYN-0398,SYN-0527,1,0.9167,3,Highly Similar,0.684534049009951,0.7735434791243597,0.9999999999999997,1.0000000000000002,0.0444595271076699,1.0,1.0,0.02701923548805889
PAIR-0320,SYN-0148,SYN-0355,1,0.9429,3,Highly Similar,0.7191021071333107,0.7881608297425586,1.0000000000000002,1.0000000000000002,0.0030491727376322384,1.0000000000000002,1.0,0.02470974697254518
PAIR-0321,SYN-0099,SYN-0228,1,0.9429,3,Highly Similar,0.6374336675831758,0.8090652616878735,1.0000000000000004,1.0000000000000002,0.06827013080437296,1.0000000000000002,1.0,0.0
PAIR-0323,SYN-0251,SYN-0588,1,0.9706,3,Highly Similar,0.6330679622387917,0.8180030409957821,1.0000000000000002,1.0000000000000002,0.03179744592877114,1.0000000000000002,1.0,0.0
PAIR-0332,SYN-0228,SYN-0358,1,0.9429,3,Highly Similar,0.6724701737244527,0.8205538874337899,1.0000000000000004,1.0000000000000002,0.02390512074852718,1.0000000000000002,1.0,0.0
PAIR-0333,SYN-0230,SYN-0360,1,0.9143,3,Highly Similar,0.6427120285779323,0.8917093099121687,1.0,1.0000000000000002,0.02086270648700225,1.0,1.0,0.023192535148944763
PAIR-0335,SYN-0195,SYN-0557,1,0.9412,3,Highly Similar,0.6797740596728742,0.8426751045647809,1.0000000000000004,1.0000000000000002,0.03992883593314474,1.0,1.0,0.01767682796916962
PAIR-0338,SYN-0224,SYN-0457,1,0.9394,3,Highly Similar,0.5620773376471706,0.9228252414860973,1.0,1.0,0.02655764372180957,1.0,1.0,0.0293901845279424
PAIR-0343,SYN-0129,SYN-0388,1,0.9412,3,Highly Similar,0.5483802767571675,0.7916026951669131,1.000000000000002,0.9999999999999998,0.015562708906446683,1.0,1.0,0.0336144559401412
PAIR-0347,SYN-0293,SYN-0500,1,0.9167,3,Highly Similar,0.7073027014607566,0.8467557013485555,1.0000000000000007,0.9999999999999993,0.0444595271076699,1.0,1.0,0.40809656352206514
PAIR-0352,SYN-0135,SYN-0523,1,0.9231,3,Highly Similar,0.8060790853385785,0.875576112764153,0.9999999999999994,1.0,0.02503632546002444,1.0,1.0,0.021950256041213926
PAIR-0357,SYN-0337,SYN-0466,1,0.9706,3,Highly Similar,0.5480004322135141,0.7691675038879376,0.9999999999999998,1.0000000000000002,0.06001087285043441,1.0000000000000002,1.0,0.023496559142264457
PAIR-0361,SYN-0427,SYN-0531,1,0.9412,3,Highly Similar,0.6703193659189735,0.8913294332740327,1.0000000000000004,1.0000000000000002,0.060635219401191216,1.0,1.0,0.0
PAIR-0368,SYN-0305,SYN-0357,1,0.9706,3,Highly Similar,0.549216585434258,0.8577634906142382,1.0000000000000002,0.9999999999999981,1.0000000000000016,1.0,1.0,0.020010090051812087
PAIR-0371,SYN-0227,SYN-0486,1,0.9706,3,Highly Similar,0.5463139272350824,0.8113646064311686,1.0000000000000002,0.9999999999999981,0.03708340816645848,1.0,1.0,0.0
PAIR-0373,SYN-0078,SYN-0285,1,0.9429,3,Highly Similar,0.658576125719727,0.7943346099771023,0.9999999999999998,1.0000000000000002,0.11073703106740922,1.0000000000000002,1.0,0.08303417564128915
PAIR-0383,SYN-0060,SYN-0112,1,0.9429,3,Highly Similar,0.7194893687370686,0.8710485619945106,1.0000000000000007,0.9999999999999993,1.0,1.0,1.0,0.03047855538189337
PAIR-0384,SYN-0133,SYN-0236,1,0.9167,3,Highly Similar,0.6072181197948276,0.8028353539354366,1.0000000000000002,1.0,0.11073703106740922,1.0,1.0,0.03497808560968547
PAIR-0391,SYN-0030,SYN-0186,1,0.9429,3,Highly Similar,0.7109671461921111,1.0000000000000002,1.0000000000000002,1.0000000000000004,1.0,1.0,1.0,0.5738460809602193
PAIR-0394,SYN-0353,SYN-0508,1,0.9429,3,Highly Similar,0.717709389329127,0.8557965353050667,1.0,0.9999999999999998,0.023892081866768083,1.0000000000000002,1.0,0.0
PAIR-0403,SYN-0200,SYN-0329,1,0.9429,3,Highly Similar,0.7619052813586649,0.8288287720627819,1.0000000000000002,1.0000000000000002,0.042053812304518705,1.0000000000000002,1.0,0.44926535322823086
PAIR-0404,SYN-0295,SYN-0399,1,0.9167,3,Highly Similar,0.6329229916289227,0.8236033862554127,1.0000000000000004,0.9999999999999998,1.0000000000000002,1.0,1.0,0.018523638151246944
PAIR-0414,SYN-0199,SYN-0276,1,0.9118,3,Highly Similar,0.4566959755491601,0.9573516485481477,1.0,1.0,0.0030491727376322384,1.0,1.0,0.0
PAIR-0427,SYN-0224,SYN-0328,1,0.9394,3,Highly Similar,0.5620897851501488,0.8344351159242616,1.0,1.0,0.9999999999999987,1.0,1.0,0.02625863999715187
PAIR-0450,SYN-0014,SYN-0325,1,0.9429,3,Highly Similar,0.7129178173094437,0.81448036706619,1.0000000000000007,0.9999999999999993,0.11073703106740922,1.0,1.0,0.037015988051066345
PAIR-0453,SYN-0355,SYN-0510,1,0.9429,3,Highly Similar,0.756662813230118,0.7712754443839642,1.0000000000000002,1.0000000000000002,0.06001087285043441,1.0000000000000002,1.0,0.0394712892339555
PAIR-0455,SYN-0222,SYN-0559,1,0.9091,3,Highly Similar,0.5900509446793457,0.7316338490939697,1.0000000000000022,1.0000000000000002,0.02655764372180957,1.0,1.0,0.028163545882742766
PAIR-0466,SYN-0019,SYN-0459,1,0.9412,3,Highly Similar,0.6268012557623186,0.7449904979917288,0.9999999999999998,1.0000000000000002,0.0531946842739727,1.0000000000000002,1.0,0.0
PAIR-0471,SYN-0058,SYN-0084,1,0.9429,3,Highly Similar,0.7932988566663396,0.9081444314254129,1.0000000000000016,1.0,0.040157584397110896,1.0,1.0,0.6776969855938058
PAIR-0474,SYN-0010,SYN-0569,1,0.7436,3,Highly Similar,0.0734474041097675,0.5017951726328785,0.5540044485679793,0.5406054542206151,0.02503632546002444,1.0,0.0,0.0229641672356165
PAIR-0475,SYN-0021,SYN-0228,1,0.9429,3,Highly Similar,0.6374336675831758,0.8342419539023364,1.0000000000000004,1.0000000000000002,0.046501162710801125,1.0000000000000002,1.0,0.0
PAIR-0477,SYN-0082,SYN-0315,1,0.9429,3,Highly Similar,0.7024136588171771,0.9688097662397409,1.0000000000000002,1.0000000000000004,0.046501162710801125,1.0,1.0,0.01806377038989184
PAIR-0488,SYN-0115,SYN-0348,1,0.9118,3,Highly Similar,0.5687749211073431,0.9692734418313103,0.9999999999999999,1.0,0.06827013080437296,1.0,1.0,1.0
PAIR-0498,SYN-0060,SYN-0578,1,0.9429,3,Highly Similar,0.7607361855492465,0.8256015956433408,1.0000000000000007,0.9999999999999993,0.03992883593314474,1.0,1.0,0.02240456882349668
PAIR-0502,SYN-0141,SYN-0581,1,0.9118,3,Highly Similar,0.6190699375527411,0.8380726088627326,0.9999999999999999,1.0,0.049443921584745434,1.0,1.0,0.0172746495869581
PAIR-0503,SYN-0192,SYN-0413,1,0.7632,3,Highly Similar,0.07185146864969255,0.518082533886837,0.5540044485679793,0.5406054542206151,0.02503632546002444,1.0,0.0,0.026846898342445417
PAIR-0508,SYN-0181,SYN-0192,1,0.7632,3,Highly Similar,0.07357575898581539,0.5543266193246364,0.5540044485679793,0.5406054542206151,0.0640695419242022,1.0,0.0,1.0000000000000002
PAIR-0515,SYN-0024,SYN-0283,1,0.9412,3,Highly Similar,0.6635797959669165,0.8461180628313087,0.9999999999999998,1.0000000000000002,0.06827013080437296,1.0,1.0,0.6750587166765522
PAIR-0521,SYN-0063,SYN-0581,1,0.9118,3,Highly Similar,0.6218294982659538,0.8163894209590687,0.9999999999999999,1.0,0.02503632546002444,1.0,1.0,0.01767682796916962
PAIR-0526,SYN-0086,SYN-0319,1,0.9706,3,Highly Similar,0.6059416221932304,0.9726210290420072,1.0000000000000007,0.9999999999999993,0.11073703106740922,1.0,1.0,1.0
PAIR-0530,SYN-0219,SYN-0271,1,0.9697,3,Highly Similar,0.5468354031636323,0.8489610661711116,1.0,1.0000000000000013,0.02390512074852718,1.0000000000000002,1.0,0.030263311439488134
PAIR-0537,SYN-0036,SYN-0258,1,0.7632,3,Highly Similar,0.08069653523040113,0.5182964126853333,0.5540044485679793,0.5406054542206151,0.06827013080437296,1.0,0.0,0.02665464178516917
PAIR-0538,SYN-0053,SYN-0441,1,0.9394,3,Highly Similar,0.6115184119925643,0.7518825133949004,0.9999999999999999,0.9999999999999998,0.028472967256605038,1.0,1.0,0.021210303879264807
PAIR-0544,SYN-0036,SYN-0502,1,0.9429,3,Highly Similar,0.6645889810454108,0.9412888866245671,1.0000000000000004,0.9999999999999998,0.028472967256605038,1.0,1.0,1.0
PAIR-0553,SYN-0121,SYN-0535,1,0.9118,3,Highly Similar,0.5002665692879505,0.6886425652969619,1.0,1.0,0.049443921584745434,1.0,1.0,0.02701923548805889
PAIR-0559,SYN-0131,SYN-0312,1,0.9688,3,Highly Similar,0.4880538968295817,0.759019297746499,0.9999999999999999,0.9999999999999998,0.06268000853599372,1.0,1.0,0.024952241022213738
PAIR-0560,SYN-0366,SYN-0521,1,0.9429,3,Highly Similar,0.6747307053343831,0.7489452497507536,1.0000000000000002,1.0,0.03179744592877114,1.0,1.0,0.028087370201234824
PAIR-0564,SYN-0139,SYN-0579,1,0.9429,3,Highly Similar,0.6923300849483278,0.7940765169313762,0.9999999999999997,1.0000000000000002,0.014864848687586085,1.0,1.0,0.02284878883365555
PAIR-0565,SYN-0172,SYN-0430,1,0.9429,3,Highly Similar,0.7297832638619896,0.8049214778340099,1.0,0.9999999999999998,0.049443921584745434,1.0000000000000002,1.0,0.03047855538189337
PAIR-0567,SYN-0173,SYN-0354,1,0.9394,3,Highly Similar,0.496768977757446,0.7059511192006758,1.0,1.0,0.06268000853599372,1.0,1.0,0.0
PAIR-0570,SYN-0507,SYN-0559,1,0.9091,3,Highly Similar,0.5911982003579328,0.8396563491397221,1.0000000000000022,1.0000000000000002,0.09426056986529957,1.0,1.0,0.017875046878487164
PAIR-0578,SYN-0186,SYN-0522,1,0.9167,3,Highly Similar,0.6643908728034392,0.8125350111784847,1.0000000000000002,1.0000000000000004,0.03992883593314474,1.0,1.0,0.0
PAIR-0579,SYN-0051,SYN-0491,1,0.9412,3,Highly Similar,0.5710099788895355,0.7365093220468197,1.000000000000002,0.9999999999999998,0.014864848687586085,1.0,1.0,0.03528289438452101
PAIR-0581,SYN-0099,SYN-0177,1,1.0,3,Highly Similar,1.0000000000000002,0.8718927440076552,1.0000000000000004,1.0000000000000002,0.07191136188695764,1.0000000000000002,1.0,0.022506665925524562
PAIR-0585,SYN-0160,SYN-0289,1,0.9429,3,Highly Similar,0.7498485203429006,0.7828132585345947,1.0000000000000002,1.0000000000000004,0.11073703106740922,1.0,1.0,0.018555918925305972
PAIR-0606,SYN-0062,SYN-0310,1,0.7632,3,Highly Similar,0.08170463393579022,0.52330936831604,0.5540044485679793,0.5406054542206151,0.013112892679882186,1.0,0.0,0.02973217704967169
PAIR-0607,SYN-0282,SYN-0360,1,0.9143,3,Highly Similar,0.6427120285779323,0.8061892257890704,1.0,1.0000000000000002,1.0000000000000016,1.0,1.0,0.03497808560968547
PAIR-0613,SYN-0484,SYN-0588,1,0.9429,3,Highly Similar,0.7634622811776669,0.8682030086527075,1.0000000000000002,1.0000000000000002,0.9999999999999999,1.0000000000000002,1.0,0.01880401554380751
PAIR-0616,SYN-0181,SYN-0595,1,0.9143,3,Highly Similar,0.5504227954365516,0.7191826089701553,1.000000000000002,0.9999999999999998,0.0690597706857835,1.0,1.0,0.044776474247134976
PAIR-0622,SYN-0041,SYN-0248,1,0.9677,3,Highly Similar,0.48813581581626775,0.8194673624733354,1.0000000000000022,1.0000000000000002,0.046501162710801125,1.0,1.0,0.0
PAIR-0624,SYN-0161,SYN-0187,1,0.9474,3,Highly Similar,0.8410158827826079,0.8797568298559826,0.9999999999999994,1.0,0.0640695419242022,1.0,1.0,0.0
PAIR-0633,SYN-0009,SYN-0294,1,0.9429,3,Highly Similar,0.707726506327044,0.7918242975512502,0.9999999999999997,1.0000000000000002,0.11073703106740922,1.0,1.0,0.02612361736736085
PAIR-0635,SYN-0028,SYN-0261,1,0.9429,3,Highly Similar,0.6831768972110467,0.9674216171186368,1.0000000000000002,1.0,0.06268000853599372,1.0,1.0,0.0
PAIR-0641,SYN-0348,SYN-0555,1,0.9118,3,Highly Similar,0.6073931698959696,0.7949588367643916,0.9999999999999999,1.0,0.03708340816645848,1.0,1.0,0.02322591610196474
PAIR-0646,SYN-0166,SYN-0388,1,0.7632,3,Highly Similar,0.07966965575114583,0.5356429798411723,0.5540044485679793,0.5406054542206151,0.04581509736903244,1.0,0.0,0.020655225107562996
PAIR-0648,SYN-0003,SYN-0469,1,0.9429,3,Highly Similar,0.6283655092805358,0.9449220346416523,1.0000000000000002,1.0,0.0690597706857835,1.0,1.0,0.022461289183700873
PAIR-0649,SYN-0176,SYN-0434,1,0.9429,3,Highly Similar,0.6617800748282822,0.7637793126673341,1.0000000000000002,0.9999999999999981,0.049443921584745434,1.0,1.0,0.018555918925305972
PAIR-0658,SYN-0084,SYN-0369,1,0.9167,3,Highly Similar,0.7431999711381458,0.8638636217495859,1.0000000000000016,1.0,0.06827013080437296,1.0,1.0,0.0
PAIR-0662,SYN-0119,SYN-0378,1,0.9375,3,Highly Similar,0.6418931945610014,0.7465810854203865,1.0000000000000022,1.0000000000000002,0.042053812304518705,1.0,1.0,0.028962210532623975
PAIR-0665,SYN-0073,SYN-0306,1,0.9429,3,Highly Similar,0.6776357399189838,0.9672015048959135,1.0000000000000004,1.0000000000000002,0.11073703106740922,1.0000000000000002,1.0,0.0439313843031815
PAIR-0678,SYN-0220,SYN-0246,1,0.9412,3,Highly Similar,0.4869409271368579,0.8418672729788113,1.0000000000000004,1.0000000000000002,0.02390512074852718,1.0,1.0,0.03152347753447504
PAIR-0679,SYN-0004,SYN-0160,1,1.0,3,Highly Similar,0.9999999999999999,0.9999999999999998,1.0000000000000002,1.0000000000000004,0.0640695419242022,1.0,1.0,0.0
PAIR-0685,SYN-0115,SYN-0244,1,0.9394,3,Highly Similar,0.6311540735937703,0.8139661648189939,0.9999999999999999,1.0,0.042053812304518705,1.0,1.0,0.02625863999715187
PAIR-0696,SYN-0238,SYN-0445,1,0.9474,3,Highly Similar,0.822872741115776,0.8702803983400741,0.9999999999999994,1.0,0.08287688990740738,1.0,1.0,0.022750841693730886
PAIR-0697,SYN-0014,SYN-0144,1,0.9429,3,Highly Similar,0.6631835689462099,0.8821233375896602,1.0000000000000007,0.9999999999999993,0.040157584397110896,1.0,1.0,0.041991165423474364
PAIR-0698,SYN-0003,SYN-0314,1,0.9429,3,Highly Similar,0.6037475204776988,0.8533823794219796,1.0000000000000002,1.0,0.06268000853599372,1.0,1.0,0.022619169202971405
PAIR-0699,SYN-0421,SYN-0499,1,0.9412,3,Highly Similar,0.6419016729480883,0.8778437037020976,0.9999999999999984,1.0000000000000004,0.08578634339055208,1.0,1.0,0.017724769246968242
PAIR-0702,SYN-0125,SYN-0435,1,0.9429,3,Highly Similar,0.6202643367950789,0.9410263038351553,1.0000000000000004,1.0000000000000002,0.03992883593314474,1.0000000000000002,1.0,0.0229437323631189
PAIR-0703,SYN-0386,SYN-0567,1,0.9697,3,Highly Similar,0.5416657731877182,0.8155014231680093,1.0,1.0000000000000002,0.06001087285043441,1.0,1.0,0.017875046878487164
PAIR-0708,SYN-0013,SYN-0039,1,0.9412,3,Highly Similar,0.6138956643719882,0.8609136621347963,1.0000000000000004,1.0000000000000002,1.0,1.0,1.0,0.03411335723846008
PAIR-0718,SYN-0140,SYN-0399,1,0.9429,3,Highly Similar,0.687199653611598,0.784682533407247,1.0000000000000004,0.9999999999999998,0.11073703106740922,1.0,1.0,0.024188902129880382
PAIR-0721,SYN-0130,SYN-0233,1,0.9429,3,Highly Similar,0.6772041973098891,0.8176898831620535,0.9999999999999998,1.0000000000000002,0.013112892679882186,1.0000000000000002,1.0,0.6776969855938058
PAIR-0728,SYN-0081,SYN-0521,1,0.9429,3,Highly Similar,0.6141134401197348,0.833885454886166,1.0000000000000002,1.0,0.03905908140646072,1.0,1.0,0.017801078092018294
PAIR-0737,SYN-0136,SYN-0446,1,0.9167,3,Highly Similar,0.7441565616629364,0.9624686577467642,1.0000000000000016,1.0,0.049443921584745434,1.0,1.0,0.16997474670636611
PAIR-0741,SYN-0152,SYN-0566,1,0.9167,3,Highly Similar,0.6683707025298298,0.7871966061991033,1.0000000000000016,1.0,0.03992883593314474,1.0,1.0,0.014928963889200307
PAIR-0747,SYN-0092,SYN-0584,1,0.9167,3,Highly Similar,0.7118384369157308,0.8134467909577774,1.0000000000000007,0.9999999999999993,0.019224050344583375,1.0,1.0,0.024254099660720375
PAIR-0756,SYN-0064,SYN-0194,1,0.9412,3,Highly Similar,0.6241604736595181,0.8270337069490064,1.0,1.0000000000000013,0.040157584397110896,1.0000000000000002,1.0,0.023172683650114097
PAIR-0758,SYN-0204,SYN-0282,1,1.0,3,Highly Similar,1.0000000000000002,0.8061892257890704,1.0,1.0000000000000002,0.02086270648700225,1.0,1.0,0.026846898342445417
PAIR-0759,SYN-0185,SYN-0521,1,0.9429,3,Highly Similar,0.6063215064560389,0.7896889468560551,1.0000000000000002,1.0,0.02503632546002444,1.0,1.0,0.02284878883365555
PAIR-0760,SYN-0168,SYN-0478,1,0.9412,3,Highly Similar,0.6697213867430911,0.950385711282523,1.0,1.0000000000000013,0.02503632546002444,1.0000000000000002,1.0,1.0
PAIR-0766,SYN-0105,SYN-0467,1,0.9118,3,Highly Similar,0.5387417855782355,0.7105063736787649,0.9999999999999999,0.9999999999999998,0.02503632546002444,1.0,1.0,0.044776474247134976
PAIR-0771,SYN-0105,SYN-0157,1,1.0,3,Highly Similar,1.0,0.7731431127966764,0.9999999999999999,0.9999999999999998,0.0640695419242022,1.0,1.0,0.044776474247134976
PAIR-0781,SYN-0236,SYN-0521,1,0.9167,3,Highly Similar,0.6149099168265075,0.811562617914014,1.0000000000000002,1.0,0.023892081866768083,1.0,1.0,0.023129804867103716
PAIR-0792,SYN-0051,SYN-0517,1,0.9412,3,Highly Similar,0.5710099788895355,0.9314358028714509,1.000000000000002,0.9999999999999998,0.02503632546002444,1.0,1.0,1.0000000000000002
PAIR-0800,SYN-0165,SYN-0398,1,0.9167,3,Highly Similar,0.6422395438321143,0.9675144472330036,0.9999999999999997,1.0000000000000002,0.11073703106740922,1.0,1.0,1.0
PAIR-0801,SYN-0027,SYN-0467,1,0.9118,3,Highly Similar,0.5412583706888171,0.7282416856995637,0.9999999999999999,0.9999999999999998,0.049443921584745434,1.0,1.0,0.6584309197916636
PAIR-0802,SYN-0046,SYN-0538,1,0.9167,3,Highly Similar,0.5690537972843366,0.8303994943252986,1.0000000000000002,0.9999999999999981,0.014864848687586085,1.0,1.0,0.01806377038989184
PAIR-0804,SYN-0030,SYN-0082,1,0.9429,3,Highly Similar,0.7109671461921111,0.8859184449357951,1.0000000000000002,1.0000000000000004,1.0,1.0,1.0,0.018877505521054258
PAIR-0810,SYN-0469,SYN-0547,1,0.9167,3,Highly Similar,0.6128014277777242,0.8871886378626506,1.0000000000000002,1.0,1.0000000000000004,1.0,1.0,0.017200597411476875
PAIR-0812,SYN-0243,SYN-0595,1,0.725,3,Highly Similar,0.06753815311170898,0.5182308980771818,0.5540044485679793,0.5406054542206151,0.03708340816645848,1.0,0.0,0.030263311439488134
PAIR-0828,SYN-0325,SYN-0532,1,0.9429,3,Highly Similar,0.7494314752237423,0.8366305708340198,1.0000000000000007,0.9999999999999993,0.08287688990740738,1.0,1.0,0.024555030060727595
PAIR-0830,SYN-0285,SYN-0466,1,0.9429,3,Highly Similar,0.6704520516840112,0.7681952526011363,0.9999999999999998,1.0000000000000002,0.0444595271076699,1.0000000000000002,1.0,0.10895598826170594
PAIR-0848,SYN-0025,SYN-0269,1,0.7632,3,Highly Similar,0.08237982801780824,0.5182964126853333,0.5540044485679793,0.5406054542206151,0.042053812304518705,1.0,0.0,0.04247517197375908
PAIR-0850,SYN-0237,SYN-0522,1,0.9167,3,Highly Similar,0.7071103812986553,0.7651702026815509,1.0000000000000002,1.0000000000000004,0.039181891032583294,1.0,1.0,0.014928963889200307
PAIR-0853,SYN-0010,SYN-0413,1,0.7632,3,Highly Similar,0.07922847988934588,0.5017951726328785,0.5540044485679793,0.5406054542206151,0.02503632546002444,1.0,0.0,0.01762579776872631
PAIR-0857,SYN-0410,SYN-0436,1,1.0,3,Highly Similar,1.0,0.8752319797222148,1.0000000000000016,1.0,0.09426056986529957,1.0,1.0,0.0
PAIR-0876,SYN-0187,SYN-0238,1,0.9474,3,Highly Similar,0.8286660628030399,0.8555138281926663,0.9999999999999994,1.0,0.06268000853599372,1.0,1.0,0.02284878883365555
PAIR-0886,SYN-0066,SYN-0221,1,0.9429,3,Highly Similar,0.7657349751698728,0.8951004956701417,1.0000000000000007,0.9999999999999993,0.013112892679882186,1.0,1.0,0.0
PAIR-0892,SYN-0011,SYN-0089,1,0.9394,3,Highly Similar,0.6735534249797389,0.8603803853122544,0.9999999999999999,1.0,1.0000000000000002,1.0,1.0,0.02023816792343047
PAIR-0900,SYN-0124,SYN-0176,1,0.9429,3,Highly Similar,0.6814092623739284,0.8112437457186444,1.0000000000000002,0.9999999999999981,0.07191136188695764,1.0,1.0,0.018555918925305972
PAIR-0907,SYN-0476,SYN-0595,1,0.7436,3,Highly Similar,0.07399569007789403,0.5781430487265757,0.5540044485679793,0.5406054542206151,0.09426056986529957,1.0,0.0,0.029397104641649064
PAIR-0908,SYN-0181,SYN-0336,1,0.9143,3,Highly Similar,0.5582783891652886,0.7183673596196503,1.000000000000002,0.9999999999999998,0.06268000853599372,1.0,1.0,0.0
PAIR-0911,SYN-0290,SYN-0549,1,0.973,3,Highly Similar,0.729630677827777,0.8581533933110483,0.9999999999999994,1.0,0.06001087285043441,1.0,1.0,0.0336144559401412
PAIR-0924,SYN-0349,SYN-0452,1,0.9412,3,Highly Similar,0.670370173395694,0.7983129747215189,1.0,1.0000000000000013,0.08287688990740738,1.0000000000000002,1.0,0.024188902129880382
PAIR-0925,SYN-0170,SYN-0196,1,1.0,3,Highly Similar,0.9999999999999996,0.8397806887305327,1.0000000000000007,0.9999999999999993,0.07191136188695764,1.0,1.0,0.0336144559401412
PAIR-0926,SYN-0502,SYN-0595,1,0.7436,3,Highly Similar,0.07118888531574574,0.5969156702625786,0.5540044485679793,0.5406054542206151,1.0000000000000004,1.0,0.0,0.029397104641649064
PAIR-0929,SYN-0318,SYN-0473,1,0.9412,3,Highly Similar,0.658427940798408,0.7304167209220117,0.9999999999999984,1.0000000000000004,0.039181891032583294,1.0,1.0,0.03497808560968547
PAIR-0931,SYN-0312,SYN-0493,1,0.9688,3,Highly Similar,0.5423982575675229,0.7605340526328243,0.9999999999999999,0.9999999999999998,0.08287688990740738,1.0,1.0,0.0293901845279424
PAIR-0941,SYN-0050,SYN-0361,1,0.9412,3,Highly Similar,0.6219855720174656,0.8039362236344398,0.9999999999999998,1.0000000000000002,0.06827013080437296,1.0,1.0,0.021932350754337474
PAIR-0943,SYN-0189,SYN-0370,1,0.9412,3,Highly Similar,0.6183416912665817,0.8167263695558513,0.9999999999999984,1.0000000000000004,0.015562708906446683,1.0,1.0,0.02973217704967169
PAIR-0945,SYN-0227,SYN-0538,1,0.9429,3,Highly Similar,0.5014467517780952,0.8579071183523868,1.0000000000000002,0.9999999999999981,0.02655764372180957,1.0,1.0,0.0
PAIR-0946,SYN-0141,SYN-0529,1,0.9394,3,Highly Similar,0.6690828254311542,0.8375820800174452,0.9999999999999999,1.0,0.0690597706857835,1.0,1.0,0.017200597411476875
PAIR-0948,SYN-0004,SYN-0082,1,0.9429,3,Highly Similar,0.7109671461921111,0.8342759225693728,1.0000000000000002,1.0000000000000004,1.0,1.0,1.0,0.0
PAIR-0965,SYN-0044,SYN-0588,1,0.9429,3,Highly Similar,0.7217300782916238,0.7712768824553835,1.0000000000000002,1.0000000000000002,0.02503632546002444,1.0000000000000002,1.0,0.013424404331690901
PAIR-0969,SYN-0025,SYN-0580,1,0.7632,3,Highly Similar,0.0826780274350136,0.49872220532408273,0.5540044485679793,0.5406054542206151,0.0531946842739727,1.0,0.0,0.0
PAIR-0970,SYN-0287,SYN-0572,1,0.9429,3,Highly Similar,0.6850769876074717,0.8155505868059282,1.0000000000000002,1.0,0.03179744592877114,1.0,1.0,0.1883095710199688
PAIR-0979,SYN-0378,SYN-0507,1,0.9091,3,Highly Similar,0.5942579212327364,0.7247273881665254,1.0000000000000022,1.0000000000000002,0.0444595271076699,1.0,1.0,0.026958455208865445
PAIR-0986,SYN-0069,SYN-0095,1,0.9394,3,Highly Similar,0.5147403099817863,0.8124096229982168,1.0,1.0,0.040157584397110896,1.0,1.0,0.6468175759612678
PAIR-0995,SYN-0193,SYN-0529,1,0.9394,3,Highly Similar,0.6690828254311542,0.7891465472692276,0.9999999999999999,1.0,0.028472967256605038,1.0,1.0,0.027966966550991276
PAIR-1002,SYN-0239,SYN-0369,1,0.9167,3,Highly Similar,0.7436847186646283,0.8909311648050439,1.0000000000000016,1.0,0.02086270648700225,1.0,1.0,0.0
PAIR-1009,SYN-0153,SYN-0334,1,0.9412,3,Highly Similar,0.6135059807816279,0.8346663785419567,1.0,1.0000000000000002,0.0030491727376322384,1.0,1.0,0.02973217704967169
PAIR-1010,SYN-0213,SYN-0576,1,0.9429,3,Highly Similar,0.7840086117622571,0.816826914948752,1.0000000000000016,1.0,0.06001087285043441,1.0,1.0,0.015124399477681159
PAIR-1012,SYN-0303,SYN-0510,1,0.9429,3,Highly Similar,0.7297825505670001,0.7873041427528444,1.0000000000000002,1.0000000000000002,0.06001087285043441,1.0000000000000002,1.0,0.024188902129880382
PAIR-1025,SYN-0321,SYN-0347,1,0.9429,3,Highly Similar,0.6702774093895225,0.8471492640856305,1.0000000000000004,0.9999999999999998,1.0000000000000016,1.0,1.0,0.2630418923512479
PAIR-1030,SYN-0331,SYN-0590,1,0.9429,3,Highly Similar,0.6768064612946014,0.7726711746688197,1.0000000000000002,0.9999999999999981,0.0444595271076699,1.0,1.0,0.0
PAIR-1036,SYN-0076,SYN-0516,1,0.9412,3,Highly Similar,0.6671520273674946,0.7867118018135596,0.9999999999999998,1.0000000000000002,0.02503632546002444,1.0,1.0,0.015124399477681159
PAIR-1043,SYN-0293,SYN-0397,1,0.9167,3,Highly Similar,0.704517296750536,0.8718897375897485,1.0000000000000007,0.9999999999999993,1.0000000000000002,1.0,1.0,0.016335655951814552
PAIR-1047,SYN-0041,SYN-0352,1,0.9677,3,Highly Similar,0.48813581581626775,0.7939345610346883,1.0000000000000022,1.0000000000000002,0.046501162710801125,1.0,1.0,0.0
PAIR-1050,SYN-0065,SYN-0195,1,0.9412,3,Highly Similar,0.664249982473355,0.9057167254523747,1.0000000000000004,1.0000000000000002,0.07191136188695764,1.0,1.0,0.0
PAIR-1053,SYN-0274,SYN-0403,1,0.9375,3,Highly Similar,0.6518003540661714,0.7780392648059969,1.0000000000000022,1.0000000000000002,0.06001087285043441,1.0,1.0,0.022233220731288215
PAIR-1055,SYN-0174,SYN-0355,1,0.9429,3,Highly Similar,0.7233969970787991,0.8367887210689293,1.0000000000000002,1.0000000000000002,0.04581509736903244,1.0000000000000002,1.0,0.03072138281198905
PAIR-1066,SYN-0169,SYN-0272,1,0.9412,3,Highly Similar,0.6171288994146611,0.8342091720025123,1.0000000000000004,1.0000000000000002,0.013112892679882186,1.0,1.0,0.03497808560968547
PAIR-1071,SYN-0252,SYN-0278,1,0.9412,3,Highly Similar,0.6160819735390505,0.8610260355464235,0.9999999999999998,1.0000000000000002,1.0000000000000002,1.0000000000000002,1.0,0.0
PAIR-1074,SYN-0182,SYN-0492,1,0.9429,3,Highly Similar,0.612283050228126,0.942515461992201,0.9999999999999998,1.0000000000000002,0.049443921584745434,1.0000000000000002,1.0,1.0000000000000002
PAIR-1077,SYN-0216,SYN-0579,1,0.9706,3,Highly Similar,0.5734088348407416,0.7940765169313762,0.9999999999999997,1.0000000000000002,0.08287688990740738,1.0,1.0,0.02284878883365555
PAIR-1083,SYN-0186,SYN-0496,1,0.9167,3,Highly Similar,0.6643908728034392,0.9468807773929303,1.0000000000000002,1.0000000000000004,0.049443921584745434,1.0,1.0,0.5738460809602193
PAIR-1089,SYN-0414,SYN-0518,1,0.9429,3,Highly Similar,0.6998294612929125,0.7747334568687432,0.9999999999999998,1.0000000000000002,0.060635219401191216,1.0000000000000002,1.0,0.0
PAIR-1094,SYN-0494,SYN-0520,1,0.9429,3,Highly Similar,0.6598414623188225,0.8465012972168129,1.0000000000000002,1.0,0.09426056986529957,1.0,1.0,0.0
PAIR-1103,SYN-0106,SYN-0546,1,0.9429,3,Highly Similar,0.678943862671778,0.763777891341161,1.0000000000000002,1.0,0.049443921584745434,1.0,1.0,0.01622784826089571
PAIR-1105,SYN-0035,SYN-0061,1,0.9429,3,Highly Similar,0.6825196679173183,0.8162801034702929,0.9999999999999997,1.0000000000000002,0.0640695419242022,1.0,1.0,0.03188682943148883
PAIR-1110,SYN-0072,SYN-0434,1,0.9429,3,Highly Similar,0.6680891517215394,0.8075772697786588,1.0000000000000002,0.9999999999999981,0.03905908140646072,1.0,1.0,0.03047855538189337
PAIR-1116,SYN-0015,SYN-0171,1,1.0,3,Highly Similar,1.0,1.0000000000000002,1.0000000000000022,1.0000000000000002,0.07191136188695764,1.0,1.0,0.023030653080536746
PAIR-1124,SYN-0291,SYN-0446,1,0.9429,3,Highly Similar,0.7512650446966326,0.8302677834067216,1.0000000000000016,1.0,0.05903918098534239,1.0,1.0,0.01514269391177691
PAIR-1128,SYN-0388,SYN-0569,1,0.9143,3,Highly Similar,0.5405164646640548,0.7430397361313856,1.000000000000002,0.9999999999999998,0.03179744592877114,1.0,1.0,0.02625863999715187
PAIR-1135,SYN-0130,SYN-0570,1,0.9429,3,Highly Similar,0.704608667669986,0.742577530014212,0.9999999999999998,1.0000000000000002,0.014864848687586085,1.0000000000000002,1.0,0.013476869677009763
PAIR-1137,SYN-0416,SYN-0572,1,1.0,3,Highly Similar,1.0,1.000000000000001,1.0000000000000002,1.0,0.9999999999999999,1.0,1.0,1.0000000000000002
PAIR-1146,SYN-0069,SYN-0457,1,0.9394,3,Highly Similar,0.5646911800012492,0.7681096270551601,1.0,1.0,0.014864848687586085,1.0,1.0,0.037623238027342444
PAIR-1149,SYN-0097,SYN-0563,1,0.9412,3,Highly Similar,0.6142672644030633,0.9441160125959024,0.9999999999999998,1.0000000000000002,0.03905908140646072,1.0000000000000002,1.0,0.04247517197375908
PAIR-1152,SYN-0342,SYN-0419,1,0.9231,3,Highly Similar,0.7984273955676597,0.9638108924506827,0.9999999999999994,1.0,0.03179744592877114,1.0,1.0,0.041991165423474364
PAIR-1157,SYN-0219,SYN-0452,1,0.9697,3,Highly Similar,0.5442024877835437,0.9530060540610509,1.0,1.0000000000000013,0.08287688990740738,1.0000000000000002,1.0,1.0
PAIR-1163,SYN-0144,SYN-0273,1,0.9429,3,Highly Similar,0.7059095488748344,0.8494917851811434,1.0000000000000007,0.9999999999999993,0.0030491727376322384,1.0,1.0,0.0
PAIR-1166,SYN-0202,SYN-0487,1,0.9429,3,Highly Similar,0.6859122894655825,0.7857246723375346,1.0000000000000004,1.0000000000000002,0.03179744592877114,1.0000000000000002,1.0,0.0
PAIR-1168,SYN-0441,SYN-0493,1,0.9394,3,Highly Similar,0.6796104350152203,0.8471655549681834,0.9999999999999999,0.9999999999999998,0.09426056986529957,1.0,1.0,0.020940357966519402
PAIR-1178,SYN-0037,SYN-0193,1,0.9394,3,Highly Similar,0.6930966637851851,1.0000000000000002,0.9999999999999999,1.0,0.040157584397110896,1.0,1.0,1.0
PAIR-1182,SYN-0478,SYN-0582,1,0.9412,3,Highly Similar,0.6671424600295242,0.8673301684040124,1.0,1.0000000000000013,0.9999999999999999,1.0000000000000002,1.0,0.01622784826089571
PAIR-1185,SYN-0280,SYN-0591,1,0.9429,3,Highly Similar,0.697479658665396,0.778935679192175,1.0000000000000004,1.0000000000000002,0.08287688990740738,1.0000000000000002,1.0,0.021210303879264807
PAIR-1189,SYN-0028,SYN-0391,1,0.9167,3,Highly Similar,0.6360955163539027,0.7652590588234152,1.0000000000000002,1.0,0.015562708906446683,1.0,1.0,0.02057481448225616
PAIR-1191,SYN-0409,SYN-0487,1,0.9429,3,Highly Similar,0.6903182329359554,0.8718409972122773,1.0000000000000004,1.0000000000000002,0.08578634339055208,1.0000000000000002,1.0,0.023192535148944763
PAIR-1195,SYN-0027,SYN-0131,1,1.0,3,Highly Similar,1.0000000000000002,0.8472343729376792,0.9999999999999999,0.9999999999999998,1.0,1.0,1.0,0.019069614920195408
PAIR-1201,SYN-0233,SYN-0596,1,0.9429,3,Highly Similar,0.6743785355594604,0.7942747320581569,0.9999999999999998,1.0000000000000002,0.05903918098534239,1.0000000000000002,1.0,0.02665464178516917
PAIR-1216,SYN-0136,SYN-0188,1,1.0,3,Highly Similar,1.0,0.8505219694326491,1.0000000000000016,1.0,0.0640695419242022,1.0,1.0,0.018555918925305972
PAIR-1217,SYN-0315,SYN-0548,1,0.9429,3,Highly Similar,0.7509646976436932,0.950212273363075,1.0000000000000002,1.0000000000000004,0.05903918098534239,1.0,1.0,1.0
PAIR-1221,SYN-0161,SYN-0471,1,0.9474,3,Highly Similar,0.8304539201830428,0.9607675432091692,0.9999999999999994,1.0,0.014864848687586085,1.0,1.0,0.0
PAIR-1222,SYN-0263,SYN-0574,1,0.9429,3,Highly Similar,0.7386476508806783,0.858846001275323,1.0000000000000002,1.0000000000000004,0.02655764372180957,1.0,1.0,0.0
PAIR-1228,SYN-0314,SYN-0547,1,0.9167,3,Highly Similar,0.5887932057085856,0.9470012830935136,1.0000000000000002,1.0,0.0444595271076699,1.0,1.0,0.19426651324061864
PAIR-1230,SYN-0020,SYN-0408,1,0.9429,3,Highly Similar,0.6863018637726392,0.773488106429514,1.0000000000000002,0.9999999999999981,0.028472967256605038,1.0,1.0,0.024159678645707627
PAIR-1236,SYN-0165,SYN-0527,1,0.9429,3,Highly Similar,0.6883151833654853,0.7735434791243597,0.9999999999999997,1.0000000000000002,0.019224050344583375,1.0,1.0,0.02701923548805889
PAIR-1237,SYN-0075,SYN-0308,1,0.9697,3,Highly Similar,0.5484997514716256,0.9664084254619937,1.0,1.0000000000000002,0.015562708906446683,1.0,1.0,1.0
PAIR-1240,SYN-0292,SYN-0447,1,0.8889,3,Highly Similar,0.5386811363345931,0.7889187960916878,0.9999999999999984,1.0000000000000004,0.0444595271076699,1.0,1.0,0.02593961011781908
PAIR-1251,SYN-0135,SYN-0161,1,1.0,3,Highly Similar,1.0,0.9103316158654702,0.9999999999999994,1.0,0.9999999999999989,1.0,1.0,0.0
PAIR-1252,SYN-0182,SYN-0389,1,0.9429,3,Highly Similar,0.6191530193889359,0.7975552985303385,0.9999999999999998,1.0000000000000002,0.06268000853599372,1.0000000000000002,1.0,0.041991165423474364
PAIR-1262,SYN-0115,SYN-0529,1,0.9394,3,Highly Similar,0.6075305145302976,0.8164016569876629,0.9999999999999999,1.0,0.028472967256605038,1.0,1.0,0.023030653080536746
PAIR-1272,SYN-0415,SYN-0597,1,0.9394,3,Highly Similar,0.6815132978973437,0.8265247163507334,0.9999999999999999,0.9999999999999998,0.09426056986529957,1.0,1.0,0.016524564100924604
PAIR-1279,SYN-0242,SYN-0527,1,0.9429,3,Highly Similar,0.7098132562212024,0.7735434791243597,0.9999999999999997,1.0000000000000002,0.0444595271076699,1.0,1.0,0.3054195385514388
PAIR-1289,SYN-0427,SYN-0505,1,1.0,3,Highly Similar,1.0,0.9062792977143146,1.0000000000000004,1.0000000000000002,0.060635219401191216,1.0,1.0,0.022506665925524562
PAIR-1291,SYN-0382,SYN-0563,1,0.9697,3,Highly Similar,0.474449373279282,0.7145284725792308,0.9999999999999998,1.0000000000000002,0.05903918098534239,1.0000000000000002,1.0,0.026958455208865445
PAIR-1298,SYN-0261,SYN-0494,1,0.9429,3,Highly Similar,0.6745643963119361,0.9479960471878693,1.0000000000000002,1.0,0.0444595271076699,1.0,1.0,0.07635162400096726
PAIR-1300,SYN-0072,SYN-0279,1,0.9429,3,Highly Similar,0.6820639971325304,0.8496795753818384,1.0000000000000002,0.9999999999999981,0.042053812304518705,1.0,1.0,0.02665464178516917
PAIR-1317,SYN-0055,SYN-0236,1,0.9167,3,Highly Similar,0.6288246112790177,0.8312507661304688,1.0000000000000002,1.0,0.11073703106740922,1.0,1.0,0.0
PAIR-1318,SYN-0412,SYN-0490,1,1.0,3,Highly Similar,1.0000000000000002,0.9189438465798174,0.9999999999999998,1.0000000000000002,0.09426056986529957,1.0,1.0,0.0
PAIR-1323,SYN-0295,SYN-0321,1,0.9167,3,Highly Similar,0.6139974445006022,0.7988362238426958,1.0000000000000004,0.9999999999999998,0.0029950390026826923,1.0,1.0,0.0
PAIR-1339,SYN-0419,SYN-0497,1,1.0,3,Highly Similar,1.0,0.8449120883229752,0.9999999999999994,1.0,0.08578634339055208,1.0,1.0,0.027767313317979162
PAIR-1342,SYN-0547,SYN-0599,1,0.9167,3,Highly Similar,0.6024336778865164,0.8187141830458304,1.0000000000000002,1.0,0.09426056986529957,1.0,1.0,0.027330669734477668
PAIR-1344,SYN-0021,SYN-0073,1,0.9429,3,Highly Similar,0.6287078653209173,0.7964370341536975,1.0000000000000004,1.0000000000000002,0.0640695419242022,1.0000000000000002,1.0,0.04631158407334182
PAIR-1349,SYN-0147,SYN-0509,1,0.9394,3,Highly Similar,0.500886916977904,0.740990414860595,1.0,1.0,0.03992883593314474,1.0,1.0,0.023129804867103716
PAIR-1355,SYN-0123,SYN-0433,1,0.9412,3,Highly Similar,0.5958701743822395,0.9321148407383526,0.9999999999999998,1.0000000000000002,0.02503632546002444,1.0000000000000002,1.0,0.023030653080536746
PAIR-1356,SYN-0140,SYN-0569,1,0.7436,3,Highly Similar,0.07332992486887654,0.4872699602748123,0.5540044485679793,0.5406054542206151,0.02503632546002444,1.0,0.0,0.030833828637999373
PAIR-1363,SYN-0048,SYN-0126,1,0.9429,3,Highly Similar,0.71228997524522,0.9209699506266835,1.0000000000000016,1.0,0.07191136188695764,1.0,1.0,0.0
PAIR-1364,SYN-0006,SYN-0420,1,0.9167,3,Highly Similar,0.7433763408297763,0.856353918991995,1.0000000000000016,1.0,0.0690597706857835,1.0,1.0,0.028810367260630323
PAIR-1366,SYN-0062,SYN-0476,1,0.9429,3,Highly Similar,0.6896871865567554,0.7697387022554205,1.0000000000000004,0.9999999999999998,0.014864848687586085,1.0,1.0,0.029397104641649064
PAIR-1369,SYN-0111,SYN-0499,1,0.9412,3,Highly Similar,0.6547051238578797,0.8193529428782617,0.9999999999999984,1.0000000000000004,0.049443921584745434,1.0,1.0,0.022619169202971405
PAIR-1372,SYN-0075,SYN-0515,1,0.9412,3,Highly Similar,0.6824208461968283,0.7890371632703642,1.0,1.0000000000000002,0.03992883593314474,1.0,1.0,0.03497808560968547
PAIR-1377,SYN-0089,SYN-0270,1,0.9688,3,Highly Similar,0.5537512101461809,0.7864682788902562,0.9999999999999999,1.0,0.06827013080437296,1.0,1.0,0.027882694783023843
PAIR-1379,SYN-0244,SYN-0451,1,0.9394,3,Highly Similar,0.6887363069821276,0.8159212058585884,0.9999999999999999,1.0,0.023892081866768083,1.0,1.0,0.019611441047045947
PAIR-1380,SYN-0044,SYN-0432,1,0.9429,3,Highly Similar,0.716998889369311,0.7712768824553835,1.0000000000000002,1.0000000000000002,0.02503632546002444,1.0000000000000002,1.0,0.020568054634403816
PAIR-1389,SYN-0284,SYN-0450,1,0.7436,3,Highly Similar,0.07505175113450135,0.5153463740954276,0.5540044485679793,0.5406054542206151,0.039181891032583294,1.0,0.0,0.2958101997565905
PAIR-1393,SYN-0095,SYN-0302,1,0.9688,3,Highly Similar,0.38441477096295995,0.767065813056531,1.0,1.0,0.0030491727376322384,1.0,1.0,0.6468175759612678
PAIR-1395,SYN-0206,SYN-0310,1,0.9412,3,Highly Similar,0.6100091140497155,0.8317368012192906,1.000000000000002,0.9999999999999998,0.02390512074852718,1.0,1.0,0.02973217704967169
PAIR-1412,SYN-0318,SYN-0447,1,0.9143,3,Highly Similar,0.5952190501768343,0.7448908059278289,0.9999999999999984,1.0000000000000004,0.06001087285043441,1.0,1.0,0.034553118648998994
PAIR-1415,SYN-0121,SYN-0250,1,0.9394,3,Highly Similar,0.5647036853891632,0.7059511192006758,1.0,1.0,0.046501162710801125,1.0,1.0,0.0
PAIR-1418,SYN-0051,SYN-0140,1,0.7632,3,Highly Similar,0.0743967799744455,0.575115501642946,0.5540044485679793,0.5406054542206151,0.9999999999999989,1.0,0.0,0.030071554604071207
PAIR-1421,SYN-0073,SYN-0099,1,0.9429,3,Highly Similar,0.6287078653209173,0.8140374079271001,1.0000000000000004,1.0000000000000002,0.040157584397110896,1.0000000000000002,1.0,0.036177268971577074
PAIR-1423,SYN-0201,SYN-0383,1,0.9429,3,Highly Similar,0.6768173719043058,0.8608726985910939,1.0000000000000002,0.9999999999999981,0.02390512074852718,1.0,1.0,0.0
PAIR-1425,SYN-0424,SYN-0517,1,0.7632,3,Highly Similar,0.08085736471448132,0.6137742443448563,0.5540044485679793,0.5406054542206151,0.060635219401191216,1.0,0.0,0.0
PAIR-1427,SYN-0016,SYN-0560,1,0.9429,3,Highly Similar,0.6861885250655961,0.7816033184843085,1.0,0.9999999999999998,0.049443921584745434,1.0000000000000002,1.0,0.29856181174611696
PAIR-1430,SYN-0298,SYN-0324,1,1.0,3,Highly Similar,1.0000000000000002,0.8719715725166332,1.0000000000000004,1.0000000000000002,0.02390512074852718,1.0,1.0,0.029769058671394788
PAIR-1431,SYN-0208,SYN-0545,1,0.9688,3,Highly Similar,0.5423982575675229,0.7347964818914158,0.9999999999999999,0.9999999999999998,0.03708340816645848,1.0,1.0,0.0
PAIR-1441,SYN-0283,SYN-0309,1,0.9412,3,Highly Similar,0.6827709297023861,0.8306837779782683,0.9999999999999998,1.0000000000000002,0.02390512074852718,1.0,1.0,0.015124399477681159
PAIR-1442,SYN-0050,SYN-0464,1,0.9412,3,Highly Similar,0.6087773198810722,0.8071201588242071,0.9999999999999998,1.0000000000000002,0.028472967256605038,1.0,1.0,0.030263311439488134
PAIR-1447,SYN-0303,SYN-0588,1,0.9429,3,Highly Similar,0.7345980937569999,0.7920244795190898,1.0000000000000002,1.0000000000000002,0.03179744592877114,1.0000000000000002,1.0,0.018523638151246944
PAIR-1448,SYN-0186,SYN-0263,1,0.9429,3,Highly Similar,0.7088143435868512,0.9667230675584073,1.0000000000000002,1.0000000000000004,0.046501162710801125,1.0,1.0,0.0
PAIR-1453,SYN-0012,SYN-0426,1,0.9143,3,Highly Similar,0.5740512138389955,0.8202579401468983,1.0,1.0000000000000013,0.019224050344583375,1.0000000000000002,1.0,0.013055939814219647
PAIR-1454,SYN-0049,SYN-0075,1,0.9412,3,Highly Similar,0.6313325108503748,0.8386542190881956,1.0,1.0000000000000002,0.07191136188695764,1.0,1.0,0.03497808560968547
PAIR-1458,SYN-0281,SYN-0488,1,0.9429,3,Highly Similar,0.5909536643190504,0.8484812840408645,1.0000000000000016,1.0,0.023892081866768083,1.0,1.0,0.6776969855938058
PAIR-1461,SYN-0337,SYN-0492,1,0.9706,3,Highly Similar,0.5281237262998899,0.7242944549015231,0.9999999999999998,1.0000000000000002,0.03179744592877114,1.0000000000000002,1.0,0.037015988051066345
PAIR-1462,SYN-0424,SYN-0465,1,0.8108,3,Highly Similar,0.1591700999485811,0.5936813117775669,0.5540044485679793,0.5406054542206151,1.0000000000000004,1.0,0.0,0.0
PAIR-1464,SYN-0191,SYN-0475,1,0.9429,3,Highly Similar,0.7284556995155633,0.8151077085285541,0.9999999999999997,1.0000000000000002,0.019224050344583375,1.0,1.0,0.016524564100924604
PAIR-1467,SYN-0028,SYN-0132,1,1.0,3,Highly Similar,1.0000000000000002,0.8431607925941186,1.0000000000000002,1.0,0.0640695419242022,1.0,1.0,0.020143024595497844
PAIR-1477,SYN-0156,SYN-0259,1,0.9706,3,Highly Similar,0.5502965667712957,0.7975552985303385,0.9999999999999998,1.0000000000000002,0.046501162710801125,1.0000000000000002,1.0,0.6750587166765522
PAIR-1478,SYN-0038,SYN-0323,1,0.9697,3,Highly Similar,0.5132620546367648,0.8454927409455945,1.0,1.0000000000000013,0.015562708906446683,1.0000000000000002,1.0,0.0
PAIR-1484,SYN-0382,SYN-0589,1,0.9697,3,Highly Similar,0.4714696731873957,0.7875386314516015,0.9999999999999998,1.0000000000000002,0.02655764372180957,1.0000000000000002,1.0,0.017750280459335636
PAIR-1488,SYN-0048,SYN-0359,1,0.9429,3,Highly Similar,0.7128087654467484,0.891263141942139,1.0000000000000016,1.0,0.06827013080437296,1.0,1.0,0.01828789487709646
PAIR-1490,SYN-0049,SYN-0230,1,0.9143,3,Highly Similar,0.594586954436628,0.7926013677862006,1.0,1.0000000000000002,0.06827013080437296,1.0,1.0,0.02691970974354698
PAIR-1503,SYN-0290,SYN-0368,1,0.973,3,Highly Similar,0.735459549455012,0.915874532754283,0.9999999999999994,1.0,1.0000000000000016,1.0,1.0,0.02948221512356881
PAIR-1504,SYN-0122,SYN-0251,1,0.9706,3,Highly Similar,0.6012683233122506,0.8367887210689293,1.0000000000000002,1.0000000000000002,0.015562708906446683,1.0000000000000002,1.0,0.0
PAIR-1507,SYN-0125,SYN-0513,1,0.9429,3,Highly Similar,0.639907622553353,0.7789358240074411,1.0000000000000004,1.0000000000000002,0.03992883593314474,1.0000000000000002,1.0,0.02593961011781908
PAIR-1509,SYN-0462,SYN-0514,1,0.9429,3,Highly Similar,0.76053096846521,0.8732510684939245,1.0000000000000016,1.0,0.060635219401191216,1.0,1.0,0.016335655951814552
PAIR-1532,SYN-0428,SYN-0532,1,0.9429,3,Highly Similar,0.7431376617031553,0.9009337174662886,1.0000000000000007,0.9999999999999993,0.09426056986529957,1.0,1.0,0.018877505521054258
PAIR-1535,SYN-0018,SYN-0510,1,0.9429,3,Highly Similar,0.7572944477265597,0.8131278762386808,1.0000000000000002,1.0000000000000002,0.0690597706857835,1.0000000000000002,1.0,0.024555030060727595
PAIR-1538,SYN-0368,SYN-0575,1,0.9474,3,Highly Similar,0.8225708527745702,0.8358356011717002,0.9999999999999994,1.0,0.06001087285043441,1.0,1.0,0.02764828167290212
PAIR-1542,SYN-0250,SYN-0509,1,0.9394,3,Highly Similar,0.5506028876279532,0.7134502621823061,1.0,1.0,0.02655764372180957,1.0,1.0,0.0
PAIR-1544,SYN-0216,SYN-0268,1,0.9429,3,Highly Similar,0.5553206666264737,0.8445895663417087,0.9999999999999997,1.0000000000000002,1.0000000000000002,1.0,1.0,0.020154420298496907
PAIR-1546,SYN-0012,SYN-0375,1,0.9143,3,Highly Similar,0.5810878072153505,0.8592299907263838,1.0,1.0000000000000013,0.11073703106740922,1.0000000000000002,1.0,0.01801521310499749
PAIR-1577,SYN-0022,SYN-0100,1,0.9429,3,Highly Similar,0.7131245418277876,0.8501692160734773,1.0000000000000016,1.0,0.0640695419242022,1.0,1.0,0.29856181174611696
PAIR-1578,SYN-0299,SYN-0532,1,0.9429,3,Highly Similar,0.7522297283236292,0.9541119918828871,1.0000000000000007,0.9999999999999993,0.039181891032583294,1.0,1.0,0.9999999999999998
PAIR-1592,SYN-0051,SYN-0321,1,0.7632,3,Highly Similar,0.07256476438269269,0.537110953808283,0.5540044485679793,0.5406054542206151,0.04581509736903244,1.0,0.0,0.0
PAIR-1596,SYN-0203,SYN-0307,1,1.0,3,Highly Similar,1.0000000000000004,0.8808736237164476,1.0000000000000016,1.0,1.0000000000000016,1.0,1.0,0.0
PAIR-1597,SYN-0245,SYN-0349,1,0.9697,3,Highly Similar,0.5468354031636323,0.8673709551037002,1.0,1.0000000000000013,0.0029950390026826923,1.0000000000000002,1.0,0.02365265560958043
PAIR-1601,SYN-0150,SYN-0408,1,0.9429,3,Highly Similar,0.6798207957604289,0.8208073060954363,1.0000000000000002,0.9999999999999981,0.019224050344583375,1.0,1.0,0.0
PAIR-1602,SYN-0086,SYN-0293,1,0.9167,3,Highly Similar,0.6710322482804264,0.8480465227838152,1.0000000000000007,0.9999999999999993,0.11073703106740922,1.0,1.0,0.02959240064886849
PAIR-1609,SYN-0347,SYN-0388,1,0.7632,3,Highly Similar,0.07997489689985209,0.5938460457081196,0.5540044485679793,0.5406054542206151,1.0000000000000016,1.0,0.0,0.0
PAIR-1625,SYN-0304,SYN-0433,1,0.9697,3,Highly Similar,0.4655184471782511,0.7879441148337872,0.9999999999999998,1.0000000000000002,0.05903918098534239,1.0000000000000002,1.0,0.021471168273774932
PAIR-1630,SYN-0038,SYN-0168,1,0.9412,3,Highly Similar,0.6316446225631107,0.8723049371249284,1.0,1.0000000000000013,0.0640695419242022,1.0000000000000002,1.0,0.029397104641649064
PAIR-1634,SYN-0248,SYN-0507,1,0.9375,3,Highly Similar,0.4731769596053735,0.7958741122853461,1.0000000000000022,1.0000000000000002,0.03708340816645848,1.0,1.0,0.017750280459335636
PAIR-1635,SYN-0103,SYN-0243,1,0.7436,3,Highly Similar,0.0754627907382433,0.5235780215666014,0.5540044485679793,0.5406054542206151,0.06827013080437296,1.0,0.0,0.018145154556774637
PAIR-1642,SYN-0345,SYN-0397,1,0.9429,3,Highly Similar,0.7635943857979004,0.8281547514568293,1.0000000000000007,0.9999999999999993,1.0000000000000002,1.0,1.0,0.0
PAIR-1647,SYN-0234,SYN-0493,1,0.9394,3,Highly Similar,0.6747219766804475,0.7282729120166073,0.9999999999999999,0.9999999999999998,0.039181891032583294,1.0,1.0,0.03528289438452101
PAIR-1656,SYN-0448,SYN-0578,1,0.9706,3,Highly Similar,0.7742097446845249,0.8738536740171279,1.0000000000000007,0.9999999999999993,0.09426056986529957,1.0,1.0,0.015371896674250487
PAIR-1673,SYN-0094,SYN-0508,1,0.9429,3,Highly Similar,0.6742717490787404,0.8310129724261335,1.0,0.9999999999999998,0.03905908140646072,1.0000000000000002,1.0,0.32469294845640106
PAIR-1677,SYN-0262,SYN-0573,1,0.9167,3,Highly Similar,0.6149099168265075,0.804531060892465,1.0000000000000002,1.0,0.0444595271076699,1.0,1.0,0.01923129468731988
PAIR-1678,SYN-0001,SYN-0260,1,0.9118,3,Highly Similar,0.6129430610231588,0.7522614321603877,0.9999999999999999,0.9999999999999998,0.042053812304518705,1.0,1.0,0.027966966550991276
PAIR-1682,SYN-0058,SYN-0498,1,0.9429,3,Highly Similar,0.785450465358794,0.8309653447960081,1.0000000000000016,1.0,0.019224050344583375,1.0,1.0,0.3044657756145084
PAIR-1686,SYN-0336,SYN-0362,1,0.9412,3,Highly Similar,0.4305702244391802,0.8597470257358443,1.000000000000002,0.9999999999999998,0.0029950390026826923,1.0,1.0,0.0
PAIR-1690,SYN-0278,SYN-0485,1,0.9143,3,Highly Similar,0.5445629872902599,0.7982728987928707,0.9999999999999998,1.0000000000000002,0.08287688990740738,1.0000000000000002,1.0,0.029609142236370657
PAIR-1694,SYN-0129,SYN-0155,1,0.9412,3,Highly Similar,0.5648706611548892,0.8321690469787937,1.000000000000002,0.9999999999999998,1.0,1.0,1.0,0.0336144559401412
PAIR-1695,SYN-0413,SYN-0424,1,0.7632,3,Highly Similar,0.07722289771398762,0.5803036196087952,0.5540044485679793,0.5406054542206151,0.060635219401191216,1.0,0.0,0.0
PAIR-1697,SYN-0001,SYN-0157,1,0.9394,3,Highly Similar,0.6131055133630976,0.9999999999999997,0.9999999999999999,0.9999999999999998,0.07191136188695764,1.0,1.0,0.04247517197375908
PAIR-1702,SYN-0003,SYN-0573,1,0.9429,3,Highly Similar,0.6141134401197348,0.8268158451128033,1.0000000000000002,1.0,0.0690597706857835,1.0,1.0,0.02433537162065943
PAIR-1703,SYN-0347,SYN-0595,1,0.7436,3,Highly Similar,0.07372880572734176,0.5371977971923417,0.5540044485679793,0.5406054542206151,0.06001087285043441,1.0,0.0,0.0
PAIR-1705,SYN-0033,SYN-0473,1,0.9412,3,Highly Similar,0.6022068481185255,0.8207917227560303,0.9999999999999984,1.0000000000000004,0.014864848687586085,1.0,1.0,0.023192535148944763
PAIR-1715,SYN-0131,SYN-0260,1,0.9118,3,Highly Similar,0.5671097610113465,0.8042756405135485,0.9999999999999999,0.9999999999999998,0.06268000853599372,1.0,1.0,0.019069614920195408
PAIR-1716,SYN-0108,SYN-0263,1,0.9429,3,Highly Similar,0.7492763736820246,0.878632986910803,1.0000000000000002,1.0000000000000004,0.046501162710801125,1.0,1.0,0.0
PAIR-1718,SYN-0029,SYN-0133,1,0.9429,3,Highly Similar,0.6659137727096405,0.8121802799697113,1.0000000000000002,1.0,0.0640695419242022,1.0,1.0,0.026958455208865445
PAIR-1724,SYN-0371,SYN-0526,1,0.9429,3,Highly Similar,0.7666133597942939,0.8720517518839745,1.0000000000000007,0.9999999999999993,0.03708340816645848,1.0,1.0,0.0
PAIR-1752,SYN-0328,SYN-0509,1,0.9394,3,Highly Similar,0.5506028876279532,0.713864228454384,1.0,1.0,0.02655764372180957,1.0,1.0,0.020154420298496907
PAIR-1768,SYN-0091,SYN-0557,1,0.9412,3,Highly Similar,0.6797740596728742,0.9577377748867338,1.0000000000000004,1.0000000000000002,0.014864848687586085,1.0,1.0,1.0
PAIR-1769,SYN-0413,SYN-0439,1,0.9412,3,Highly Similar,0.6071215822486747,0.8596887030301436,1.000000000000002,0.9999999999999998,0.9999999999999999,1.0,1.0,0.029609142236370657
PAIR-1777,SYN-0165,SYN-0553,1,0.9167,3,Highly Similar,0.634930928804001,0.8368457529026803,0.9999999999999997,1.0000000000000002,0.019224050344583375,1.0,1.0,0.022506665925524562
PAIR-1781,SYN-0148,SYN-0458,1,0.9167,3,Highly Similar,0.6712070368331919,0.9530353537588753,1.0000000000000002,1.0000000000000002,0.03905908140646072,1.0000000000000002,1.0,0.07635162400096726
PAIR-1789,SYN-0215,SYN-0526,1,0.9429,3,Highly Similar,0.7666133597942939,0.8720517518839745,1.0000000000000007,0.9999999999999993,0.0444595271076699,1.0,1.0,0.0
PAIR-1792,SYN-0526,SYN-0552,1,0.9706,3,Highly Similar,0.7709196298977681,0.8766491426450457,1.0000000000000007,0.9999999999999993,1.0000000000000004,1.0,1.0,0.044776474247134976
PAIR-1807,SYN-0051,SYN-0166,1,0.7632,3,Highly Similar,0.07451596838561265,0.5922593345750404,0.5540044485679793,0.5406054542206151,0.9999999999999989,1.0,0.0,0.023118519368989027
PAIR-1809,SYN-0057,SYN-0394,1,1.0,3,Highly Similar,0.713740066102334,0.8726375869618798,0.9999999999999994,1.0,0.042053812304518705,1.0,1.0,0.022233220731288215
PAIR-1810,SYN-0049,SYN-0360,1,0.9412,3,Highly Similar,0.6367952334287538,0.7771414255141283,1.0,1.0000000000000002,0.0030491727376322384,1.0,1.0,0.03497808560968547
PAIR-1812,SYN-0032,SYN-0162,1,1.0,3,Highly Similar,1.0000000000000002,0.891679508085425,1.0000000000000016,1.0,0.07191136188695764,1.0,1.0,0.024555030060727595
PAIR-1813,SYN-0036,SYN-0114,1,0.9429,3,Highly Similar,0.6845768104471781,0.9017637716967736,1.0000000000000004,0.9999999999999998,1.0000000000000002,1.0,1.0,0.32469294845640106
PAIR-1818,SYN-0082,SYN-0289,1,0.9429,3,Highly Similar,0.7024136588171771,0.804785010725942,1.0000000000000002,1.0000000000000004,0.06268000853599372,1.0,1.0,0.3044657756145084
PAIR-1821,SYN-0278,SYN-0537,1,0.9412,3,Highly Similar,0.6080020970145187,0.7695508982138123,0.9999999999999998,1.0000000000000002,0.0444595271076699,1.0000000000000002,1.0,0.027485872840346967
PAIR-1839,SYN-0169,SYN-0453,1,0.9412,3,Highly Similar,0.6272709290122981,0.8001674749529952,1.0000000000000004,1.0000000000000002,0.014864848687586085,1.0,1.0,0.028962210532623975
PAIR-1841,SYN-0333,SYN-0410,1,0.9167,3,Highly Similar,0.7300436488658844,0.9573083632365483,1.0000000000000016,1.0,0.03708340816645848,1.0,1.0,0.07635162400096726
PAIR-1846,SYN-0308,SYN-0386,1,1.0,3,Highly Similar,1.0000000000000004,0.8901506623919125,1.0,1.0000000000000002,1.0000000000000016,1.0,1.0,0.023192535148944763
PAIR-1847,SYN-0018,SYN-0096,1,0.9429,3,Highly Similar,0.7520694841467804,0.9120874914389813,1.0000000000000002,1.0000000000000002,1.0,1.0000000000000002,1.0,0.02785537773126374
PAIR-1855,SYN-0138,SYN-0526,1,0.9429,3,Highly Similar,0.7541785642624653,0.8720517518839745,1.0000000000000007,0.9999999999999993,0.028472967256605038,1.0,1.0,0.02785537773126374
PAIR-1857,SYN-0280,SYN-0332,1,0.9167,3,Highly Similar,0.62230731050843,0.8643623253343597,1.0000000000000004,1.0000000000000002,0.0029950390026826923,1.0000000000000002,1.0,0.020940357966519402
PAIR-1870,SYN-0045,SYN-0356,1,0.9143,3,Highly Similar,0.49851768540554714,0.8201364059651168,0.9999999999999998,1.0000000000000002,0.04581509736903244,1.0000000000000002,1.0,0.037623238027342444
PAIR-1873,SYN-0228,SYN-0513,1,0.9429,3,Highly Similar,0.697479658665396,0.7631122009588884,1.0000000000000004,1.0000000000000002,0.02655764372180957,1.0000000000000002,1.0,0.0
PAIR-1879,SYN-0167,SYN-0348,1,0.9118,3,Highly Similar,0.6264006862982098,0.813966164818994,0.9999999999999999,1.0,0.06827013080437296,1.0,1.0,0.021471168273774932
PAIR-1888,SYN-0019,SYN-0511,1,0.9412,3,Highly Similar,0.6268012557623186,0.7982834333193036,0.9999999999999998,1.0000000000000002,0.0531946842739727,1.0000000000000002,1.0,0.017801078092018294
PAIR-1889,SYN-0371,SYN-0552,1,0.9706,3,Highly Similar,0.7849698052113749,0.833658179053607,1.0000000000000007,0.9999999999999993,0.03708340816645848,1.0,1.0,0.0
PAIR-1894,SYN-0076,SYN-0490,1,0.9412,3,Highly Similar,0.6896853660995824,0.8234166870350209,0.9999999999999998,1.0000000000000002,0.019224050344583375,1.0,1.0,0.10895598826170594
PAIR-1895,SYN-0077,SYN-0243,1,0.7436,3,Highly Similar,0.07460246097230122,0.535364755834301,0.5540044485679793,0.5406054542206151,0.06827013080437296,1.0,0.0,0.018220553083533337
PAIR-1897,SYN-0045,SYN-0485,1,0.9143,3,Highly Similar,0.49175253423080556,0.7982728987928704,0.9999999999999998,1.0000000000000002,0.014864848687586085,1.0000000000000002,1.0,0.029609142236370657
PAIR-1898,SYN-0431,SYN-0535,1,0.9118,3,Highly Similar,0.5022073354241692,0.7559392155716006,1.0,1.0,0.9999999999999999,1.0,1.0,0.02612361736736085
PAIR-1900,SYN-0204,SYN-0230,1,1.0,3,Highly Similar,1.0000000000000002,0.8917093099121687,1.0,1.0000000000000002,0.9999999999999987,1.0,1.0,0.017801078092018294
PAIR-1902,SYN-0040,SYN-0196,1,1.0,3,Highly Similar,0.9999999999999996,1.0,1.0000000000000007,0.9999999999999993,1.0000000000000002,1.0,1.0,0.16997474670636611
PAIR-1908,SYN-0279,SYN-0434,1,0.9429,3,Highly Similar,0.6624159488051502,0.7845168378829929,1.0000000000000002,0.9999999999999981,0.023892081866768083,1.0,1.0,0.020010090051812087
PAIR-1910,SYN-0137,SYN-0525,1,0.9412,3,Highly Similar,0.6133218773253197,0.7889189298149161,0.9999999999999984,1.0000000000000004,0.03905908140646072,1.0,1.0,0.01923129468731988
PAIR-1913,SYN-0140,SYN-0373,1,0.9429,3,Highly Similar,0.687199653611598,0.9674654145491693,1.0000000000000004,0.9999999999999998,0.013112892679882186,1.0,1.0,0.021789019706487153
PAIR-1917,SYN-0093,SYN-0585,1,0.9091,3,Highly Similar,0.5825392129410307,0.7784217362664652,1.0000000000000022,1.0000000000000002,0.02503632546002444,1.0,1.0,0.6468175759612678
PAIR-1921,SYN-0121,SYN-0431,1,0.9394,3,Highly Similar,0.5647036853891632,0.93796933117427,1.0,1.0,0.049443921584745434,1.0,1.0,0.041991165423474364
PAIR-1922,SYN-0327,SYN-0430,1,0.9429,3,Highly Similar,0.7313442089032324,0.8279660086858166,1.0,0.9999999999999998,0.05903918098534239,1.0000000000000002,1.0,0.027440039945625008
PAIR-1926,SYN-0062,SYN-0450,1,0.9429,3,Highly Similar,0.6896871865567554,0.7474497237928655,1.0000000000000004,0.9999999999999998,0.014864848687586085,1.0,1.0,0.02726076139371382
PAIR-1931,SYN-0311,SYN-0492,1,0.9167,3,Highly Similar,0.6094346787941918,0.7781422715294233,0.9999999999999998,1.0000000000000002,0.023892081866768083,1.0000000000000002,1.0,0.0
PAIR-1951,SYN-0293,SYN-0448,1,0.9429,3,Highly Similar,0.724238961789173,0.8720526502024787,1.0000000000000007,0.9999999999999993,0.0444595271076699,1.0,1.0,0.018409388231407465
PAIR-1954,SYN-0028,SYN-0468,1,0.9429,3,Highly Similar,0.6938237080154681,0.7456477145284758,1.0000000000000002,1.0,0.049443921584745434,1.0,1.0,0.03152347753447504
PAIR-1962,SYN-0457,SYN-0483,1,1.0,3,Highly Similar,1.0,0.8338702059124431,1.0,1.0,0.08578634339055208,1.0,1.0,0.022651724911938377
PAIR-1969,SYN-0109,SYN-0135,1,0.973,3,Highly Similar,0.8147437306708007,0.8743151095337545,0.9999999999999994,1.0,0.040157584397110896,1.0,1.0,0.03568957878641582
PAIR-1970,SYN-0295,SYN-0388,1,0.7436,3,Highly Similar,0.0732597901000897,0.5599789232059582,0.5540044485679793,0.5406054542206151,0.0029950390026826923,1.0,0.0,0.02057481448225616
PAIR-1978,SYN-0210,SYN-0288,1,0.9429,3,Highly Similar,0.666929667049157,0.7975391687388889,1.0000000000000002,1.0,1.0000000000000016,1.0,1.0,0.027767313317979162
PAIR-1981,SYN-0134,SYN-0341,1,0.9706,3,Highly Similar,0.626173174413922,0.833267292498415,1.0000000000000002,1.0000000000000004,0.06827013080437296,1.0,1.0,0.02959240064886849
PAIR-1982,SYN-0205,SYN-0594,1,0.9143,3,Highly Similar,0.6195068373559645,0.9562524540365931,0.9999999999999998,1.0000000000000002,0.023892081866768083,1.0,1.0,0.017530120156733595
PAIR-1984,SYN-0049,SYN-0334,1,0.9412,3,Highly Similar,0.6229227016576769,0.7863797775697043,1.0,1.0000000000000002,0.0030491727376322384,1.0,1.0,0.026958455208865445
PAIR-2000,SYN-0231,SYN-0568,1,0.9143,3,Highly Similar,0.622431795040755,0.8475671796500148,0.9999999999999998,1.0000000000000002,0.039181891032583294,1.0,1.0,0.0
PAIR-2008,SYN-0111,SYN-0189,1,0.9412,3,Highly Similar,0.6037028841740706,0.8778907164630075,0.9999999999999984,1.0000000000000004,1.0,1.0,1.0,0.037623238027342444
PAIR-2015,SYN-0276,SYN-0561,1,0.8857,3,Highly Similar,0.4438543561969652,0.7138725646183889,1.0,1.0,0.06001087285043441,1.0,1.0,0.02625863999715187
PAIR-2025,SYN-0275,SYN-0353,1,0.9429,3,Highly Similar,0.7347171382782266,0.9098845632787578,1.0,0.9999999999999998,0.0029950390026826923,1.0000000000000002,1.0,0.02785537773126374
PAIR-2028,SYN-0003,SYN-0159,1,0.9429,3,Highly Similar,0.6280101112330372,0.9999999999999997,1.0000000000000002,1.0,0.07191136188695764,1.0,1.0,1.0000000000000002
PAIR-2029,SYN-0018,SYN-0458,1,0.9167,3,Highly Similar,0.7131632097684691,0.8122736070951512,1.0000000000000002,1.0000000000000002,0.049443921584745434,1.0000000000000002,1.0,0.0
PAIR-2033,SYN-0298,SYN-0350,1,0.9412,3,Highly Similar,0.659481307697904,0.8913593701119977,1.0000000000000004,1.0000000000000002,0.02390512074852718,1.0,1.0,0.022233220731288215
PAIR-2039,SYN-0188,SYN-0420,1,0.9167,3,Highly Similar,0.7441565616629364,0.8175130138946448,1.0000000000000016,1.0,0.019224050344583375,1.0,1.0,0.025565012889029445
PAIR-2042,SYN-0019,SYN-0226,1,0.9412,3,Highly Similar,0.6224304001452089,0.7682260983960025,0.9999999999999998,1.0000000000000002,0.0030491727376322384,1.0000000000000002,1.0,0.017826699135499675
PAIR-2044,SYN-0039,SYN-0091,1,0.9412,3,Highly Similar,0.6166851392733776,0.8865940505077647,1.0000000000000004,1.0000000000000002,0.0640695419242022,1.0,1.0,0.022557989739406925
PAIR-2050,SYN-0103,SYN-0181,1,0.9412,3,Highly Similar,0.6150070488437192,0.7551807045190856,1.000000000000002,0.9999999999999998,0.07191136188695764,1.0,1.0,0.026846898342445417
PAIR-2056,SYN-0166,SYN-0217,1,0.9429,3,Highly Similar,0.6718008050486269,0.784682533407247,1.0000000000000004,0.9999999999999998,0.04581509736903244,1.0,1.0,0.3044657756145084
PAIR-2057,SYN-0080,SYN-0235,1,0.9429,3,Highly Similar,0.6533398165575499,0.7661501001854407,1.0000000000000002,1.0,0.04581509736903244,1.0,1.0,0.025565012889029445
PAIR-2058,SYN-0395,SYN-0498,1,0.9706,3,Highly Similar,0.6648958202897182,0.8522796294685164,1.0000000000000016,1.0,0.0444595271076699,1.0,1.0,0.0
PAIR-2059,SYN-0104,SYN-0311,1,0.9167,3,Highly Similar,0.5901758839194413,0.7953399440299833,0.9999999999999998,1.0000000000000002,0.11073703106740922,1.0000000000000002,1.0,0.0
PAIR-2066,SYN-0159,SYN-0314,1,0.9429,3,Highly Similar,0.6629664171529968,0.8533823794219796,1.0000000000000002,1.0,0.042053812304518705,1.0,1.0,0.022619169202971405
PAIR-2071,SYN-0214,SYN-0318,1,0.9412,3,Highly Similar,0.6467364597670642,0.7981113238752698,0.9999999999999984,1.0000000000000004,0.0029950390026826923,1.0,1.0,0.034553118648998994
PAIR-2079,SYN-0232,SYN-0373,1,0.7632,3,Highly Similar,0.08214906933625152,0.5562962190227446,0.5540044485679793,0.5406054542206151,0.02390512074852718,1.0,0.0,0.015172806274924506
PAIR-2080,SYN-0192,SYN-0528,1,0.9429,3,Highly Similar,0.612509591064512,0.7947166021351025,1.0000000000000004,0.9999999999999998,0.014864848687586085,1.0,1.0,0.041991165423474364
PAIR-2085,SYN-0251,SYN-0355,1,0.9706,3,Highly Similar,0.6345301056516208,0.8682462074070896,1.0000000000000002,1.0000000000000002,1.0000000000000016,1.0000000000000002,1.0,0.0
PAIR-2101,SYN-0053,SYN-0597,1,0.9394,3,Highly Similar,0.6132306218527463,0.7518825133949004,0.9999999999999999,0.9999999999999998,0.0531946842739727,1.0,1.0,0.021210303879264807
PAIR-2115,SYN-0312,SYN-0338,1,1.0,3,Highly Similar,1.0,0.8552160772688052,0.9999999999999999,0.9999999999999998,0.02390512074852718,1.0,1.0,0.022506665925524562
PAIR-2118,SYN-0084,SYN-0110,1,0.9429,3,Highly Similar,0.7932988566663396,0.8934416034153047,1.0000000000000016,1.0,1.0000000000000002,1.0,1.0,0.044776474247134976
PAIR-2123,SYN-0340,SYN-0443,1,0.9706,3,Highly Similar,0.5384465705311021,0.7630082995824718,1.0000000000000002,1.0,0.05903918098534239,1.0,1.0,0.024921709251399977
PAIR-2125,SYN-0162,SYN-0239,1,0.9429,3,Highly Similar,0.7503359611197858,0.9741563150920287,1.0000000000000016,1.0,0.0030491727376322384,1.0,1.0,0.9999999999999998
PAIR-2141,SYN-0233,SYN-0311,1,0.9167,3,Highly Similar,0.6264519116684043,0.8914892360500519,0.9999999999999998,1.0000000000000002,0.02390512074852718,1.0000000000000002,1.0,0.0
PAIR-2144,SYN-0021,SYN-0177,1,1.0,3,Highly Similar,1.0000000000000002,1.0000000000000002,1.0000000000000004,1.0000000000000002,1.0,1.0000000000000002,1.0,0.02881144378364917
PAIR-2145,SYN-0319,SYN-0345,1,0.9706,3,Highly Similar,0.6503341460146461,0.8327104521121136,1.0000000000000007,0.9999999999999993,1.0000000000000002,1.0,1.0,0.0
PAIR-2146,SYN-0458,SYN-0484,1,0.9167,3,Highly Similar,0.7142585072701558,0.8621219655500448,1.0000000000000002,1.0000000000000002,0.9999999999999999,1.0000000000000002,1.0,0.0
PAIR-2149,SYN-0109,SYN-0523,1,0.9474,3,Highly Similar,0.7748483550355139,0.8239404193187756,0.9999999999999994,1.0,0.03905908140646072,1.0,1.0,0.027330669734477668
PAIR-2152,SYN-0287,SYN-0468,1,0.9429,3,Highly Similar,0.6850769876074717,0.7971101971650425,1.0000000000000002,1.0,0.03179744592877114,1.0,1.0,0.0
PAIR-2156,SYN-0118,SYN-0428,1,0.9429,3,Highly Similar,0.7069306497751335,0.9566195911328881,1.0000000000000007,0.9999999999999993,0.028472967256605038,1.0,1.0,0.01859603235572368
PAIR-2157,SYN-0063,SYN-0141,1,0.9394,3,Highly Similar,0.6930966637851851,0.8902004423143812,0.9999999999999999,1.0,0.0640695419242022,1.0,1.0,0.017200597411476875
PAIR-2158,SYN-0033,SYN-0551,1,0.9412,3,Highly Similar,0.6022068481185255,0.7514115241343438,0.9999999999999984,1.0000000000000004,0.02503632546002444,1.0,1.0,0.028163545882742766
PAIR-2163,SYN-0317,SYN-0343,1,0.9706,3,Highly Similar,0.7849938684342903,0.893441603415304,1.0000000000000016,1.0,1.0000000000000002,1.0,1.0,0.02775161313653176
PAIR-2178,SYN-0060,SYN-0526,1,0.9429,3,Highly Similar,0.7575033285746601,0.9521794372898432,1.0000000000000007,0.9999999999999993,0.0690597706857835,1.0,1.0,1.0000000000000002
PAIR-2189,SYN-0231,SYN-0516,1,0.9143,3,Highly Similar,0.6020957589804369,0.807115583813976,0.9999999999999998,1.0000000000000002,0.03179744592877114,1.0,1.0,0.018523638151246944
PAIR-2191,SYN-0380,SYN-0483,1,0.9394,3,Highly Similar,0.5620773376471706,0.7595979362537292,1.0,1.0,0.03179744592877114,1.0,1.0,0.017750280459335636
PAIR-2194,SYN-0388,SYN-0491,1,0.9412,3,Highly Similar,0.6105022780242342,0.7124088117242554,1.000000000000002,0.9999999999999998,0.039181891032583294,1.0,1.0,0.03152347753447504
PAIR-2203,SYN-0355,SYN-0406,1,0.9167,3,Highly Similar,0.7125683836922512,0.8150912568946964,1.0000000000000002,1.0000000000000002,0.06001087285043441,1.0000000000000002,1.0,0.029397104641649064
PAIR-2209,SYN-0388,SYN-0595,1,0.9143,3,Highly Similar,0.5405164646640548,0.7673771506050742,1.000000000000002,0.9999999999999998,0.06001087285043441,1.0,1.0,0.0336144559401412
PAIR-2210,SYN-0066,SYN-0325,1,0.9429,3,Highly Similar,0.7725865889313921,0.8529232268710533,1.0000000000000007,0.9999999999999993,0.11073703106740922,1.0,1.0,0.0
PAIR-2225,SYN-0094,SYN-0301,1,0.9429,3,Highly Similar,0.690250144794757,0.8009339395790972,1.0,0.9999999999999998,0.042053812304518705,1.0000000000000002,1.0,0.023496559142264457
PAIR-2229,SYN-0334,SYN-0489,1,0.9412,3,Highly Similar,0.673341233342385,0.8094337449633093,1.0,1.0000000000000002,0.06001087285043441,1.0,1.0,0.01923129468731988
PAIR-2239,SYN-0255,SYN-0385,1,0.9167,3,Highly Similar,0.718875474466795,0.850981632466451,1.0000000000000016,1.0,0.9999999999999987,1.0,1.0,0.023496559142264457
PAIR-2243,SYN-0194,SYN-0504,1,0.9412,3,Highly Similar,0.622653038397107,0.9548036028311923,1.0,1.0000000000000013,0.0531946842739727,1.0000000000000002,1.0,0.028346502242523414
PAIR-2244,SYN-0226,SYN-0589,1,0.9412,3,Highly Similar,0.6087089358397952,0.7875386314516015,0.9999999999999998,1.0000000000000002,0.039181891032583294,1.0000000000000002,1.0,0.017750280459335636
PAIR-2254,SYN-0184,SYN-0209,1,0.9167,3,Highly Similar,0.6360955163539027,0.8084736532141338,1.0000000000000002,1.0,0.06827013080437296,1.0,1.0,0.0
PAIR-2258,SYN-0074,SYN-0592,1,0.9429,3,Highly Similar,0.7016569507527288,0.8355073124746285,1.0000000000000016,1.0,0.02503632546002444,1.0,1.0,0.0
PAIR-2260,SYN-0008,SYN-0448,1,0.9706,3,Highly Similar,0.732232396794665,0.8291093944659473,1.0000000000000007,0.9999999999999993,0.019224050344583375,1.0,1.0,0.01364408263644671
PAIR-2263,SYN-0206,SYN-0373,1,0.8108,3,Highly Similar,0.18000677730862713,0.5615689473431977,0.5540044485679793,0.5406054542206151,0.02390512074852718,1.0,0.0,0.02726076139371382
PAIR-2267,SYN-0182,SYN-0259,1,0.9706,3,Highly Similar,0.5114344454512476,0.9639889002798725,0.9999999999999998,1.0000000000000002,0.046501162710801125,1.0000000000000002,1.0,0.028346502242523414
PAIR-2274,SYN-0361,SYN-0387,1,0.9412,3,Highly Similar,0.6827709297023861,0.847509126961619,0.9999999999999998,1.0000000000000002,0.02390512074852718,1.0,1.0,0.013440642456099295
PAIR-2280,SYN-0121,SYN-0509,1,0.9394,3,Highly Similar,0.54847509824011,0.6643378531469656,1.0,1.0,0.03992883593314474,1.0,1.0,0.027767313317979162
PAIR-2286,SYN-0127,SYN-0230,1,0.9143,3,Highly Similar,0.637198549007735,0.8608778682199301,1.0,1.0000000000000002,0.013112892679882186,1.0,1.0,0.023192535148944763
PAIR-2288,SYN-0200,SYN-0588,1,0.9429,3,Highly Similar,0.7622915309231102,0.7712768824553835,1.0000000000000002,1.0000000000000002,0.03905908140646072,1.0000000000000002,1.0,0.30328049279748737
PAIR-2290,SYN-0388,SYN-0543,1,0.9412,3,Highly Similar,0.5830607408056966,0.759773956528137,1.000000000000002,0.9999999999999998,0.06001087285043441,1.0,1.0,0.0
PAIR-2323,SYN-0008,SYN-0526,1,0.9429,3,Highly Similar,0.7151092107368773,0.8264116188043592,1.0000000000000007,0.9999999999999993,0.019224050344583375,1.0,1.0,0.01988627655647779
PAIR-2326,SYN-0227,SYN-0279,1,0.9706,3,Highly Similar,0.5458164119708748,0.8851844243308767,1.0000000000000002,0.9999999999999981,0.02390512074852718,1.0,1.0,0.0
PAIR-2330,SYN-0238,SYN-0471,1,0.9474,3,Highly Similar,0.8182591963668241,0.9607675432091696,0.9999999999999994,1.0,0.08287688990740738,1.0,1.0,1.0
PAIR-2336,SYN-0118,SYN-0584,1,0.9167,3,Highly Similar,0.6568613952060133,0.9566195911328881,1.0000000000000007,0.9999999999999993,0.028472967256605038,1.0,1.0,0.01859603235572368
PAIR-2339,SYN-0337,SYN-0518,1,0.9706,3,Highly Similar,0.5648388946988633,0.718184738690158,0.9999999999999998,1.0000000000000002,0.03179744592877114,1.0000000000000002,1.0,0.0
PAIR-2341,SYN-0122,SYN-0562,1,0.9429,3,Highly Similar,0.7251128047808093,0.8150912568946962,1.0000000000000002,1.0000000000000002,0.049443921584745434,1.0000000000000002,1.0,0.0179934482769695
PAIR-2344,SYN-0225,SYN-0381,1,0.9429,3,Highly Similar,0.7362947327087881,0.9999999999999999,1.0000000000000002,1.0000000000000002,0.9999999999999987,1.0000000000000002,1.0,0.16997474670636611
PAIR-2345,SYN-0183,SYN-0571,1,0.9394,3,Highly Similar,0.6845571124433878,0.7862457618065003,0.9999999999999999,0.9999999999999998,0.0531946842739727,1.0,1.0,0.023192535148944763
PAIR-2351,SYN-0439,SYN-0450,1,0.8108,3,Highly Similar,0.15903159988225954,0.5614020196947955,0.5540044485679793,0.5406054542206151,0.08578634339055208,1.0,0.0,0.02726076139371382
PAIR-2354,SYN-0061,SYN-0216,1,0.9706,3,Highly Similar,0.554658691042469,0.7717151943290322,0.9999999999999997,1.0000000000000002,0.11073703106740922,1.0,1.0,0.028087370201234824
PAIR-2365,SYN-0348,SYN-0451,1,0.9118,3,Highly Similar,0.6206661020770905,0.83807972798323,0.9999999999999999,1.0,0.05903918098534239,1.0,1.0,0.022506665925524562
PAIR-2377,SYN-0306,SYN-0409,1,0.9429,3,Highly Similar,0.6799863674974013,0.7566992905305903,1.0000000000000004,1.0000000000000002,0.08287688990740738,1.0000000000000002,1.0,0.03659426228379095
PAIR-2379,SYN-0026,SYN-0466,1,0.9429,3,Highly Similar,0.6686927957452796,0.7747279520956517,0.9999999999999998,1.0000000000000002,0.0690597706857835,1.0000000000000002,1.0,0.0179934482769695
PAIR-2381,SYN-0131,SYN-0157,1,0.9394,3,Highly Similar,0.5672600658496532,0.7656441387990361,0.9999999999999999,0.9999999999999998,1.0,1.0,1.0,0.028962210532623975
PAIR-2389,SYN-0171,SYN-0378,1,0.9375,3,Highly Similar,0.6130445899735794,0.7705910070782189,1.0000000000000022,1.0000000000000002,0.042053812304518705,1.0,1.0,0.6584309197916636
PAIR-2392,SYN-0033,SYN-0137,1,1.0,3,Highly Similar,1.0,0.8523124014676633,0.9999999999999984,1.0000000000000004,0.040157584397110896,1.0,1.0,0.017875046878487164
PAIR-2396,SYN-0102,SYN-0594,1,0.9143,3,Highly Similar,0.6251888135675165,0.8269344996026166,0.9999999999999998,1.0000000000000002,0.02503632546002444,1.0,1.0,0.01364408263644671
PAIR-2402,SYN-0121,SYN-0173,1,0.9394,3,Highly Similar,0.5137145015697121,0.7476822364428893,1.0,1.0,1.0,1.0,1.0,0.0
PAIR-2412,SYN-0146,SYN-0327,1,0.9429,3,Highly Similar,0.680086157912611,0.8058425232274588,1.0,0.9999999999999998,0.046501162710801125,1.0000000000000002,1.0,0.030263311439488134
PAIR-2432,SYN-0232,SYN-0517,1,0.9412,3,Highly Similar,0.627099201267555,0.7858966188590867,1.000000000000002,0.9999999999999998,0.023892081866768083,1.0,1.0,0.020940357966519402
PAIR-2445,SYN-0100,SYN-0488,1,0.9167,3,Highly Similar,0.6683707025298298,0.8063770822988168,1.0000000000000016,1.0,0.02503632546002444,1.0,1.0,0.0
PAIR-2452,SYN-0005,SYN-0419,1,0.9231,3,Highly Similar,0.8060790853385785,0.8189443878580323,0.9999999999999994,1.0,0.02503632546002444,1.0,1.0,0.027882694783023843
PAIR-2455,SYN-0187,SYN-0445,1,0.9474,3,Highly Similar,0.8286660628030399,0.8583979605589899,0.9999999999999994,1.0,0.03992883593314474,1.0,1.0,0.01767682796916962
PAIR-2458,SYN-0061,SYN-0113,1,1.0,3,Highly Similar,1.0,0.8159423997540761,0.9999999999999997,1.0000000000000002,0.040157584397110896,1.0,1.0,0.02820408159804729
PAIR-2473,SYN-0047,SYN-0280,1,0.9429,3,Highly Similar,0.6303302434057567,0.9630208562992828,1.0000000000000004,1.0000000000000002,0.06268000853599372,1.0000000000000002,1.0,0.018709148312136166
PAIR-2475,SYN-0027,SYN-0390,1,0.9688,3,Highly Similar,0.4880538968295817,0.7522614321603875,0.9999999999999999,0.9999999999999998,0.06268000853599372,1.0,1.0,0.6584309197916636
PAIR-2476,SYN-0077,SYN-0206,1,0.9412,3,Highly Similar,0.6047485686108091,0.7911915204068818,1.000000000000002,0.9999999999999998,0.042053812304518705,1.0,1.0,0.02973217704967169
PAIR-2477,SYN-0028,SYN-0158,1,1.0,3,Highly Similar,1.0000000000000002,0.7980920986258555,1.0000000000000002,1.0,1.0,1.0,1.0,0.02057481448225616
PAIR-2478,SYN-0393,SYN-0418,1,0.9706,3,Highly Similar,0.6333029201990421,0.8087816030412547,1.0000000000000002,1.0000000000000004,0.0444595271076699,1.0,1.0,0.02240456882349668
PAIR-2488,SYN-0358,SYN-0513,1,0.9429,3,Highly Similar,0.6826878364283873,0.7789358240074411,1.0000000000000004,1.0000000000000002,0.08287688990740738,1.0000000000000002,1.0,0.02023816792343047
PAIR-2490,SYN-0077,SYN-0347,1,0.7632,3,Highly Similar,0.08144063908159796,0.5549587425135923,0.5540044485679793,0.5406054542206151,0.0030491727376322384,1.0,0.0,0.0
PAIR-2494,SYN-0416,SYN-0546,1,1.0,3,Highly Similar,1.0,0.8174348727278214,1.0000000000000002,1.0,0.9999999999999999,1.0,1.0,0.3044657756145084
PAIR-2499,SYN-0080,SYN-0158,1,0.9429,3,Highly Similar,0.6770607827603075,0.7990213696516367,1.0000000000000002,1.0,0.0640695419242022,1.0,1.0,0.30328049279748737
PAIR-2501,SYN-0022,SYN-0203,1,0.9429,3,Highly Similar,0.757641218907132,0.8684973453135933,1.0000000000000016,1.0,0.015562708906446683,1.0,1.0,0.0
PAIR-2508,SYN-0088,SYN-0258,1,0.7632,3,Highly Similar,0.07307533062224755,0.4869062590066495,0.5540044485679793,0.5406054542206151,0.06827013080437296,1.0,0.0,0.02240456882349668
PAIR-2516,SYN-0258,SYN-0465,1,0.9412,3,Highly Similar,0.5944930027155676,0.712427133414126,1.000000000000002,0.9999999999999998,0.03708340816645848,1.0,1.0,0.03047855538189337
PAIR-2523,SYN-0062,SYN-0077,1,0.7632,3,Highly Similar,0.0810000363658703,0.559688058608379,0.5540044485679793,0.5406054542206151,0.040157584397110896,1.0,0.0,0.02973217704967169
PAIR-2528,SYN-0004,SYN-0600,1,0.9429,3,Highly Similar,0.7408910628567087,0.7697717854776135,1.0000000000000002,1.0000000000000004,0.0690597706857835,1.0,1.0,0.0
PAIR-2531,SYN-0085,SYN-0266,1,0.9412,3,Highly Similar,0.6600636444482257,0.7714986285091768,0.9999999999999984,1.0000000000000004,0.015562708906446683,1.0,1.0,0.02612361736736085
PAIR-2538,SYN-0025,SYN-0140,1,0.8108,3,Highly Similar,0.17548010041845258,0.5213584556714389,0.5540044485679793,0.5406054542206151,0.040157584397110896,1.0,0.0,0.037442648766512016
PAIR-2545,SYN-0461,SYN-0539,1,0.9429,3,Highly Similar,0.6903182329359554,0.7730679832981985,1.0000000000000004,1.0000000000000002,0.060635219401191216,1.0000000000000002,1.0,0.027767313317979162
PAIR-2556,SYN-0009,SYN-0475,1,0.9429,3,Highly Similar,0.7081361629660553,0.9481442545567219,0.9999999999999997,1.0000000000000002,0.019224050344583375,1.0,1.0,0.19426651324061864
PAIR-2558,SYN-0034,SYN-0371,1,0.9429,3,Highly Similar,0.7273014585158042,0.8669964889553584,1.0000000000000007,0.9999999999999993,0.06827013080437296,1.0,1.0,0.1883095710199688
PAIR-2564,SYN-0095,SYN-0199,1,1.0,3,Highly Similar,1.0,0.7837498140091539,1.0,1.0,1.0000000000000002,1.0,1.0,0.0
PAIR-2565,SYN-0293,SYN-0345,1,0.9167,3,Highly Similar,0.7201934446328161,0.8710485619945105,1.0000000000000007,0.9999999999999993,1.0000000000000002,1.0,1.0,0.0
PAIR-2567,SYN-0270,SYN-0322,1,0.9688,3,Highly Similar,0.5553516359222995,0.8167005121649942,0.9999999999999999,1.0,0.02390512074852718,1.0,1.0,0.027882694783023843
PAIR-2574,SYN-0085,SYN-0344,1,0.9412,3,Highly Similar,0.6391745755311962,0.7877399874507054,0.9999999999999984,1.0000000000000004,0.015562708906446683,1.0,1.0,0.03497808560968547
PAIR-2579,SYN-0012,SYN-0530,1,0.9412,3,Highly Similar,0.6222347743995992,0.8194396454911859,1.0,1.0000000000000013,0.02503632546002444,1.0000000000000002,1.0,0.10895598826170594
PAIR-2581,SYN-0181,SYN-0284,1,0.9143,3,Highly Similar,0.5582783891652886,0.7597829899641992,1.000000000000002,0.9999999999999998,0.015562708906446683,1.0,1.0,0.6584309197916636
PAIR-2584,SYN-0086,SYN-0371,1,0.9429,3,Highly Similar,0.7273014585158042,0.850814047968488,1.0000000000000007,0.9999999999999993,0.013112892679882186,1.0,1.0,0.0
PAIR-2600,SYN-0425,SYN-0581,1,0.9118,3,Highly Similar,0.6166621963562158,0.9999999999999994,0.9999999999999999,1.0,0.08578634339055208,1.0,1.0,0.0
PAIR-2602,SYN-0161,SYN-0575,1,0.9474,3,Highly Similar,0.8304539201830428,0.8189443878580323,0.9999999999999994,1.0,0.019224050344583375,1.0,1.0,0.0
PAIR-2610,SYN-0081,SYN-0599,1,0.9429,3,Highly Similar,0.6177344367255856,0.7688769610864639,1.0000000000000002,1.0,0.0531946842739727,1.0,1.0,0.028163545882742766
PAIR-2611,SYN-0410,SYN-0488,1,0.9167,3,Highly Similar,0.7177441924534408,0.8501260714486946,1.0000000000000016,1.0,0.060635219401191216,1.0,1.0,0.015183508755212656
PAIR-2613,SYN-0056,SYN-0600,1,0.9429,3,Highly Similar,0.6854581436145858,0.7705835416813321,1.0000000000000002,1.0000000000000004,0.019224050344583375,1.0,1.0,0.020568054634403816
PAIR-2617,SYN-0144,SYN-0196,1,0.9429,3,Highly Similar,0.7186897548740951,0.8766899317888671,1.0000000000000007,0.9999999999999993,1.0000000000000002,1.0,1.0,0.03047855538189337
PAIR-2621,SYN-0282,SYN-0386,1,0.9412,3,Highly Similar,0.5165753246216935,0.8230854977890705,1.0,1.0000000000000002,1.0000000000000016,1.0,1.0,0.02691970974354698
PAIR-2623,SYN-0103,SYN-0336,1,0.9143,3,Highly Similar,0.5647165617084091,0.9616044443788743,1.000000000000002,0.9999999999999998,0.042053812304518705,1.0,1.0,0.0
PAIR-2625,SYN-0036,SYN-0595,1,0.7436,3,Highly Similar,0.0734474041097675,0.5350517331714273,0.5540044485679793,0.5406054542206151,0.028472967256605038,1.0,0.0,0.029397104641649064
PAIR-2629,SYN-0083,SYN-0316,1,0.9474,3,Highly Similar,0.8306874816815133,0.9754057737863301,0.9999999999999994,1.0,0.11073703106740922,1.0,1.0,0.02174242090845897
PAIR-2636,SYN-0194,SYN-0323,1,0.9697,3,Highly Similar,0.5132620546367648,0.8454927409455945,1.0,1.0000000000000013,0.0030491727376322384,1.0000000000000002,1.0,0.0
PAIR-2645,SYN-0045,SYN-0278,1,0.9412,3,Highly Similar,0.5521998360592166,0.9594359245324116,0.9999999999999998,1.0000000000000002,0.11073703106740922,1.0000000000000002,1.0,1.0
PAIR-2649,SYN-0413,SYN-0465,1,0.9412,3,Highly Similar,0.5836778094068993,0.8057074128753997,1.000000000000002,0.9999999999999998,0.060635219401191216,1.0,1.0,0.020154420298496907
PAIR-2652,SYN-0181,SYN-0295,1,0.7436,3,Highly Similar,0.07460246097230122,0.4906981979384693,0.5540044485679793,0.5406054542206151,0.06268000853599372,1.0,0.0,0.6750587166765522
PAIR-2663,SYN-0063,SYN-0451,1,0.9394,3,Highly Similar,0.686751490034911,0.8375766413888405,0.9999999999999999,1.0,0.02503632546002444,1.0,1.0,0.017200597411476875
PAIR-2664,SYN-0251,SYN-0510,1,0.9706,3,Highly Similar,0.6289179839850032,0.8131278762386808,1.0000000000000002,1.0000000000000002,0.06001087285043441,1.0000000000000002,1.0,0.0
PAIR-2672,SYN-0185,SYN-0288,1,0.9429,3,Highly Similar,0.6203927439166743,0.8088464495396579,1.0000000000000002,1.0,0.04581509736903244,1.0,1.0,0.02284878883365555
PAIR-2673,SYN-0051,SYN-0347,1,0.7632,3,Highly Similar,0.07480146403100657,0.5740309423347644,0.5540044485679793,0.5406054542206151,0.04581509736903244,1.0,0.0,0.0
PAIR-2676,SYN-0120,SYN-0327,1,0.9429,3,Highly Similar,0.7223533184577472,0.8475237508434318,1.0,0.9999999999999998,0.046501162710801125,1.0000000000000002,1.0,0.01801521310499749
PAIR-2681,SYN-0114,SYN-0243,1,0.9167,3,Highly Similar,0.6294988094011927,0.8376483673010019,1.0000000000000004,0.9999999999999998,0.06827013080437296,1.0,1.0,0.0
PAIR-2686,SYN-0131,SYN-0364,1,0.9394,3,Highly Similar,0.6071197416309105,0.9584939913633804,0.9999999999999999,0.9999999999999998,0.015562708906446683,1.0,1.0,1.0
PAIR-2694,SYN-0267,SYN-0422,1,0.9429,3,Highly Similar,0.594536334322516,0.8042755348657743,1.0000000000000007,0.9999999999999993,0.03708340816645848,1.0,1.0,0.020655225107562996
PAIR-2696,SYN-0324,SYN-0453,1,0.9412,3,Highly Similar,0.6813173224060233,0.8240358515672733,1.0000000000000004,1.0000000000000002,0.08287688990740738,1.0,1.0,0.024952241022213738
PAIR-2699,SYN-0422,SYN-0578,1,0.9167,3,Highly Similar,0.7038299708710087,0.9999999999999998,1.0000000000000007,0.9999999999999993,0.09426056986529957,1.0,1.0,0.16997474670636611
PAIR-2706,SYN-0060,SYN-0267,1,0.9706,3,Highly Similar,0.6426059160044394,0.8641763255789608,1.0000000000000007,0.9999999999999993,0.046501162710801125,1.0,1.0,0.6776969855938058
PAIR-2711,SYN-0025,SYN-0491,1,0.9412,3,Highly Similar,0.6288607377774509,0.9436566540780874,1.000000000000002,0.9999999999999998,0.0531946842739727,1.0,1.0,0.0439313843031815
PAIR-2716,SYN-0296,SYN-0400,1,0.9688,3,Highly Similar,0.5370500972109672,0.8835797667480809,0.9999999999999999,1.0,0.0029950390026826923,1.0,1.0,0.016409223945179695
PAIR-2717,SYN-0255,SYN-0281,1,0.9706,3,Highly Similar,0.6309829256340456,0.8945599818506881,1.0000000000000016,1.0,0.02390512074852718,1.0,1.0,0.02665464178516917
PAIR-2723,SYN-0206,SYN-0450,1,0.7632,3,Highly Similar,0.08129893607056062,0.5032076513172737,0.5540044485679793,0.5406054542206151,0.08287688990740738,1.0,0.0,0.02726076139371382
PAIR-2727,SYN-0025,SYN-0362,1,0.9697,3,Highly Similar,0.4743220016956771,0.7418866865257205,1.000000000000002,0.9999999999999998,0.0030491727376322384,1.0,1.0,0.027330669734477668
PAIR-2732,SYN-0159,SYN-0521,1,0.9429,3,Highly Similar,0.6743490835366847,0.811562617914014,1.0000000000000002,1.0,0.03905908140646072,1.0,1.0,0.022557989739406925
PAIR-2749,SYN-0354,SYN-0587,1,0.9394,3,Highly Similar,0.5460762187352206,0.9379693311742702,1.0,1.0,0.08287688990740738,1.0,1.0,0.041991165423474364
PAIR-2751,SYN-0243,SYN-0569,1,0.725,3,Highly Similar,0.06753815311170898,0.5017951726328785,0.5540044485679793,0.5406054542206151,0.05903918098534239,1.0,0.0,0.02364082291340125
PAIR-2758,SYN-0196,SYN-0325,1,0.9429,3,Highly Similar,0.7725865889313921,0.8094636056197217,1.0000000000000007,0.9999999999999993,0.042053812304518705,1.0,1.0,0.0268674096194347
PAIR-2771,SYN-0187,SYN-0523,1,0.9231,3,Highly Similar,0.799834044499262,0.8746653419821304,0.9999999999999994,1.0,0.049443921584745434,1.0,1.0,0.0172746495869581
PAIR-2788,SYN-0103,SYN-0129,1,0.9412,3,Highly Similar,0.5648706611548892,0.8597470257358447,1.000000000000002,0.9999999999999998,0.07191136188695764,1.0,1.0,0.029609142236370657
PAIR-2794,SYN-0243,SYN-0450,1,0.9167,3,Highly Similar,0.6352140533096876,0.7646685939608809,1.0000000000000004,0.9999999999999998,0.02655764372180957,1.0,1.0,0.016706013462851475
PAIR-2795,SYN-0418,SYN-0548,1,1.0,3,Highly Similar,1.0,0.8827004059557001,1.0000000000000002,1.0000000000000004,0.060635219401191216,1.0,1.0,0.02665464178516917
PAIR-2798,SYN-0311,SYN-0440,1,0.9167,3,Highly Similar,0.651802585680082,0.7977944934208006,0.9999999999999998,1.0000000000000002,0.0444595271076699,1.0000000000000002,1.0,0.0
PAIR-2804,SYN-0332,SYN-0539,1,0.9167,3,Highly Similar,0.615917722611886,0.7566733826193357,1.0000000000000004,1.0000000000000002,0.03179744592877114,1.0000000000000002,1.0,0.03528289438452101
PAIR-2808,SYN-0088,SYN-0347,1,0.9429,3,Highly Similar,0.6232955745713811,0.8124588482874692,1.0000000000000004,0.9999999999999998,0.0030491727376322384,1.0,1.0,0.08303417564128915
PAIR-2814,SYN-0412,SYN-0542,1,0.9143,3,Highly Similar,0.6235821673945912,0.872265091773044,0.9999999999999998,1.0000000000000002,0.09426056986529957,1.0,1.0,0.0
PAIR-2826,SYN-0165,SYN-0216,1,0.9706,3,Highly Similar,0.5583880699995514,0.8562712797541568,0.9999999999999997,1.0000000000000002,0.11073703106740922,1.0,1.0,0.0172746495869581
PAIR-2831,SYN-0062,SYN-0465,1,0.7632,3,Highly Similar,0.07962640564794173,0.5018030654220057,0.5540044485679793,0.5406054542206151,0.019224050344583375,1.0,0.0,0.0336144559401412
PAIR-2833,SYN-0350,SYN-0557,1,0.9412,3,Highly Similar,0.6703193659189735,0.8609387977613122,1.0000000000000004,1.0000000000000002,0.08287688990740738,1.0,1.0,0.0172746495869581
PAIR-2835,SYN-0111,SYN-0266,1,0.9412,3,Highly Similar,0.6600636444482257,0.8412367302047525,0.9999999999999984,1.0000000000000004,0.015562708906446683,1.0,1.0,0.021950256041213926
PAIR-2837,SYN-0039,SYN-0169,1,0.9412,3,Highly Similar,0.5690547538784321,0.8609136621347963,1.0000000000000004,1.0000000000000002,0.0640695419242022,1.0,1.0,0.03411335723846008
PAIR-2840,SYN-0142,SYN-0530,1,0.9412,3,Highly Similar,0.6222347743995992,0.7975105097902747,1.0,1.0000000000000013,0.02503632546002444,1.0000000000000002,1.0,0.01514269391177691
PAIR-2848,SYN-0475,SYN-0527,1,0.9429,3,Highly Similar,0.7297347298924819,0.8223669461298185,0.9999999999999997,1.0000000000000002,1.0000000000000004,1.0,1.0,0.3054195385514388
PAIR-2849,SYN-0397,SYN-0474,1,0.9429,3,Highly Similar,0.7531273311996208,0.9567738676415871,1.0000000000000007,0.9999999999999993,0.023892081866768083,1.0,1.0,0.012107139950846694
PAIR-2872,SYN-0334,SYN-0463,1,0.9412,3,Highly Similar,0.6733305031414634,0.8155035934782908,1.0,1.0000000000000002,0.06001087285043441,1.0,1.0,0.02973217704967169
PAIR-2875,SYN-0246,SYN-0324,1,0.9697,3,Highly Similar,0.5282052707322834,0.8288377797128413,1.0000000000000004,1.0000000000000002,1.0000000000000002,1.0,1.0,0.036177268971577074
PAIR-2878,SYN-0495,SYN-0521,1,0.9429,3,Highly Similar,0.6747307053343831,0.8408728089365788,1.0000000000000002,1.0,0.060635219401191216,1.0,1.0,0.02284878883365555
PAIR-2881,SYN-0155,SYN-0424,1,0.7632,3,Highly Similar,0.07998801203848474,0.5321430469698063,0.5540044485679793,0.5406054542206151,0.0690597706857835,1.0,0.0,0.0
PAIR-2882,SYN-0100,SYN-0229,1,0.9167,3,Highly Similar,0.6798240816160744,0.8031821231784418,1.0000000000000016,1.0,0.013112892679882186,1.0,1.0,0.0
PAIR-2887,SYN-0102,SYN-0335,1,0.9412,3,Highly Similar,0.6890331498209983,0.9694405681437199,0.9999999999999998,1.0000000000000002,0.013112892679882186,1.0,1.0,0.5738460809602193
PAIR-2891,SYN-0166,SYN-0347,1,0.9429,3,Highly Similar,0.6883005915137049,0.8376483673010022,1.0000000000000004,0.9999999999999998,0.04581509736903244,1.0,1.0,0.0
PAIR-2892,SYN-0208,SYN-0260,1,0.9394,3,Highly Similar,0.4856559697413988,0.8472343729376792,0.9999999999999999,0.9999999999999998,0.02390512074852718,1.0,1.0,0.016409223945179695
PAIR-2893,SYN-0114,SYN-0528,1,0.9429,3,Highly Similar,0.6743158322054783,0.7979041681234542,1.0000000000000004,0.9999999999999998,0.0531946842739727,1.0,1.0,0.0
PAIR-2898,SYN-0451,SYN-0503,1,1.0,3,Highly Similar,1.0000000000000002,0.8231029070946222,0.9999999999999999,1.0,0.9999999999999999,1.0,1.0,0.02701923548805889
PAIR-2905,SYN-0111,SYN-0240,1,0.9143,3,Highly Similar,0.5973663543512061,0.8177216649461622,0.9999999999999984,1.0000000000000004,0.046501162710801125,1.0,1.0,0.022557989739406925
PAIR-2910,SYN-0071,SYN-0459,1,0.9412,3,Highly Similar,0.6109863820463661,0.7620001654024753,0.9999999999999998,1.0000000000000002,0.03992883593314474,1.0000000000000002,1.0,0.0
PAIR-2912,SYN-0081,SYN-0547,1,0.9167,3,Highly Similar,0.5577478391714247,0.9470012830935136,1.0000000000000002,1.0,0.028472967256605038,1.0,1.0,0.19426651324061864
PAIR-2913,SYN-0373,SYN-0424,1,0.9429,3,Highly Similar,0.6708770160575506,0.792673876217654,1.0000000000000004,0.9999999999999998,0.03708340816645848,1.0,1.0,0.0
PAIR-2932,SYN-0206,SYN-0362,1,0.9697,3,Highly Similar,0.46641018525783673,1.0,1.000000000000002,0.9999999999999998,0.0029950390026826923,1.0,1.0,0.02881144378364917
PAIR-2934,SYN-0545,SYN-0597,1,0.9394,3,Highly Similar,0.6815132978973437,0.799475358096892,0.9999999999999999,0.9999999999999998,0.09426056986529957,1.0,1.0,0.0
PAIR-2936,SYN-0056,SYN-0237,1,0.9429,3,Highly Similar,0.7000671068783477,0.7828132585345943,1.0000000000000002,1.0000000000000004,0.04581509736903244,1.0,1.0,0.014928963889200307
PAIR-2937,SYN-0006,SYN-0188,1,0.9429,3,Highly Similar,0.7932988566663396,0.891679508085425,1.0000000000000016,1.0,0.0640695419242022,1.0,1.0,0.016958878934339897
PAIR-2946,SYN-0276,SYN-0380,1,0.9118,3,Highly Similar,0.49677888416741567,0.8135315886144969,1.0,1.0,1.0000000000000016,1.0,1.0,0.023030653080536746
PAIR-2950,SYN-0056,SYN-0393,1,0.9706,3,Highly Similar,0.5850487991001522,0.7828132585345943,1.0000000000000002,1.0000000000000004,0.11073703106740922,1.0,1.0,0.010974174947864828
PAIR-2954,SYN-0179,SYN-0308,1,0.9697,3,Highly Similar,0.5517047362596834,0.8508047575526183,1.0,1.0000000000000002,0.0030491727376322384,1.0,1.0,0.02625863999715187
PAIR-2955,SYN-0393,SYN-0496,1,0.9429,3,Highly Similar,0.5909348908774221,0.8116948766595223,1.0000000000000002,1.0000000000000004,0.023892081866768083,1.0,1.0,0.015371896674250487
PAIR-2959,SYN-0428,SYN-0480,1,0.9429,3,Highly Similar,0.7370487438250004,0.8603154724852637,1.0000000000000007,0.9999999999999993,0.09426056986529957,1.0,1.0,0.028457286229059416
PAIR-2963,SYN-0143,SYN-0505,1,0.9412,3,Highly Similar,0.6272709290122981,0.8559315272683204,1.0000000000000004,1.0000000000000002,0.019224050344583375,1.0,1.0,0.02625863999715187
PAIR-2969,SYN-0124,SYN-0512,1,0.9429,3,Highly Similar,0.6826857029704231,0.78452385410326,1.0000000000000002,0.9999999999999981,0.0531946842739727,1.0,1.0,0.020655225107562996
PAIR-2975,SYN-0224,SYN-0587,1,0.9394,3,Highly Similar,0.5620897851501488,0.707286652107013,1.0,1.0,0.02655764372180957,1.0,1.0,0.03497808560968547
PAIR-2976,SYN-0035,SYN-0139,1,0.9429,3,Highly Similar,0.7173334739331193,0.8445895663417092,0.9999999999999997,1.0000000000000002,0.0640695419242022,1.0,1.0,0.020154420298496907
PAIR-2984,SYN-0154,SYN-0438,1,0.9412,3,Highly Similar,0.6556955301360226,0.8026452143985738,0.9999999999999998,1.0000000000000002,0.03992883593314474,1.0,1.0,0.023496559142264457
PAIR-2985,SYN-0569,SYN-0595,1,1.0,3,Highly Similar,1.0000000000000002,0.8596887030301436,1.000000000000002,0.9999999999999998,0.060635219401191216,1.0,1.0,0.03857693722241696
PAIR-2991,SYN-0117,SYN-0195,1,0.9412,3,Highly Similar,0.6166851392733776,0.9063069706788769,1.0000000000000004,1.0000000000000002,0.07191136188695764,1.0,1.0,0.017200597411476875
PAIR-2993,SYN-0103,SYN-0413,1,0.9412,3,Highly Similar,0.6005940040367589,0.9387083862623253,1.000000000000002,0.9999999999999998,0.03905908140646072,1.0,1.0,1.0
PAIR-2996,SYN-0183,SYN-0467,1,0.9118,3,Highly Similar,0.5850023846226367,0.7282416856995637,0.9999999999999999,0.9999999999999998,0.03905908140646072,1.0,1.0,0.03497808560968547
PAIR-3000,SYN-0129,SYN-0413,1,0.9412,3,Highly Similar,0.5453435855739129,0.796413790751664,1.000000000000002,0.9999999999999998,0.049443921584745434,1.0,1.0,0.029609142236370657
PAIR-0012,SYN-0077,SYN-0580,1,0.7632,4,Nearly Duplicate,0.08173543881225187,0.5318666409002258,0.5540044485679793,0.5406054542206151,0.0531946842739727,1.0,0.0,0.0
PAIR-0018,SYN-0171,SYN-0429,1,0.9375,4,Nearly Duplicate,0.6064380366281825,0.796268418408589,1.0000000000000022,1.0000000000000002,0.0531946842739727,1.0,1.0,0.020068023254021204
PAIR-0024,SYN-0007,SYN-0059,1,0.9412,4,Nearly Duplicate,0.627335242420989,0.8288660570009946,0.9999999999999984,1.0000000000000004,0.040157584397110896,1.0,1.0,0.020154420298496907
PAIR-0039,SYN-0074,SYN-0255,1,0.9429,4,Nearly Duplicate,0.7128087654467484,0.8280147975958309,1.0000000000000016,1.0,0.013112892679882186,1.0,1.0,0.0179934482769695
PAIR-0056,SYN-0089,SYN-0425,1,0.9394,4,Nearly Duplicate,0.6904010113405408,0.7949541976891789,0.9999999999999999,1.0,0.0531946842739727,1.0,1.0,0.0
PAIR-0060,SYN-0340,SYN-0573,1,0.9706,4,Nearly Duplicate,0.52623396871056,0.947807387915366,1.0000000000000002,1.0,0.03708340816645848,1.0,1.0,0.017778345643772873
PAIR-0062,SYN-0062,SYN-0114,1,1.0,4,Nearly Duplicate,1.0,0.8537467111632309,1.0000000000000004,0.9999999999999998,0.040157584397110896,1.0,1.0,0.0
PAIR-0069,SYN-0068,SYN-0249,1,0.9429,4,Nearly Duplicate,0.7368425762503369,0.7786417842402745,1.0,0.9999999999999998,0.046501162710801125,1.0000000000000002,1.0,0.014928963889200307
PAIR-0087,SYN-0085,SYN-0447,1,0.9143,4,Nearly Duplicate,0.581127655440894,0.7448908059278291,0.9999999999999984,1.0000000000000004,0.0690597706857835,1.0,1.0,0.034553118648998994
PAIR-0091,SYN-0026,SYN-0492,1,0.9429,4,Nearly Duplicate,0.6444384169779114,0.942515461992201,0.9999999999999998,1.0000000000000002,0.049443921584745434,1.0000000000000002,1.0,0.028346502242523414
PAIR-0098,SYN-0306,SYN-0461,1,0.9429,4,Nearly Duplicate,0.697479658665396,0.7186765197854164,1.0000000000000004,1.0000000000000002,0.0444595271076699,1.0000000000000002,1.0,0.028087370201234824
PAIR-0105,SYN-0033,SYN-0085,1,0.9412,4,Nearly Duplicate,0.6037028841740706,0.8051140177477748,0.9999999999999984,1.0000000000000004,0.0640695419242022,1.0,1.0,0.02691970974354698
PAIR-0146,SYN-0008,SYN-0241,1,0.9429,4,Nearly Duplicate,0.7281422292119168,0.9729197864311603,1.0000000000000007,0.9999999999999993,0.11073703106740922,1.0,1.0,0.017530120156733595
PAIR-0149,SYN-0308,SYN-0593,1,0.9697,4,Nearly Duplicate,0.5387170810530036,0.8217017458335869,1.0,1.0000000000000002,0.03179744592877114,1.0,1.0,0.03013518673394657
PAIR-0193,SYN-0369,SYN-0550,1,0.9167,4,Nearly Duplicate,0.7279920609578363,0.8491982634869684,1.0000000000000016,1.0,0.02655764372180957,1.0,1.0,0.0
PAIR-0207,SYN-0321,SYN-0502,1,0.9429,4,Nearly Duplicate,0.6471866885139392,0.7885911328139188,1.0000000000000004,0.9999999999999998,0.06001087285043441,1.0,1.0,0.29856181174611696
PAIR-0208,SYN-0091,SYN-0324,1,0.9412,4,Nearly Duplicate,0.6687831332421468,0.9735235690090729,1.0000000000000004,1.0000000000000002,0.11073703106740922,1.0,1.0,0.023129804867103716
PAIR-0211,SYN-0011,SYN-0270,1,0.9688,4,Nearly Duplicate,0.5357489437407108,0.7867923626355278,0.9999999999999999,1.0,0.06827013080437296,1.0,1.0,0.03152347753447504
PAIR-0226,SYN-0243,SYN-0517,1,0.7436,4,Nearly Duplicate,0.07628296087867509,0.5307376044048613,0.5540044485679793,0.5406054542206151,0.05903918098534239,1.0,0.0,0.023056374395536327
PAIR-0245,SYN-0115,SYN-0141,1,0.9394,4,Nearly Duplicate,0.6265423289400216,0.8884147633124302,0.9999999999999999,1.0,0.07191136188695764,1.0,1.0,0.022506665925524562
PAIR-0248,SYN-0085,SYN-0189,1,0.9412,4,Nearly Duplicate,0.6037028841740706,0.8051140177477748,0.9999999999999984,1.0000000000000004,1.0,1.0,1.0,0.044776474247134976
PAIR-0269,SYN-0421,SYN-0525,1,0.9412,4,Nearly Duplicate,0.6419016729480883,0.8706030942270531,0.9999999999999984,1.0000000000000004,0.08578634339055208,1.0,1.0,0.019069614920195408
PAIR-0270,SYN-0336,SYN-0413,1,0.9143,4,Nearly Duplicate,0.5451948132080291,0.938708386262325,1.000000000000002,0.9999999999999998,0.023892081866768083,1.0,1.0,0.0
PAIR-0311,SYN-0048,SYN-0074,1,1.0,4,Nearly Duplicate,1.0,0.8780415408001578,1.0000000000000016,1.0,0.040157584397110896,1.0,1.0,0.0179934482769695
PAIR-0324,SYN-0114,SYN-0491,1,0.7632,4,Nearly Duplicate,0.08282464847323315,0.49871753942233354,0.5540044485679793,0.5406054542206151,0.0531946842739727,1.0,0.0,0.0
PAIR-0325,SYN-0204,SYN-0334,1,0.9143,4,Nearly Duplicate,0.6287105999113054,0.8489753725613277,1.0,1.0000000000000002,0.02086270648700225,1.0,1.0,0.017826699135499675
PAIR-0327,SYN-0346,SYN-0553,1,0.9429,4,Nearly Duplicate,0.5490011788146347,0.8302508645264035,0.9999999999999997,1.0000000000000002,0.06001087285043441,1.0,1.0,0.02322591610196474
PAIR-0331,SYN-0102,SYN-0205,1,0.9412,4,Nearly Duplicate,0.6851780282752659,0.8442158343042707,0.9999999999999998,1.0000000000000002,0.11073703106740922,1.0,1.0,0.024555030060727595
PAIR-0339,SYN-0097,SYN-0330,1,0.9412,4,Nearly Duplicate,0.6178030968415359,0.9649913784258294,0.9999999999999998,1.0000000000000002,0.042053812304518705,1.0000000000000002,1.0,0.0439313843031815
PAIR-0348,SYN-0265,SYN-0446,1,0.9167,4,Nearly Duplicate,0.7446419331195975,0.8129405147662845,1.0000000000000016,1.0,0.05903918098534239,1.0,1.0,0.019750041312171514
PAIR-0360,SYN-0194,SYN-0426,1,0.9143,4,Nearly Duplicate,0.5804884439038865,0.7828924805888935,1.0,1.0000000000000013,0.028472967256605038,1.0000000000000002,1.0,0.020568054634403816
PAIR-0396,SYN-0380,SYN-0405,1,0.9394,4,Nearly Duplicate,0.5620773376471706,0.7600388868552111,1.0,1.0,0.03179744592877114,1.0,1.0,0.016409223945179695
PAIR-0402,SYN-0176,SYN-0357,1,0.9706,4,Nearly Duplicate,0.5452924655696058,0.7815273026415603,1.0000000000000002,0.9999999999999981,0.015562708906446683,1.0,1.0,0.018555918925305972
PAIR-0435,SYN-0285,SYN-0544,1,0.9429,4,Nearly Duplicate,0.6704520516840112,0.771600909038235,0.9999999999999998,1.0000000000000002,0.0444595271076699,1.0000000000000002,1.0,0.0
PAIR-0442,SYN-0295,SYN-0439,1,0.7436,4,Nearly Duplicate,0.07628296087867509,0.5065613321743588,0.5540044485679793,0.5406054542206151,0.023892081866768083,1.0,0.0,0.03022674924257162
PAIR-0452,SYN-0051,SYN-0206,1,0.9412,4,Nearly Duplicate,0.555448469128793,0.8183823034652224,1.000000000000002,0.9999999999999998,0.11073703106740922,1.0,1.0,0.037623238027342444
PAIR-0461,SYN-0005,SYN-0290,1,0.973,4,Nearly Duplicate,0.7425077899622008,0.8726375869618797,0.9999999999999994,1.0,0.04581509736903244,1.0,1.0,0.02973217704967169
PAIR-0481,SYN-0151,SYN-0254,1,0.9706,4,Nearly Duplicate,0.5337955548628217,0.8342419539023364,1.0000000000000004,1.0000000000000002,0.042053812304518705,1.0000000000000002,1.0,0.029609142236370657
PAIR-0484,SYN-0226,SYN-0563,1,0.9412,4,Nearly Duplicate,0.6125559914940684,0.7145284725792308,0.9999999999999998,1.0000000000000002,0.03179744592877114,1.0000000000000002,1.0,0.026958455208865445
PAIR-0523,SYN-0167,SYN-0374,1,0.9394,4,Nearly Duplicate,0.6686830119065474,0.835083402339564,0.9999999999999999,1.0,0.042053812304518705,1.0,1.0,0.016524564100924604
PAIR-0535,SYN-0145,SYN-0585,1,0.9091,4,Nearly Duplicate,0.5408700752502935,0.7250864455129377,1.0000000000000022,1.0000000000000002,0.049443921584745434,1.0,1.0,0.02995514654924541
PAIR-0542,SYN-0066,SYN-0196,1,1.0,4,Nearly Duplicate,0.9999999999999996,0.8794177046600712,1.0000000000000007,0.9999999999999993,0.040157584397110896,1.0,1.0,0.0
PAIR-0547,SYN-0014,SYN-0351,1,0.9429,4,Nearly Duplicate,0.7155797344535763,0.8336632755414959,1.0000000000000007,0.9999999999999993,0.013112892679882186,1.0,1.0,0.027568465466162876
PAIR-0554,SYN-0152,SYN-0178,1,0.9429,4,Nearly Duplicate,0.7067414723589596,0.8509816324664512,1.0000000000000016,1.0,1.0,1.0,1.0,0.013055939814219647
PAIR-0557,SYN-0393,SYN-0470,1,0.9706,4,Nearly Duplicate,0.6333029201990421,0.9528941274232141,1.0000000000000002,1.0000000000000004,0.08287688990740738,1.0,1.0,0.07635162400096726
PAIR-0611,SYN-0365,SYN-0442,1,0.9429,4,Nearly Duplicate,0.6769158317393236,0.941044515872017,1.0000000000000002,1.0,0.0444595271076699,1.0,1.0,0.026831718581607572
PAIR-0612,SYN-0208,SYN-0364,1,0.9688,4,Nearly Duplicate,0.5199193298050255,1.0000000000000004,0.9999999999999999,0.9999999999999998,0.02086270648700225,1.0,1.0,0.017778345643772873
PAIR-0626,SYN-0156,SYN-0440,1,0.9429,4,Nearly Duplicate,0.704608667669986,0.7942747320581569,0.9999999999999998,1.0000000000000002,0.0690597706857835,1.0000000000000002,1.0,0.6776969855938058
PAIR-0634,SYN-0224,SYN-0561,1,0.9118,4,Nearly Duplicate,0.49795093555141584,0.7600388868552111,1.0,1.0,0.03708340816645848,1.0,1.0,0.02625863999715187
PAIR-0652,SYN-0100,SYN-0152,1,1.0,4,Nearly Duplicate,1.0,0.8299530918736302,1.0000000000000016,1.0,0.0640695419242022,1.0,1.0,0.0
PAIR-0684,SYN-0225,SYN-0277,1,0.9429,4,Nearly Duplicate,0.7612698011169016,0.8129178618500126,1.0000000000000002,1.0000000000000002,0.02086270648700225,1.0000000000000002,1.0,0.0268674096194347
PAIR-0701,SYN-0168,SYN-0271,1,0.9412,4,Nearly Duplicate,0.6729615772587794,0.8426392078299365,1.0,1.0000000000000013,0.013112892679882186,1.0000000000000002,1.0,0.029397104641649064
PAIR-0711,SYN-0141,SYN-0167,1,1.0,4,Nearly Duplicate,1.0,0.8671844252301701,0.9999999999999999,1.0,0.07191136188695764,1.0,1.0,0.016035885744959098
PAIR-0723,SYN-0060,SYN-0190,1,0.9429,4,Nearly Duplicate,0.758798028285902,0.8933605502488996,1.0000000000000007,0.9999999999999993,0.0640695419242022,1.0,1.0,0.6776969855938058
PAIR-0727,SYN-0101,SYN-0437,1,0.9412,4,Nearly Duplicate,0.6367952334287538,0.8001174507446224,1.0,1.0000000000000002,0.03905908140646072,1.0,1.0,0.017826699135499675
PAIR-0732,SYN-0015,SYN-0507,1,0.9091,4,Nearly Duplicate,0.5597850482680539,0.7958741122853465,1.0000000000000022,1.0000000000000002,0.0690597706857835,1.0,1.0,0.02322591610196474
PAIR-0753,SYN-0201,SYN-0408,1,0.9429,4,Nearly Duplicate,0.6768064612946014,0.7726684685153997,1.0000000000000002,0.9999999999999981,0.03708340816645848,1.0,1.0,0.0
PAIR-0820,SYN-0574,SYN-0600,1,0.9429,4,Nearly Duplicate,0.7232335908704924,0.8646684341157588,1.0000000000000002,1.0000000000000004,0.09426056986529957,1.0,1.0,0.027568465466162876
PAIR-0825,SYN-0336,SYN-0528,1,0.7436,4,Nearly Duplicate,0.07337904054358577,0.49048170151248766,0.5540044485679793,0.5406054542206151,0.08287688990740738,1.0,0.0,0.0
PAIR-0835,SYN-0028,SYN-0598,1,0.9429,4,Nearly Duplicate,0.6831768972110467,0.7877707684579093,1.0000000000000002,1.0,0.049443921584745434,1.0,1.0,0.03047855538189337
PAIR-0852,SYN-0023,SYN-0153,1,0.9412,4,Nearly Duplicate,0.6254218842452574,0.8671256951680248,1.0,1.0000000000000002,1.0000000000000002,1.0,1.0,0.027485872840346967
PAIR-0854,SYN-0416,SYN-0468,1,1.0,4,Nearly Duplicate,1.0,0.822868319979596,1.0000000000000002,1.0,0.9999999999999999,1.0,1.0,0.028457286229059416
PAIR-0893,SYN-0186,SYN-0574,1,0.9429,4,Nearly Duplicate,0.6940228434512975,0.8588460012753223,1.0000000000000002,1.0000000000000004,0.03992883593314474,1.0,1.0,0.32469294845640106
PAIR-0895,SYN-0505,SYN-0557,1,1.0,4,Nearly Duplicate,1.0,0.8865614283698044,1.0000000000000004,1.0000000000000002,0.09426056986529957,1.0,1.0,0.023129804867103716
PAIR-0906,SYN-0230,SYN-0437,1,0.9143,4,Nearly Duplicate,0.6427120285779323,0.8424704045947997,1.0,1.0000000000000002,0.05903918098534239,1.0,1.0,0.017801078092018294
PAIR-0920,SYN-0126,SYN-0229,1,0.9167,4,Nearly Duplicate,0.7183522688465067,0.8478453975975997,1.0000000000000016,1.0,0.046501162710801125,1.0,1.0,0.0
PAIR-0951,SYN-0348,SYN-0581,1,0.8857,4,Nearly Duplicate,0.5619914866521261,0.9509525396455143,0.9999999999999999,1.0,0.05903918098534239,1.0,1.0,0.023129804867103716
PAIR-0959,SYN-0243,SYN-0491,1,0.7436,4,Nearly Duplicate,0.07628296087867509,0.4811092668146981,0.5540044485679793,0.5406054542206151,0.02655764372180957,1.0,0.0,0.028380790097580808
PAIR-0987,SYN-0192,SYN-0269,1,0.9429,4,Nearly Duplicate,0.6242125109781671,0.9632206624230438,1.0000000000000004,0.9999999999999998,0.11073703106740922,1.0,1.0,1.0000000000000002
PAIR-0997,SYN-0291,SYN-0550,1,0.9706,4,Nearly Duplicate,0.7853120018469997,0.8680268338752208,1.0000000000000016,1.0,0.02655764372180957,1.0,1.0,0.027440039945625008
PAIR-1015,SYN-0403,SYN-0455,1,0.9375,4,Nearly Duplicate,0.6441129000738749,0.7895574528521111,1.0000000000000022,1.0000000000000002,0.09426056986529957,1.0,1.0,0.027330669734477668
PAIR-1040,SYN-0215,SYN-0422,1,0.9167,4,Nearly Duplicate,0.7136118848021868,0.8282958737838229,1.0000000000000007,0.9999999999999993,0.0444595271076699,1.0,1.0,0.0
PAIR-1052,SYN-0150,SYN-0460,1,0.9429,4,Nearly Duplicate,0.6798207957604289,0.9465261622012286,1.0000000000000002,0.9999999999999981,0.014864848687586085,1.0,1.0,0.0
PAIR-1057,SYN-0333,SYN-0436,1,0.9167,4,Nearly Duplicate,0.7300436488658844,0.8301909961899205,1.0000000000000016,1.0,0.02655764372180957,1.0,1.0,0.0
PAIR-1073,SYN-0201,SYN-0460,1,0.9429,4,Nearly Duplicate,0.6768064612946014,0.8105208235636691,1.0000000000000002,0.9999999999999981,0.02655764372180957,1.0,1.0,0.0
PAIR-1078,SYN-0135,SYN-0575,1,0.9474,4,Nearly Duplicate,0.8304539201830428,0.8358356011717002,0.9999999999999994,1.0,0.019224050344583375,1.0,1.0,0.03528289438452101
PAIR-1081,SYN-0531,SYN-0583,1,0.9143,4,Nearly Duplicate,0.6003892542704196,0.8913294332740327,1.0000000000000004,1.0000000000000002,0.060635219401191216,1.0,1.0,0.0
PAIR-1084,SYN-0510,SYN-0536,1,0.9429,4,Nearly Duplicate,0.7549192402487209,0.8356110404669641,1.0000000000000002,1.0000000000000002,0.09426056986529957,1.0000000000000002,1.0,0.023496559142264457
PAIR-1092,SYN-0399,SYN-0517,1,0.7632,4,Nearly Duplicate,0.08327517623450055,0.5307376044048613,0.5540044485679793,0.5406054542206151,0.023892081866768083,1.0,0.0,0.023056374395536327
PAIR-1148,SYN-0030,SYN-0289,1,0.9429,4,Nearly Duplicate,0.7498485203429006,0.8312701900112931,1.0000000000000002,1.0000000000000004,0.06268000853599372,1.0,1.0,0.016958878934339897
PAIR-1156,SYN-0120,SYN-0353,1,0.9429,4,Nearly Duplicate,0.7223533184577472,0.9662501219905013,1.0,0.9999999999999998,0.06268000853599372,1.0000000000000002,1.0,0.02665464178516917
PAIR-1170,SYN-0320,SYN-0372,1,0.9429,4,Nearly Duplicate,0.7273404360532789,0.8671081784905648,0.9999999999999997,1.0000000000000002,0.0029950390026826923,1.0,1.0,0.0
PAIR-1173,SYN-0105,SYN-0415,1,0.9394,4,Nearly Duplicate,0.6304239619910791,0.9324374725641973,0.9999999999999999,0.9999999999999998,0.019224050344583375,1.0,1.0,0.02968944511173996
PAIR-1183,SYN-0092,SYN-0170,1,1.0,4,Nearly Duplicate,0.9999999999999996,0.8405575544139812,1.0000000000000007,0.9999999999999993,0.0640695419242022,1.0,1.0,0.0394712892339555
PAIR-1220,SYN-0003,SYN-0288,1,0.9429,4,Nearly Duplicate,0.6283655092805358,0.8312507661304688,1.0000000000000002,1.0,0.015562708906446683,1.0,1.0,0.022557989739406925
PAIR-1246,SYN-0156,SYN-0466,1,0.9429,4,Nearly Duplicate,0.6836035160616883,0.9351735770964583,0.9999999999999998,1.0000000000000002,0.0690597706857835,1.0000000000000002,1.0,0.02665464178516917
PAIR-1255,SYN-0033,SYN-0318,1,0.9412,4,Nearly Duplicate,0.6183416912665817,0.7714986285091765,0.9999999999999984,1.0000000000000004,0.04581509736903244,1.0,1.0,0.02691970974354698
PAIR-1283,SYN-0149,SYN-0485,1,0.9143,4,Nearly Duplicate,0.5501744453522176,0.7449837708337342,0.9999999999999998,1.0000000000000002,0.0531946842739727,1.0000000000000002,1.0,0.0
PAIR-1288,SYN-0422,SYN-0448,1,0.9429,4,Nearly Duplicate,0.7176204315953604,0.8738536740171279,1.0000000000000007,0.9999999999999993,1.0000000000000004,1.0,1.0,0.020911502818993555
PAIR-1297,SYN-0003,SYN-0029,1,0.9429,4,Nearly Duplicate,0.6280101112330372,0.8800845648593312,1.0000000000000002,1.0,1.0,1.0,1.0,0.022651724911938377
PAIR-1315,SYN-0081,SYN-0107,1,0.9429,4,Nearly Duplicate,0.6280101112330372,0.8636807314617918,1.0000000000000002,1.0,0.07191136188695764,1.0,1.0,0.21537551927794102
PAIR-1331,SYN-0352,SYN-0507,1,0.9375,4,Nearly Duplicate,0.4731769596053735,0.771076424653458,1.0000000000000022,1.0000000000000002,0.03708340816645848,1.0,1.0,0.0165483478612762
PAIR-1336,SYN-0051,SYN-0362,1,0.9697,4,Nearly Duplicate,0.4306877181302739,0.8183823034652224,1.000000000000002,0.9999999999999998,0.04581509736903244,1.0,1.0,0.021950256041213926
PAIR-1357,SYN-0193,SYN-0218,1,0.9394,4,Nearly Duplicate,0.69509981925598,0.7926878088273573,0.9999999999999999,1.0,0.06827013080437296,1.0,1.0,0.04684538945405717
PAIR-1386,SYN-0206,SYN-0580,1,0.7632,4,Nearly Duplicate,0.08129893607056062,0.5371868448931847,0.5540044485679793,0.5406054542206151,0.08287688990740738,1.0,0.0,0.0
PAIR-1433,SYN-0217,SYN-0232,1,0.8108,4,Nearly Duplicate,0.1525680750862921,0.5562962190227446,0.5540044485679793,0.5406054542206151,0.0029950390026826923,1.0,0.0,0.015172806274924506
PAIR-1435,SYN-0401,SYN-0557,1,1.0,4,Nearly Duplicate,1.0,0.9999999999999998,1.0000000000000004,1.0000000000000002,0.09426056986529957,1.0,1.0,1.0
PAIR-1481,SYN-0041,SYN-0585,1,0.9091,4,Nearly Duplicate,0.5597850482680539,0.7710765783817928,1.0000000000000022,1.0000000000000002,0.049443921584745434,1.0,1.0,0.0
PAIR-1485,SYN-0165,SYN-0372,1,0.9429,4,Nearly Duplicate,0.6842513946466798,0.8562712797541568,0.9999999999999997,1.0000000000000002,0.04581509736903244,1.0,1.0,0.0
PAIR-1489,SYN-0001,SYN-0597,1,0.9394,4,Nearly Duplicate,0.6627913682904097,0.7036341621266057,0.9999999999999999,0.9999999999999998,0.0531946842739727,1.0,1.0,0.02607322696510237
PAIR-1514,SYN-0399,SYN-0569,1,0.7436,4,Nearly Duplicate,0.07372880572734176,0.5017951726328785,0.5540044485679793,0.5406054542206151,0.023892081866768083,1.0,0.0,0.02364082291340125
PAIR-1529,SYN-0260,SYN-0312,1,0.9394,4,Nearly Duplicate,0.4856559697413988,0.8275456417371563,0.9999999999999999,0.9999999999999998,1.0000000000000002,1.0,1.0,0.023030653080536746
PAIR-1598,SYN-0103,SYN-0192,1,0.7632,4,Nearly Duplicate,0.0744242486292171,0.5781511732414246,0.5540044485679793,0.5406054542206151,0.040157584397110896,1.0,0.0,0.026846898342445417
PAIR-1605,SYN-0116,SYN-0478,1,0.9412,4,Nearly Duplicate,0.629212319783397,0.8202712570113738,1.0,1.0000000000000013,0.02503632546002444,1.0000000000000002,1.0,0.01622784826089571
PAIR-1615,SYN-0294,SYN-0423,1,0.9429,4,Nearly Duplicate,0.7293125784865075,0.7674601809393246,0.9999999999999997,1.0000000000000002,0.023892081866768083,1.0,1.0,0.034553118648998994
PAIR-1632,SYN-0342,SYN-0523,1,0.9231,4,Nearly Duplicate,0.7984273955676597,0.8239404193187756,0.9999999999999994,1.0,0.03179744592877114,1.0,1.0,0.02612361736736085
PAIR-1644,SYN-0187,SYN-0575,1,0.9474,4,Nearly Duplicate,0.8240200370305787,0.807762870092664,0.9999999999999994,1.0,0.0690597706857835,1.0,1.0,0.027767313317979162
PAIR-1646,SYN-0155,SYN-0362,1,0.9697,4,Nearly Duplicate,0.4743220016956771,0.7916026951669131,1.000000000000002,0.9999999999999998,0.015562708906446683,1.0,1.0,0.019611441047045947
PAIR-1657,SYN-0188,SYN-0369,1,0.9167,4,Nearly Duplicate,0.7431999711381458,0.8269892253057309,1.0000000000000016,1.0,0.013112892679882186,1.0,1.0,0.0
PAIR-1659,SYN-0154,SYN-0335,1,0.9412,4,Nearly Duplicate,0.677200904621257,0.8652653498275372,0.9999999999999998,1.0000000000000002,0.046501162710801125,1.0,1.0,0.32469294845640106
PAIR-1666,SYN-0117,SYN-0324,1,0.9412,4,Nearly Duplicate,0.6180851738583771,0.8770920217110537,1.0000000000000004,1.0000000000000002,0.042053812304518705,1.0,1.0,0.022506665925524562
PAIR-1672,SYN-0110,SYN-0498,1,0.9429,4,Nearly Duplicate,0.785450465358794,0.817512043620423,1.0000000000000016,1.0,0.028472967256605038,1.0,1.0,0.02726076139371382
PAIR-1712,SYN-0218,SYN-0581,1,0.9118,4,Nearly Duplicate,0.6236266807174614,0.8380726088627329,0.9999999999999999,1.0,0.05903918098534239,1.0,1.0,0.029609142236370657
PAIR-1722,SYN-0201,SYN-0538,1,0.9167,4,Nearly Duplicate,0.6179490599688497,0.8075924450759281,1.0000000000000002,0.9999999999999981,0.02655764372180957,1.0,1.0,0.29856181174611696
PAIR-1728,SYN-0036,SYN-0217,1,0.9429,4,Nearly Duplicate,0.6718008050486269,0.8101519053508172,1.0000000000000004,0.9999999999999998,0.0030491727376322384,1.0,1.0,0.01622784826089571
PAIR-1745,SYN-0098,SYN-0331,1,0.9429,4,Nearly Duplicate,0.6169629822228735,0.9709809288906248,1.0000000000000002,0.9999999999999981,0.06268000853599372,1.0,1.0,1.0000000000000002
PAIR-1748,SYN-0174,SYN-0458,1,0.9167,4,Nearly Duplicate,0.6752158699672345,0.8122736070951512,1.0000000000000002,1.0000000000000002,0.02503632546002444,1.0000000000000002,1.0,0.0
PAIR-1750,SYN-0139,SYN-0191,1,0.9429,4,Nearly Duplicate,0.7173334739331193,0.8445895663417092,0.9999999999999997,1.0000000000000002,0.9999999999999989,1.0,1.0,0.016479869092091183
PAIR-1751,SYN-0079,SYN-0364,1,0.9394,4,Nearly Duplicate,0.6042969335509467,0.759019297746498,0.9999999999999999,0.9999999999999998,0.04581509736903244,1.0,1.0,0.024952241022213738
PAIR-1756,SYN-0013,SYN-0195,1,0.9412,4,Nearly Duplicate,0.664249982473355,0.8609136621347963,1.0000000000000004,1.0000000000000002,1.0,1.0,1.0,0.6584309197916636
PAIR-1767,SYN-0373,SYN-0476,1,0.9429,4,Nearly Duplicate,0.6934387657045337,0.7646765118384168,1.0000000000000004,0.9999999999999998,0.02655764372180957,1.0,1.0,0.01622784826089571
PAIR-1785,SYN-0058,SYN-0472,1,0.9429,4,Nearly Duplicate,0.785450465358794,0.8704558735037112,1.0000000000000016,1.0,0.019224050344583375,1.0,1.0,0.1883095710199688
PAIR-1791,SYN-0218,SYN-0374,1,0.9394,4,Nearly Duplicate,0.6736049384273456,1.0000000000000002,0.9999999999999999,1.0,0.02390512074852718,1.0,1.0,0.02968944511173996
PAIR-1795,SYN-0261,SYN-0442,1,0.9429,4,Nearly Duplicate,0.6850769876074717,0.7877707684579094,1.0000000000000002,1.0,0.0444595271076699,1.0,1.0,0.0
PAIR-1811,SYN-0540,SYN-0592,1,0.9429,4,Nearly Duplicate,0.754372181469433,0.8808383181682562,1.0000000000000016,1.0,0.08578634339055208,1.0,1.0,0.0
PAIR-1823,SYN-0177,SYN-0332,1,0.9167,4,Nearly Duplicate,0.5773743586932603,0.8334349618465849,1.0000000000000004,1.0000000000000002,0.015562708906446683,1.0000000000000002,1.0,0.021950256041213926
PAIR-1834,SYN-0279,SYN-0590,1,0.9429,4,Nearly Duplicate,0.6804740042346639,0.7845168378829929,1.0000000000000002,0.9999999999999981,0.0444595271076699,1.0,1.0,0.29856181174611696
PAIR-1835,SYN-0386,SYN-0411,1,0.9412,4,Nearly Duplicate,0.49884537461767575,0.8155014231680093,1.0,1.0000000000000002,0.03179744592877114,1.0,1.0,0.02291075697266481
PAIR-1838,SYN-0155,SYN-0295,1,0.7436,4,Nearly Duplicate,0.0754627907382433,0.5235813272518856,0.5540044485679793,0.5406054542206151,0.06268000853599372,1.0,0.0,0.02057481448225616
PAIR-1862,SYN-0389,SYN-0492,1,0.9429,4,Nearly Duplicate,0.6393574047618249,0.7747092131108005,0.9999999999999998,1.0000000000000002,0.023892081866768083,1.0000000000000002,1.0,0.041991165423474364
PAIR-1867,SYN-0184,SYN-0287,1,0.9429,4,Nearly Duplicate,0.6831768972110467,0.8117299741604144,1.0000000000000002,1.0,0.0030491727376322384,1.0,1.0,0.0
PAIR-1880,SYN-0104,SYN-0414,1,0.9429,4,Nearly Duplicate,0.6336619092734485,0.9433378205751409,0.9999999999999998,1.0000000000000002,0.019224050344583375,1.0000000000000002,1.0,0.017530120156733595
PAIR-1890,SYN-0121,SYN-0199,1,0.9394,4,Nearly Duplicate,0.5147403099817863,0.7293749260563286,1.0,1.0,0.07191136188695764,1.0,1.0,0.0
PAIR-1899,SYN-0229,SYN-0255,1,0.9167,4,Nearly Duplicate,0.718875474466795,0.850981632466451,1.0000000000000016,1.0,0.9999999999999987,1.0,1.0,0.01622784826089571
PAIR-1905,SYN-0205,SYN-0231,1,0.9143,4,Nearly Duplicate,0.6183639830923725,0.847509126961619,0.9999999999999998,1.0000000000000002,0.0029950390026826923,1.0,1.0,0.024188902129880382
PAIR-1920,SYN-0370,SYN-0551,1,0.9412,4,Nearly Duplicate,0.658427940798408,0.7448759220211113,0.9999999999999984,1.0000000000000004,0.03179744592877114,1.0,1.0,0.02820408159804729
PAIR-1928,SYN-0112,SYN-0345,1,0.9429,4,Nearly Duplicate,0.7281422292119168,0.9729720137378982,1.0000000000000007,0.9999999999999993,0.06268000853599372,1.0,1.0,0.0
PAIR-1930,SYN-0138,SYN-0397,1,0.9429,4,Nearly Duplicate,0.7512085593113951,0.8461593038061883,1.0000000000000007,0.9999999999999993,0.042053812304518705,1.0,1.0,0.016958878934339897
PAIR-1933,SYN-0187,SYN-0264,1,0.9231,4,Nearly Duplicate,0.7948439396930386,0.9760880019528053,0.9999999999999994,1.0,0.046501162710801125,1.0,1.0,1.0
PAIR-1942,SYN-0362,SYN-0580,1,0.7838,4,Nearly Duplicate,0.06303816683043174,0.5371868448931847,0.5540044485679793,0.5406054542206151,0.039181891032583294,1.0,0.0,0.0
PAIR-1950,SYN-0135,SYN-0316,1,0.9474,4,Nearly Duplicate,0.8371734237134733,0.8855276704335662,0.9999999999999994,1.0,0.11073703106740922,1.0,1.0,0.025609473794955734
PAIR-1958,SYN-0157,SYN-0364,1,0.9394,4,Nearly Duplicate,0.6042969335509467,0.726822411610695,0.9999999999999999,0.9999999999999998,0.015562708906446683,1.0,1.0,0.028962210532623975
PAIR-1973,SYN-0264,SYN-0394,1,0.9474,4,Nearly Duplicate,0.7017439612123002,0.8797568298559835,0.9999999999999994,1.0,0.02390512074852718,1.0,1.0,0.02284878883365555
PAIR-1988,SYN-0220,SYN-0401,1,0.9143,4,Nearly Duplicate,0.6280915905796423,0.8240322154116422,1.0000000000000004,1.0000000000000002,0.03708340816645848,1.0,1.0,0.020154420298496907
PAIR-1995,SYN-0438,SYN-0516,1,0.9412,4,Nearly Duplicate,0.6436964257363946,0.8314467972447923,0.9999999999999998,1.0000000000000002,0.08578634339055208,1.0,1.0,0.024159678645707627
PAIR-2002,SYN-0273,SYN-0454,1,0.9429,4,Nearly Duplicate,0.7622229115792517,0.8332638966243516,1.0000000000000007,0.9999999999999993,0.03179744592877114,1.0,1.0,0.29856181174611696
PAIR-2003,SYN-0082,SYN-0393,1,0.9706,4,Nearly Duplicate,0.592358898776988,0.8039372256516707,1.0000000000000002,1.0000000000000004,0.06268000853599372,1.0,1.0,0.015183508755212656
PAIR-2004,SYN-0083,SYN-0161,1,0.9474,4,Nearly Duplicate,0.8410158827826079,0.8922186467642012,0.9999999999999994,1.0,0.9999999999999989,1.0,1.0,0.0
PAIR-2031,SYN-0369,SYN-0498,1,0.9167,4,Nearly Duplicate,0.735847226149,0.8129406837209112,1.0000000000000016,1.0,0.03708340816645848,1.0,1.0,0.0
PAIR-2041,SYN-0098,SYN-0305,1,0.9429,4,Nearly Duplicate,0.6241704488786167,0.8363967007459878,1.0000000000000002,0.9999999999999981,0.015562708906446683,1.0,1.0,0.0179934482769695
PAIR-2043,SYN-0295,SYN-0450,1,0.9167,4,Nearly Duplicate,0.6352140533096876,0.7474497237928653,1.0000000000000004,0.9999999999999998,0.08287688990740738,1.0,1.0,0.30328049279748737
PAIR-2061,SYN-0392,SYN-0443,1,0.9429,4,Nearly Duplicate,0.6903895527868453,0.7838114965891066,1.0000000000000002,1.0,0.05903918098534239,1.0,1.0,0.6584309197916636
PAIR-2070,SYN-0024,SYN-0128,1,0.9412,4,Nearly Duplicate,0.6581663315880546,0.8702778577450294,0.9999999999999998,1.0000000000000002,1.0000000000000002,1.0,1.0,0.44926535322823086
PAIR-2075,SYN-0339,SYN-0546,1,0.9167,4,Nearly Duplicate,0.6378646613392895,0.763777891341161,1.0000000000000002,1.0,0.023892081866768083,1.0,1.0,0.01622784826089571
PAIR-2078,SYN-0093,SYN-0429,1,0.9375,4,Nearly Duplicate,0.6310885538081031,0.7784217362664652,1.0000000000000022,1.0000000000000002,0.014864848687586085,1.0,1.0,0.0336144559401412
PAIR-2089,SYN-0353,SYN-0404,1,0.9167,4,Nearly Duplicate,0.664866733468964,0.8279576189594291,1.0,0.9999999999999998,0.0444595271076699,1.0000000000000002,1.0,0.027440039945625008
PAIR-2095,SYN-0381,SYN-0458,1,0.9167,4,Nearly Duplicate,0.6872545649288917,0.9530353537588753,1.0000000000000002,1.0000000000000002,0.05903918098534239,1.0000000000000002,1.0,0.07635162400096726
PAIR-2098,SYN-0313,SYN-0494,1,0.9429,4,Nearly Duplicate,0.6665284743922244,0.7407238636578933,1.0000000000000002,1.0,0.03708340816645848,1.0,1.0,0.019750041312171514
PAIR-2105,SYN-0226,SYN-0433,1,0.9412,4,Nearly Duplicate,0.6010253781117274,0.7875386314516015,0.9999999999999998,1.0000000000000002,0.03179744592877114,1.0000000000000002,1.0,0.02322591610196474
PAIR-2135,SYN-0194,SYN-0271,1,0.9412,4,Nearly Duplicate,0.6322565226881766,0.9716856426990826,1.0,1.0000000000000013,0.06827013080437296,1.0000000000000002,1.0,0.04631158407334182
PAIR-2159,SYN-0324,SYN-0557,1,0.9412,4,Nearly Duplicate,0.6813173224060233,0.9577377748867338,1.0000000000000004,1.0000000000000002,0.08287688990740738,1.0,1.0,0.023129804867103716
PAIR-2168,SYN-0176,SYN-0564,1,0.9167,4,Nearly Duplicate,0.6207012576148752,0.773488106429514,1.0000000000000002,0.9999999999999981,0.03992883593314474,1.0,1.0,0.02726076139371382
PAIR-2171,SYN-0139,SYN-0423,1,0.9429,4,Nearly Duplicate,0.7185929757863562,0.7940765169313762,0.9999999999999997,1.0000000000000002,0.02503632546002444,1.0,1.0,0.02284878883365555
PAIR-2177,SYN-0054,SYN-0572,1,0.9429,4,Nearly Duplicate,0.671783915423263,0.8155505868059276,1.0000000000000002,1.0,0.049443921584745434,1.0,1.0,0.0
PAIR-2187,SYN-0294,SYN-0449,1,0.9429,4,Nearly Duplicate,0.7254264016226363,0.7539066989628415,0.9999999999999997,1.0000000000000002,0.08287688990740738,1.0,1.0,0.03497808560968547
PAIR-2190,SYN-0043,SYN-0431,1,0.9394,4,Nearly Duplicate,0.5167372264736902,0.6643246089014576,1.0,1.0,0.049443921584745434,1.0,1.0,0.03497808560968547
PAIR-2202,SYN-0220,SYN-0453,1,0.9143,4,Nearly Duplicate,0.6280915905796423,0.9563983977532506,1.0000000000000004,1.0000000000000002,0.02655764372180957,1.0,1.0,0.02174242090845897
PAIR-2205,SYN-0507,SYN-0585,1,1.0,4,Nearly Duplicate,1.0,0.8321422503948345,1.0000000000000022,1.0000000000000002,0.060635219401191216,1.0,1.0,0.01923129468731988
PAIR-2220,SYN-0150,SYN-0434,1,0.9429,4,Nearly Duplicate,0.6617800748282822,0.8105045635100891,1.0000000000000002,0.9999999999999981,0.02503632546002444,1.0,1.0,0.0
PAIR-2221,SYN-0242,SYN-0475,1,0.9429,4,Nearly Duplicate,0.7060309824261717,0.9481442545567229,0.9999999999999997,1.0000000000000002,0.0444595271076699,1.0,1.0,1.0000000000000002
PAIR-2226,SYN-0010,SYN-0062,1,0.9429,4,Nearly Duplicate,0.6845768104471781,0.8236033862554129,1.0000000000000004,0.9999999999999998,0.9999999999999989,1.0,1.0,0.029397104641649064
PAIR-2227,SYN-0072,SYN-0408,1,0.9429,4,Nearly Duplicate,0.6863018637726392,0.8178428020198026,1.0000000000000002,0.9999999999999981,0.028472967256605038,1.0,1.0,0.6750587166765522
PAIR-2231,SYN-0017,SYN-0173,1,1.0,4,Nearly Duplicate,1.0000000000000002,1.0,1.0,1.0,1.0,1.0,1.0,0.0
PAIR-2241,SYN-0007,SYN-0318,1,0.9412,4,Nearly Duplicate,0.6527355777780507,0.7499329503297528,0.9999999999999984,1.0000000000000004,0.04581509736903244,1.0,1.0,0.026846898342445417
PAIR-2265,SYN-0149,SYN-0356,1,0.9143,4,Nearly Duplicate,0.5577433200121303,0.8120895097624733,0.9999999999999998,1.0000000000000002,0.0030491727376322384,1.0000000000000002,1.0,0.0
PAIR-2268,SYN-0115,SYN-0218,1,0.9394,4,Nearly Duplicate,0.6311540735937703,0.8568910466682623,0.9999999999999999,1.0,0.06827013080437296,1.0,1.0,0.03857693722241696
PAIR-2275,SYN-0019,SYN-0097,1,1.0,4,Nearly Duplicate,1.0,0.7572557013252974,0.9999999999999998,1.0000000000000002,1.0000000000000002,1.0000000000000002,1.0,0.028087370201234824
PAIR-2285,SYN-0152,SYN-0281,1,0.9706,4,Nearly Duplicate,0.5967061099876242,0.8451195032110024,1.0000000000000016,1.0,0.06268000853599372,1.0,1.0,0.01988627655647779
PAIR-2315,SYN-0121,SYN-0224,1,0.9394,4,Nearly Duplicate,0.5599176049696015,0.7332017947372244,1.0,1.0,0.046501162710801125,1.0,1.0,0.036177268971577074
PAIR-2317,SYN-0284,SYN-0491,1,0.9143,4,Nearly Duplicate,0.5708542046075051,0.7365093220468197,1.000000000000002,0.9999999999999998,0.039181891032583294,1.0,1.0,0.02764828167290212
PAIR-2332,SYN-0150,SYN-0357,1,0.9706,4,Nearly Duplicate,0.5452924655696058,0.8293383112022134,1.0000000000000002,0.9999999999999981,0.04581509736903244,1.0,1.0,0.0
PAIR-2348,SYN-0530,SYN-0582,1,1.0,4,Nearly Duplicate,1.0000000000000002,0.8223035292987873,1.0,1.0000000000000013,0.9999999999999999,1.0000000000000002,1.0,0.013640323743566354
PAIR-2355,SYN-0451,SYN-0477,1,0.9394,4,Nearly Duplicate,0.681044696941517,0.867139582478976,0.9999999999999999,1.0,0.9999999999999999,1.0,1.0,0.019611441047045947
PAIR-2390,SYN-0313,SYN-0391,1,0.9167,4,Nearly Duplicate,0.62059442556373,0.7990213696516371,1.0000000000000002,1.0,0.02086270648700225,1.0,1.0,0.024159678645707627
PAIR-2406,SYN-0373,SYN-0554,1,0.9429,4,Nearly Duplicate,0.6779837982985539,0.7416734075769048,1.0000000000000004,0.9999999999999998,0.03708340816645848,1.0,1.0,0.018555918925305972
PAIR-2407,SYN-0232,SYN-0295,1,0.7436,4,Nearly Duplicate,0.07525140775145697,0.5599789232059582,0.5540044485679793,0.5406054542206151,1.0000000000000002,1.0,0.0,0.016823617064636226
PAIR-2413,SYN-0260,SYN-0545,1,0.9118,4,Nearly Duplicate,0.6302569208447402,0.7605145974916933,0.9999999999999999,0.9999999999999998,0.0444595271076699,1.0,1.0,0.0
PAIR-2414,SYN-0234,SYN-0545,1,0.9394,4,Nearly Duplicate,0.6747219766804475,0.6872756378162831,0.9999999999999999,0.9999999999999998,0.06001087285043441,1.0,1.0,0.0
PAIR-2422,SYN-0088,SYN-0413,1,0.7632,4,Nearly Duplicate,0.07174592249941958,0.4867053335842314,0.5540044485679793,0.5406054542206151,0.03905908140646072,1.0,0.0,0.014815370709584514
PAIR-2431,SYN-0394,SYN-0419,1,0.9474,4,Nearly Duplicate,0.7061495756212571,0.8189443878580324,0.9999999999999994,1.0,0.023892081866768083,1.0,1.0,0.03573773250830846
PAIR-2440,SYN-0035,SYN-0242,1,0.9429,4,Nearly Duplicate,0.7085691428750006,0.8343547214957574,0.9999999999999997,1.0000000000000002,0.06268000853599372,1.0,1.0,0.020209081047817185
PAIR-2453,SYN-0036,SYN-0347,1,0.9429,4,Nearly Duplicate,0.6883005915137049,0.8648369141545627,1.0000000000000004,0.9999999999999998,0.0030491727376322384,1.0,1.0,0.32469294845640106
PAIR-2454,SYN-0223,SYN-0301,1,0.9706,4,Nearly Duplicate,0.6030654306999174,0.8145817810523868,1.0,0.9999999999999998,1.0000000000000002,1.0000000000000002,1.0,0.037015988051066345
PAIR-2474,SYN-0189,SYN-0577,1,0.9412,4,Nearly Duplicate,0.6133218773253197,0.8193595255943842,0.9999999999999984,1.0000000000000004,0.049443921584745434,1.0,1.0,0.03857693722241696
PAIR-2482,SYN-0329,SYN-0406,1,0.9167,4,Nearly Duplicate,0.710566194104536,0.947438287064571,1.0000000000000002,1.0000000000000002,0.0444595271076699,1.0000000000000002,1.0,0.02665464178516917
PAIR-2491,SYN-0558,SYN-0584,1,0.9167,4,Nearly Duplicate,0.7022896510673374,0.8558061180007128,1.0000000000000007,0.9999999999999993,1.0000000000000004,1.0,1.0,0.013476869677009763
PAIR-2496,SYN-0148,SYN-0562,1,0.9429,4,Nearly Duplicate,0.7208077278905624,0.8093839902670513,1.0000000000000002,1.0000000000000002,0.03905908140646072,1.0000000000000002,1.0,0.10895598826170594
PAIR-2502,SYN-0129,SYN-0543,1,0.9412,4,Nearly Duplicate,0.5453435855739129,0.7669753027187804,1.000000000000002,0.9999999999999998,0.0690597706857835,1.0,1.0,0.0
PAIR-2510,SYN-0020,SYN-0512,1,0.9429,4,Nearly Duplicate,0.6826857029704231,0.7853560680754259,1.0000000000000002,0.9999999999999981,0.0531946842739727,1.0,1.0,0.024254099660720375
PAIR-2522,SYN-0143,SYN-0195,1,0.9412,4,Nearly Duplicate,0.6157310309021553,0.9005314837347367,1.0000000000000004,1.0000000000000002,0.0640695419242022,1.0,1.0,0.020068023254021204
PAIR-2559,SYN-0133,SYN-0159,1,0.9429,4,Nearly Duplicate,0.6659137727096405,0.834676940654335,1.0000000000000002,1.0,0.040157584397110896,1.0,1.0,0.03411335723846008
PAIR-2573,SYN-0104,SYN-0207,1,0.9167,4,Nearly Duplicate,0.5901758839194413,0.7644781269932386,0.9999999999999998,1.0000000000000002,0.013112892679882186,1.0000000000000002,1.0,0.013440642456099295
PAIR-2593,SYN-0070,SYN-0225,1,0.9429,4,Nearly Duplicate,0.7233969970787991,0.8045404413302188,1.0000000000000002,1.0000000000000002,0.046501162710801125,1.0000000000000002,1.0,0.02059970172410225
PAIR-2597,SYN-0088,SYN-0491,1,0.7632,4,Nearly Duplicate,0.07512261769557627,0.4666414883325831,0.5540044485679793,0.5406054542206151,0.0531946842739727,1.0,0.0,0.023172683650114097
PAIR-2601,SYN-0296,SYN-0529,1,0.9394,4,Nearly Duplicate,0.6517958616047436,0.9464032311442483,0.9999999999999999,1.0,0.0444595271076699,1.0,1.0,1.0000000000000002
PAIR-2619,SYN-0084,SYN-0265,1,0.9429,4,Nearly Duplicate,0.7946494416411052,0.8645892294755693,1.0000000000000016,1.0,0.06827013080437296,1.0,1.0,0.035789003310186876
PAIR-2647,SYN-0356,SYN-0382,1,0.9412,4,Nearly Duplicate,0.4307912597094303,0.8532150165210778,0.9999999999999998,1.0000000000000002,0.02086270648700225,1.0000000000000002,1.0,0.022651724911938377
PAIR-2666,SYN-0376,SYN-0427,1,0.9143,4,Nearly Duplicate,0.6280915905796423,0.8423593826436191,1.0000000000000004,1.0000000000000002,0.05903918098534239,1.0,1.0,0.20900625264959635
PAIR-2674,SYN-0238,SYN-0575,1,0.9474,4,Nearly Duplicate,0.8182591963668241,0.8189443878580324,0.9999999999999994,1.0,0.0444595271076699,1.0,1.0,0.03573773250830846
PAIR-2683,SYN-0347,SYN-0476,1,0.9429,4,Nearly Duplicate,0.6934387657045337,0.8162919453215909,1.0000000000000004,0.9999999999999998,0.039181891032583294,1.0,1.0,0.32469294845640106
PAIR-2695,SYN-0088,SYN-0476,1,0.9429,4,Nearly Duplicate,0.6255517868208613,0.7637904388122844,1.0000000000000004,0.9999999999999998,0.0531946842739727,1.0,1.0,0.10895598826170594
PAIR-2707,SYN-0166,SYN-0517,1,0.7632,4,Nearly Duplicate,0.08295733887005399,0.5307376044048613,0.5540044485679793,0.5406054542206151,0.02503632546002444,1.0,0.0,0.023118519368989027
PAIR-2719,SYN-0287,SYN-0442,1,0.9429,4,Nearly Duplicate,0.6850769876074717,0.8421404643658436,1.0000000000000002,1.0,0.06001087285043441,1.0,1.0,0.0
PAIR-2724,SYN-0078,SYN-0233,1,0.9429,4,Nearly Duplicate,0.6624330585636182,0.8506998473139354,0.9999999999999998,1.0000000000000002,0.013112892679882186,1.0000000000000002,1.0,0.0
PAIR-2731,SYN-0074,SYN-0410,1,0.9429,4,Nearly Duplicate,0.7238826897750383,0.7914812636066532,1.0000000000000016,1.0,0.019224050344583375,1.0,1.0,0.015124399477681159
PAIR-2743,SYN-0201,SYN-0512,1,0.9429,4,Nearly Duplicate,0.6732403322700253,0.7845238541032601,1.0000000000000002,0.9999999999999981,0.02655764372180957,1.0,1.0,0.0
PAIR-2755,SYN-0341,SYN-0444,1,0.9429,4,Nearly Duplicate,0.5909348908774221,0.8144886308055587,1.0000000000000002,1.0000000000000004,0.03708340816645848,1.0,1.0,0.02959240064886849
PAIR-2761,SYN-0548,SYN-0600,1,0.9429,4,Nearly Duplicate,0.7419939066502028,0.8401252760687175,1.0000000000000002,1.0000000000000004,0.060635219401191216,1.0,1.0,0.027568465466162876
PAIR-2773,SYN-0002,SYN-0235,1,0.9429,4,Nearly Duplicate,0.5984180682447237,0.9669103126881932,1.0000000000000002,1.0,0.04581509736903244,1.0,1.0,0.04631158407334182
PAIR-2823,SYN-0451,SYN-0529,1,0.9394,4,Nearly Duplicate,0.662957493998307,0.8901624334537855,0.9999999999999999,1.0,0.060635219401191216,1.0,1.0,0.017200597411476875
PAIR-2825,SYN-0077,SYN-0450,1,0.7632,4,Nearly Duplicate,0.08173543881225187,0.4982239712787998,0.5540044485679793,0.5406054542206151,0.0531946842739727,1.0,0.0,0.016412815599009017
PAIR-2828,SYN-0051,SYN-0554,1,0.7632,4,Nearly Duplicate,0.07339906416303973,0.5147490096828188,0.5540044485679793,0.5406054542206151,0.019224050344583375,1.0,0.0,0.025609473794955734
PAIR-2856,SYN-0161,SYN-0368,1,0.9474,4,Nearly Duplicate,0.8395368083407126,0.8852460807168433,0.9999999999999994,1.0,0.04581509736903244,1.0,1.0,0.0
PAIR-2857,SYN-0020,SYN-0590,1,0.9429,4,Nearly Duplicate,0.6863018637726392,0.7637793126673341,1.0000000000000002,0.9999999999999981,0.028472967256605038,1.0,1.0,0.0
PAIR-2860,SYN-0110,SYN-0576,1,0.9429,4,Nearly Duplicate,0.7826761119256671,0.9620453226990161,1.0000000000000016,1.0,0.028472967256605038,1.0,1.0,0.03022674924257162
PAIR-2880,SYN-0023,SYN-0437,1,0.9412,4,Nearly Duplicate,0.6864192951476942,0.8004473036756822,1.0,1.0000000000000002,0.03905908140646072,1.0,1.0,0.016479869092091183
PAIR-2883,SYN-0252,SYN-0485,1,0.9143,4,Nearly Duplicate,0.5486417271396208,0.9392515837732396,0.9999999999999998,1.0000000000000002,0.08287688990740738,1.0000000000000002,1.0,0.0
PAIR-2889,SYN-0040,SYN-0351,1,0.9429,4,Nearly Duplicate,0.7754712993937632,0.8285283576856639,1.0000000000000007,0.9999999999999993,0.06827013080437296,1.0,1.0,0.10895598826170594
PAIR-2923,SYN-0131,SYN-0519,1,0.9394,4,Nearly Duplicate,0.6115184119925643,0.7518823373024504,0.9999999999999999,0.9999999999999998,0.0690597706857835,1.0,1.0,0.0
PAIR-2931,SYN-0364,SYN-0493,1,0.9394,4,Nearly Duplicate,0.6747219766804475,0.778628463111139,0.9999999999999999,0.9999999999999998,0.039181891032583294,1.0,1.0,0.02433537162065943
PAIR-2949,SYN-0121,SYN-0587,1,0.9394,4,Nearly Duplicate,0.5647036853891632,0.93796933117427,1.0,1.0,0.03992883593314474,1.0,1.0,0.041991165423474364
PAIR-2951,SYN-0129,SYN-0243,1,0.7436,4,Nearly Duplicate,0.06852074546533221,0.5407199510893709,0.5540044485679793,0.5406054542206151,0.046501162710801125,1.0,0.0,0.030263311439488134
PAIR-2964,SYN-0381,SYN-0432,1,0.9429,4,Nearly Duplicate,0.7297825505670001,0.7704668326547193,1.0000000000000002,1.0000000000000002,0.05903918098534239,1.0000000000000002,1.0,0.023172683650114097
PAIR-2971,SYN-0110,SYN-0291,1,0.9706,4,Nearly Duplicate,0.8008767666839055,0.8493654099605208,1.0000000000000016,1.0,0.06827013080437296,1.0,1.0,0.030263311439488134
PAIR-2988,SYN-0219,SYN-0323,1,1.0,4,Nearly Duplicate,1.0000000000000002,0.8924919658896802,1.0,1.0000000000000013,0.0029950390026826923,1.0000000000000002,1.0,0.0
